<?xml version="1.0" encoding="UTF-8"?>
<sbml xmlns="http://www.sbml.org/sbml/level2/version4" xmlns:celldesigner="http://www.sbml.org/2001/ns/celldesigner" level="2" version="4">
<model metaid="untitled" id="untitled">
<annotation>
<celldesigner:extension>
<celldesigner:modelVersion>4.0</celldesigner:modelVersion>
<celldesigner:modelDisplay sizeX="1200" sizeY="800"/>
<celldesigner:listOfIncludedSpecies>
<celldesigner:species id="s11" name="GDP-Rho">
<celldesigner:notes>
<html xmlns="http://www.w3.org/1999/xhtml">
<head>
<title/>
</head>
<body/>
</html>
</celldesigner:notes>
<celldesigner:annotation>
<celldesigner:complexSpecies>s10</celldesigner:complexSpecies>
<celldesigner:speciesIdentity>
<celldesigner:class>PROTEIN</celldesigner:class>
<celldesigner:proteinReference>pr3</celldesigner:proteinReference>
</celldesigner:speciesIdentity>
</celldesigner:annotation>
</celldesigner:species>
<celldesigner:species id="s12" name="GDI">
<celldesigner:notes>
<html xmlns="http://www.w3.org/1999/xhtml">
<head>
<title/>
</head>
<body/>
</html>
</celldesigner:notes>
<celldesigner:annotation>
<celldesigner:complexSpecies>s10</celldesigner:complexSpecies>
<celldesigner:speciesIdentity>
<celldesigner:class>PROTEIN</celldesigner:class>
<celldesigner:proteinReference>pr5</celldesigner:proteinReference>
</celldesigner:speciesIdentity>
</celldesigner:annotation>
</celldesigner:species>
<celldesigner:species id="s14" name="GTP-Rho">
<celldesigner:notes>
<html xmlns="http://www.w3.org/1999/xhtml">
<head>
<title/>
</head>
<body/>
</html>
</celldesigner:notes>
<celldesigner:annotation>
<celldesigner:complexSpecies>s13</celldesigner:complexSpecies>
<celldesigner:speciesIdentity>
<celldesigner:class>PROTEIN</celldesigner:class>
<celldesigner:proteinReference>pr4</celldesigner:proteinReference>
</celldesigner:speciesIdentity>
</celldesigner:annotation>
</celldesigner:species>
<celldesigner:species id="s15" name="GDI">
<celldesigner:notes>
<html xmlns="http://www.w3.org/1999/xhtml">
<head>
<title/>
</head>
<body/>
</html>
</celldesigner:notes>
<celldesigner:annotation>
<celldesigner:complexSpecies>s13</celldesigner:complexSpecies>
<celldesigner:speciesIdentity>
<celldesigner:class>PROTEIN</celldesigner:class>
<celldesigner:proteinReference>pr5</celldesigner:proteinReference>
</celldesigner:speciesIdentity>
</celldesigner:annotation>
</celldesigner:species>
<celldesigner:species id="s17" name="GTP-Rho">
<celldesigner:notes>
<html xmlns="http://www.w3.org/1999/xhtml">
<head>
<title/>
</head>
<body/>
</html>
</celldesigner:notes>
<celldesigner:annotation>
<celldesigner:complexSpecies>s16</celldesigner:complexSpecies>
<celldesigner:speciesIdentity>
<celldesigner:class>PROTEIN</celldesigner:class>
<celldesigner:proteinReference>pr4</celldesigner:proteinReference>
</celldesigner:speciesIdentity>
</celldesigner:annotation>
</celldesigner:species>
<celldesigner:species id="s18" name="Effector">
<celldesigner:notes>
<html xmlns="http://www.w3.org/1999/xhtml">
<head>
<title/>
</head>
<body/>
</html>
</celldesigner:notes>
<celldesigner:annotation>
<celldesigner:complexSpecies>s16</celldesigner:complexSpecies>
<celldesigner:speciesIdentity>
<celldesigner:class>PROTEIN</celldesigner:class>
<celldesigner:proteinReference>pr7</celldesigner:proteinReference>
</celldesigner:speciesIdentity>
</celldesigner:annotation>
</celldesigner:species>
</celldesigner:listOfIncludedSpecies>
<celldesigner:listOfCompartmentAliases/>
<celldesigner:listOfComplexSpeciesAliases>
<celldesigner:complexSpeciesAlias id="csa1" species="s10">
<celldesigner:activity>inactive</celldesigner:activity>
<celldesigner:bounds x="383.0" y="434.0" w="93.0" h="93.0"/>
<celldesigner:font size="12"/>
<celldesigner:view state="complexnoborder"/>
<celldesigner:backupSize w="0.0" h="0.0"/>
<celldesigner:backupView state="none"/>
<celldesigner:usualView>
<celldesigner:innerPosition x="0.0" y="0.0"/>
<celldesigner:boxSize width="93.0" height="93.0"/>
<celldesigner:singleLine width="2.0"/>
<celldesigner:paint color="fff7f7f7" scheme="Color"/>
</celldesigner:usualView>
<celldesigner:briefView>
<celldesigner:innerPosition x="0.0" y="0.0"/>
<celldesigner:boxSize width="80.0" height="60.0"/>
<celldesigner:singleLine width="2.0"/>
<celldesigner:paint color="fff7f7f7" scheme="Color"/>
</celldesigner:briefView>
<celldesigner:info state="empty" angle="-1.5707963267948966"/>
</celldesigner:complexSpeciesAlias>
<celldesigner:complexSpeciesAlias id="csa2" species="s13">
<celldesigner:activity>inactive</celldesigner:activity>
<celldesigner:bounds x="584.0" y="241.0" w="90.0" h="90.0"/>
<celldesigner:font size="12"/>
<celldesigner:view state="complexnoborder"/>
<celldesigner:backupSize w="0.0" h="0.0"/>
<celldesigner:backupView state="none"/>
<celldesigner:usualView>
<celldesigner:innerPosition x="0.0" y="0.0"/>
<celldesigner:boxSize width="90.0" height="90.0"/>
<celldesigner:singleLine width="2.0"/>
<celldesigner:paint color="fff7f7f7" scheme="Color"/>
</celldesigner:usualView>
<celldesigner:briefView>
<celldesigner:innerPosition x="0.0" y="0.0"/>
<celldesigner:boxSize width="80.0" height="60.0"/>
<celldesigner:singleLine width="2.0"/>
<celldesigner:paint color="fff7f7f7" scheme="Color"/>
</celldesigner:briefView>
<celldesigner:info state="empty" angle="-1.5707963267948966"/>
</celldesigner:complexSpeciesAlias>
<celldesigner:complexSpeciesAlias id="csa3" species="s16">
<celldesigner:activity>inactive</celldesigner:activity>
<celldesigner:bounds x="780.0" y="434.0" w="89.0" h="88.0"/>
<celldesigner:font size="12"/>
<celldesigner:view state="complexnoborder"/>
<celldesigner:backupSize w="0.0" h="0.0"/>
<celldesigner:backupView state="none"/>
<celldesigner:usualView>
<celldesigner:innerPosition x="0.0" y="0.0"/>
<celldesigner:boxSize width="89.0" height="88.0"/>
<celldesigner:singleLine width="2.0"/>
<celldesigner:paint color="fff7f7f7" scheme="Color"/>
</celldesigner:usualView>
<celldesigner:briefView>
<celldesigner:innerPosition x="0.0" y="0.0"/>
<celldesigner:boxSize width="80.0" height="60.0"/>
<celldesigner:singleLine width="2.0"/>
<celldesigner:paint color="fff7f7f7" scheme="Color"/>
</celldesigner:briefView>
<celldesigner:info state="empty" angle="-1.5707963267948966"/>
</celldesigner:complexSpeciesAlias>
</celldesigner:listOfComplexSpeciesAliases>
<celldesigner:listOfSpeciesAliases>
<celldesigner:speciesAlias id="sa1" species="s1">
<celldesigner:activity>inactive</celldesigner:activity>
<celldesigner:bounds x="366.0" y="111.0" w="70.0" h="25.0"/>
<celldesigner:font size="15"/>
<celldesigner:view state="usual"/>
<celldesigner:usualView>
<celldesigner:innerPosition x="0.0" y="0.0"/>
<celldesigner:boxSize width="70.0" height="25.0"/>
<celldesigner:singleLine width="1.0"/>
<celldesigner:paint color="ffccccff" scheme="Color"/>
</celldesigner:usualView>
<celldesigner:briefView>
<celldesigner:innerPosition x="0.0" y="0.0"/>
<celldesigner:boxSize width="80.0" height="60.0"/>
<celldesigner:singleLine width="1.0"/>
<celldesigner:paint color="3fff0000" scheme="Color"/>
</celldesigner:briefView>
<celldesigner:info state="empty" angle="-1.5707963267948966"/>
</celldesigner:speciesAlias>
<celldesigner:speciesAlias id="sa2" species="s2">
<celldesigner:activity>inactive</celldesigner:activity>
<celldesigner:bounds x="263.0" y="109.0" w="30.0" h="30.0"/>
<celldesigner:font size="14"/>
<celldesigner:view state="usual"/>
<celldesigner:usualView>
<celldesigner:innerPosition x="0.0" y="0.0"/>
<celldesigner:boxSize width="30.0" height="30.0"/>
<celldesigner:singleLine width="1.0"/>
<celldesigner:paint color="ffffcccc" scheme="Color"/>
</celldesigner:usualView>
<celldesigner:briefView>
<celldesigner:innerPosition x="0.0" y="0.0"/>
<celldesigner:boxSize width="80.0" height="60.0"/>
<celldesigner:singleLine width="1.0"/>
<celldesigner:paint color="3fff0000" scheme="Color"/>
</celldesigner:briefView>
<celldesigner:info state="empty" angle="-1.5707963267948966"/>
</celldesigner:speciesAlias>
<celldesigner:speciesAlias id="sa3" species="s3">
<celldesigner:activity>inactive</celldesigner:activity>
<celldesigner:bounds x="487.1666666666667" y="60.0" w="80.0" h="40.0"/>
<celldesigner:font size="15"/>
<celldesigner:view state="usual"/>
<celldesigner:usualView>
<celldesigner:innerPosition x="0.0" y="0.0"/>
<celldesigner:boxSize width="80.0" height="40.0"/>
<celldesigner:singleLine width="1.0"/>
<celldesigner:paint color="ffffff00" scheme="Color"/>
</celldesigner:usualView>
<celldesigner:briefView>
<celldesigner:innerPosition x="0.0" y="0.0"/>
<celldesigner:boxSize width="80.0" height="60.0"/>
<celldesigner:singleLine width="1.0"/>
<celldesigner:paint color="3fff0000" scheme="Color"/>
</celldesigner:briefView>
<celldesigner:info state="empty" angle="-1.5707963267948966"/>
</celldesigner:speciesAlias>
<celldesigner:speciesAlias id="sa4" species="s4">
<celldesigner:activity>inactive</celldesigner:activity>
<celldesigner:bounds x="487.1666666666667" y="147.0" w="80.0" h="40.0"/>
<celldesigner:font size="15"/>
<celldesigner:view state="usual"/>
<celldesigner:usualView>
<celldesigner:innerPosition x="0.0" y="0.0"/>
<celldesigner:boxSize width="80.0" height="40.0"/>
<celldesigner:singleLine width="1.0"/>
<celldesigner:paint color="ffffff00" scheme="Color"/>
</celldesigner:usualView>
<celldesigner:briefView>
<celldesigner:innerPosition x="0.0" y="0.0"/>
<celldesigner:boxSize width="80.0" height="60.0"/>
<celldesigner:singleLine width="1.0"/>
<celldesigner:paint color="3fff0000" scheme="Color"/>
</celldesigner:briefView>
<celldesigner:info state="empty" angle="-1.5707963267948966"/>
</celldesigner:speciesAlias>
<celldesigner:speciesAlias id="sa5" species="s5">
<celldesigner:activity>inactive</celldesigner:activity>
<celldesigner:bounds x="293.0" y="364.0" w="80.0" h="40.0"/>
<celldesigner:font size="15"/>
<celldesigner:view state="usual"/>
<celldesigner:usualView>
<celldesigner:innerPosition x="0.0" y="0.0"/>
<celldesigner:boxSize width="80.0" height="40.0"/>
<celldesigner:singleLine width="1.0"/>
<celldesigner:paint color="ff66ff00" scheme="Color"/>
</celldesigner:usualView>
<celldesigner:briefView>
<celldesigner:innerPosition x="0.0" y="0.0"/>
<celldesigner:boxSize width="80.0" height="60.0"/>
<celldesigner:singleLine width="1.0"/>
<celldesigner:paint color="3fff0000" scheme="Color"/>
</celldesigner:briefView>
<celldesigner:info state="empty" angle="-1.5707963267948966"/>
</celldesigner:speciesAlias>
<celldesigner:speciesAlias id="sa6" species="s6">
<celldesigner:activity>inactive</celldesigner:activity>
<celldesigner:bounds x="682.1666666666666" y="364.0" w="80.0" h="40.0"/>
<celldesigner:font size="15"/>
<celldesigner:view state="usual"/>
<celldesigner:usualView>
<celldesigner:innerPosition x="0.0" y="0.0"/>
<celldesigner:boxSize width="80.0" height="40.0"/>
<celldesigner:singleLine width="1.0"/>
<celldesigner:paint color="ffffcccc" scheme="Color"/>
</celldesigner:usualView>
<celldesigner:briefView>
<celldesigner:innerPosition x="0.0" y="0.0"/>
<celldesigner:boxSize width="80.0" height="60.0"/>
<celldesigner:singleLine width="1.0"/>
<celldesigner:paint color="3fff0000" scheme="Color"/>
</celldesigner:briefView>
<celldesigner:info state="empty" angle="-1.5707963267948966"/>
</celldesigner:speciesAlias>
<celldesigner:speciesAlias id="sa7" species="s7">
<celldesigner:activity>inactive</celldesigner:activity>
<celldesigner:bounds x="487.1666666666667" y="364.0" w="80.0" h="40.0"/>
<celldesigner:font size="15"/>
<celldesigner:view state="usual"/>
<celldesigner:usualView>
<celldesigner:innerPosition x="0.0" y="0.0"/>
<celldesigner:boxSize width="80.0" height="40.0"/>
<celldesigner:singleLine width="1.0"/>
<celldesigner:paint color="ff00ffff" scheme="Color"/>
</celldesigner:usualView>
<celldesigner:briefView>
<celldesigner:innerPosition x="0.0" y="0.0"/>
<celldesigner:boxSize width="80.0" height="60.0"/>
<celldesigner:singleLine width="1.0"/>
<celldesigner:paint color="3fff0000" scheme="Color"/>
</celldesigner:briefView>
<celldesigner:info state="empty" angle="-1.5707963267948966"/>
</celldesigner:speciesAlias>
<celldesigner:speciesAlias id="sa8" species="s8">
<celldesigner:activity>inactive</celldesigner:activity>
<celldesigner:bounds x="488.1666666666667" y="578.0" w="80.0" h="40.0"/>
<celldesigner:font size="15"/>
<celldesigner:view state="usual"/>
<celldesigner:usualView>
<celldesigner:innerPosition x="0.0" y="0.0"/>
<celldesigner:boxSize width="80.0" height="40.0"/>
<celldesigner:singleLine width="1.0"/>
<celldesigner:paint color="ffff9900" scheme="Color"/>
</celldesigner:usualView>
<celldesigner:briefView>
<celldesigner:innerPosition x="0.0" y="0.0"/>
<celldesigner:boxSize width="80.0" height="60.0"/>
<celldesigner:singleLine width="1.0"/>
<celldesigner:paint color="3fff0000" scheme="Color"/>
</celldesigner:briefView>
<celldesigner:info state="empty" angle="-1.5707963267948966"/>
</celldesigner:speciesAlias>
<celldesigner:speciesAlias id="sa9" species="s9">
<celldesigner:activity>inactive</celldesigner:activity>
<celldesigner:bounds x="877.0" y="364.0" w="80.0" h="40.0"/>
<celldesigner:font size="15"/>
<celldesigner:view state="usual"/>
<celldesigner:usualView>
<celldesigner:innerPosition x="0.0" y="0.0"/>
<celldesigner:boxSize width="80.0" height="40.0"/>
<celldesigner:singleLine width="1.0"/>
<celldesigner:paint color="ffff66ff" scheme="Color"/>
</celldesigner:usualView>
<celldesigner:briefView>
<celldesigner:innerPosition x="0.0" y="0.0"/>
<celldesigner:boxSize width="80.0" height="60.0"/>
<celldesigner:singleLine width="1.0"/>
<celldesigner:paint color="3fff0000" scheme="Color"/>
</celldesigner:briefView>
<celldesigner:info state="empty" angle="-1.5707963267948966"/>
</celldesigner:speciesAlias>
<celldesigner:speciesAlias id="sa10" species="s11" complexSpeciesAlias="csa1">
<celldesigner:activity>inactive</celldesigner:activity>
<celldesigner:bounds x="389.0" y="441.0" w="80.0" h="40.0"/>
<celldesigner:font size="15"/>
<celldesigner:view state="usual"/>
<celldesigner:usualView>
<celldesigner:innerPosition x="6.0" y="7.0"/>
<celldesigner:boxSize width="80.0" height="40.0"/>
<celldesigner:singleLine width="1.0"/>
<celldesigner:paint color="ff66ff00" scheme="Color"/>
</celldesigner:usualView>
<celldesigner:briefView>
<celldesigner:innerPosition x="0.0" y="0.0"/>
<celldesigner:boxSize width="80.0" height="60.0"/>
<celldesigner:singleLine width="1.0"/>
<celldesigner:paint color="3fff0000" scheme="Color"/>
</celldesigner:briefView>
<celldesigner:info state="empty" angle="-1.5707963267948966"/>
</celldesigner:speciesAlias>
<celldesigner:speciesAlias id="sa11" species="s12" complexSpeciesAlias="csa1">
<celldesigner:activity>inactive</celldesigner:activity>
<celldesigner:bounds x="389.0" y="481.0" w="80.0" h="40.0"/>
<celldesigner:font size="15"/>
<celldesigner:view state="usual"/>
<celldesigner:usualView>
<celldesigner:innerPosition x="6.0" y="47.0"/>
<celldesigner:boxSize width="80.0" height="40.0"/>
<celldesigner:singleLine width="1.0"/>
<celldesigner:paint color="ff00ffff" scheme="Color"/>
</celldesigner:usualView>
<celldesigner:briefView>
<celldesigner:innerPosition x="0.0" y="0.0"/>
<celldesigner:boxSize width="80.0" height="60.0"/>
<celldesigner:singleLine width="1.0"/>
<celldesigner:paint color="3fff0000" scheme="Color"/>
</celldesigner:briefView>
<celldesigner:info state="empty" angle="-1.5707963267948966"/>
</celldesigner:speciesAlias>
<celldesigner:speciesAlias id="sa12" species="s14" complexSpeciesAlias="csa2">
<celldesigner:activity>inactive</celldesigner:activity>
<celldesigner:bounds x="589.0" y="245.0" w="80.0" h="40.0"/>
<celldesigner:font size="15"/>
<celldesigner:view state="usual"/>
<celldesigner:usualView>
<celldesigner:innerPosition x="5.0" y="4.0"/>
<celldesigner:boxSize width="80.0" height="40.0"/>
<celldesigner:singleLine width="1.0"/>
<celldesigner:paint color="ffffcccc" scheme="Color"/>
</celldesigner:usualView>
<celldesigner:briefView>
<celldesigner:innerPosition x="0.0" y="0.0"/>
<celldesigner:boxSize width="80.0" height="60.0"/>
<celldesigner:singleLine width="1.0"/>
<celldesigner:paint color="3fff0000" scheme="Color"/>
</celldesigner:briefView>
<celldesigner:info state="empty" angle="-1.5707963267948966"/>
</celldesigner:speciesAlias>
<celldesigner:speciesAlias id="sa13" species="s15" complexSpeciesAlias="csa2">
<celldesigner:activity>inactive</celldesigner:activity>
<celldesigner:bounds x="589.0" y="285.0" w="80.0" h="40.0"/>
<celldesigner:font size="15"/>
<celldesigner:view state="usual"/>
<celldesigner:usualView>
<celldesigner:innerPosition x="5.0" y="44.0"/>
<celldesigner:boxSize width="80.0" height="40.0"/>
<celldesigner:singleLine width="1.0"/>
<celldesigner:paint color="ff00ffff" scheme="Color"/>
</celldesigner:usualView>
<celldesigner:briefView>
<celldesigner:innerPosition x="0.0" y="0.0"/>
<celldesigner:boxSize width="80.0" height="60.0"/>
<celldesigner:singleLine width="1.0"/>
<celldesigner:paint color="3fff0000" scheme="Color"/>
</celldesigner:briefView>
<celldesigner:info state="empty" angle="-1.5707963267948966"/>
</celldesigner:speciesAlias>
<celldesigner:speciesAlias id="sa14" species="s17" complexSpeciesAlias="csa3">
<celldesigner:activity>inactive</celldesigner:activity>
<celldesigner:bounds x="784.0" y="438.0" w="80.0" h="40.0"/>
<celldesigner:font size="15"/>
<celldesigner:view state="usual"/>
<celldesigner:usualView>
<celldesigner:innerPosition x="4.0" y="4.0"/>
<celldesigner:boxSize width="80.0" height="40.0"/>
<celldesigner:singleLine width="1.0"/>
<celldesigner:paint color="ffffcccc" scheme="Color"/>
</celldesigner:usualView>
<celldesigner:briefView>
<celldesigner:innerPosition x="0.0" y="0.0"/>
<celldesigner:boxSize width="80.0" height="60.0"/>
<celldesigner:singleLine width="1.0"/>
<celldesigner:paint color="3fff0000" scheme="Color"/>
</celldesigner:briefView>
<celldesigner:info state="empty" angle="-1.5707963267948966"/>
</celldesigner:speciesAlias>
<celldesigner:speciesAlias id="sa15" species="s18" complexSpeciesAlias="csa3">
<celldesigner:activity>inactive</celldesigner:activity>
<celldesigner:bounds x="784.0" y="478.0" w="80.0" h="40.0"/>
<celldesigner:font size="15"/>
<celldesigner:view state="usual"/>
<celldesigner:usualView>
<celldesigner:innerPosition x="4.0" y="44.0"/>
<celldesigner:boxSize width="80.0" height="40.0"/>
<celldesigner:singleLine width="1.0"/>
<celldesigner:paint color="ffff66ff" scheme="Color"/>
</celldesigner:usualView>
<celldesigner:briefView>
<celldesigner:innerPosition x="0.0" y="0.0"/>
<celldesigner:boxSize width="80.0" height="60.0"/>
<celldesigner:singleLine width="1.0"/>
<celldesigner:paint color="3fff0000" scheme="Color"/>
</celldesigner:briefView>
<celldesigner:info state="empty" angle="-1.5707963267948966"/>
</celldesigner:speciesAlias>
</celldesigner:listOfSpeciesAliases>
<celldesigner:listOfGroups/>
<celldesigner:listOfProteins>
<celldesigner:protein id="pr1" name="GEF" type="GENERIC"/>
<celldesigner:protein id="pr2" name="Active GEF" type="GENERIC"/>
<celldesigner:protein id="pr3" name="GDP-Rho" type="GENERIC"/>
<celldesigner:protein id="pr4" name="GTP-Rho" type="GENERIC"/>
<celldesigner:protein id="pr5" name="GDI" type="GENERIC"/>
<celldesigner:protein id="pr6" name="GAP" type="GENERIC"/>
<celldesigner:protein id="pr7" name="Effector" type="GENERIC"/>
</celldesigner:listOfProteins>
<celldesigner:listOfGenes/>
<celldesigner:listOfRNAs/>
<celldesigner:listOfAntisenseRNAs/>
<celldesigner:listOfLayers/>
<celldesigner:listOfBlockDiagrams/>
</celldesigner:extension>
</annotation>
<listOfUnitDefinitions>
<unitDefinition metaid="substance" id="substance" name="substance">
<listOfUnits>
<unit metaid="CDMT00003" kind="mole"/>
</listOfUnits>
</unitDefinition>
<unitDefinition metaid="volume" id="volume" name="volume">
<listOfUnits>
<unit metaid="CDMT00004" kind="litre"/>
</listOfUnits>
</unitDefinition>
<unitDefinition metaid="area" id="area" name="area">
<listOfUnits>
<unit metaid="CDMT00005" kind="metre" exponent="2"/>
</listOfUnits>
</unitDefinition>
<unitDefinition metaid="length" id="length" name="length">
<listOfUnits>
<unit metaid="CDMT00028" kind="metre"/>
</listOfUnits>
</unitDefinition>
<unitDefinition metaid="time" id="time" name="time">
<listOfUnits>
<unit metaid="CDMT00029" kind="second"/>
</listOfUnits>
</unitDefinition>
</listOfUnitDefinitions>
<listOfCompartments>
<compartment metaid="default" id="default" size="1" units="volume"/>
</listOfCompartments>
<listOfSpecies>
<species metaid="s1" id="s1" name="Activator" compartment="default" initialAmount="1" hasOnlySubstanceUnits="true" charge="0">
<annotation>
<celldesigner:extension>
<celldesigner:positionToCompartment>inside</celldesigner:positionToCompartment>
<celldesigner:speciesIdentity>
<celldesigner:class>UNKNOWN</celldesigner:class>
<celldesigner:name>Activator</celldesigner:name>
</celldesigner:speciesIdentity>
<celldesigner:listOfCatalyzedReactions>
<celldesigner:catalyzed reaction="re1"/>
</celldesigner:listOfCatalyzedReactions>
</celldesigner:extension>
</annotation>
</species>
<species metaid="s2" id="s2" name="Degrade" compartment="default" initialAmount="0">
<annotation>
<celldesigner:extension>
<celldesigner:positionToCompartment>inside</celldesigner:positionToCompartment>
<celldesigner:speciesIdentity>
<celldesigner:class>DEGRADED</celldesigner:class>
<celldesigner:name>Degrade</celldesigner:name>
</celldesigner:speciesIdentity>
</celldesigner:extension>
</annotation>
</species>
<species metaid="s3" id="s3" name="GEF" compartment="default" initialAmount="0.31" hasOnlySubstanceUnits="true" charge="0">
<annotation>
<celldesigner:extension>
<celldesigner:positionToCompartment>inside</celldesigner:positionToCompartment>
<celldesigner:speciesIdentity>
<celldesigner:class>PROTEIN</celldesigner:class>
<celldesigner:proteinReference>pr1</celldesigner:proteinReference>
</celldesigner:speciesIdentity>
</celldesigner:extension>
</annotation>
</species>
<species metaid="s4" id="s4" name="Active GEF" compartment="default" initialAmount="0" charge="0">
<annotation>
<celldesigner:extension>
<celldesigner:positionToCompartment>inside</celldesigner:positionToCompartment>
<celldesigner:speciesIdentity>
<celldesigner:class>PROTEIN</celldesigner:class>
<celldesigner:proteinReference>pr2</celldesigner:proteinReference>
</celldesigner:speciesIdentity>
<celldesigner:listOfCatalyzedReactions>
<celldesigner:catalyzed reaction="re4"/>
</celldesigner:listOfCatalyzedReactions>
</celldesigner:extension>
</annotation>
</species>
<species metaid="s5" id="s5" name="GDP-Rho" compartment="default" initialAmount="0" charge="0">
<annotation>
<celldesigner:extension>
<celldesigner:positionToCompartment>inside</celldesigner:positionToCompartment>
<celldesigner:speciesIdentity>
<celldesigner:class>PROTEIN</celldesigner:class>
<celldesigner:proteinReference>pr3</celldesigner:proteinReference>
</celldesigner:speciesIdentity>
</celldesigner:extension>
</annotation>
</species>
<species metaid="s6" id="s6" name="GTP-Rho" compartment="default" initialAmount="0" charge="0">
<annotation>
<celldesigner:extension>
<celldesigner:positionToCompartment>inside</celldesigner:positionToCompartment>
<celldesigner:speciesIdentity>
<celldesigner:class>PROTEIN</celldesigner:class>
<celldesigner:proteinReference>pr4</celldesigner:proteinReference>
</celldesigner:speciesIdentity>
</celldesigner:extension>
</annotation>
</species>
<species metaid="s7" id="s7" name="GDI" compartment="default" initialAmount="0.7" hasOnlySubstanceUnits="true" charge="0">
<annotation>
<celldesigner:extension>
<celldesigner:positionToCompartment>inside</celldesigner:positionToCompartment>
<celldesigner:speciesIdentity>
<celldesigner:class>PROTEIN</celldesigner:class>
<celldesigner:proteinReference>pr5</celldesigner:proteinReference>
</celldesigner:speciesIdentity>
<celldesigner:listOfCatalyzedReactions>
<celldesigner:catalyzed reaction="re4"/>
<celldesigner:catalyzed reaction="re5"/>
</celldesigner:listOfCatalyzedReactions>
</celldesigner:extension>
</annotation>
</species>
<species metaid="s8" id="s8" name="GAP" compartment="default" initialAmount="0.1" hasOnlySubstanceUnits="true" charge="0">
<annotation>
<celldesigner:extension>
<celldesigner:positionToCompartment>inside</celldesigner:positionToCompartment>
<celldesigner:speciesIdentity>
<celldesigner:class>PROTEIN</celldesigner:class>
<celldesigner:proteinReference>pr6</celldesigner:proteinReference>
</celldesigner:speciesIdentity>
<celldesigner:listOfCatalyzedReactions>
<celldesigner:catalyzed reaction="re5"/>
</celldesigner:listOfCatalyzedReactions>
</celldesigner:extension>
</annotation>
</species>
<species metaid="s9" id="s9" name="Effector" compartment="default" initialAmount="1" hasOnlySubstanceUnits="true" charge="0">
<annotation>
<celldesigner:extension>
<celldesigner:positionToCompartment>inside</celldesigner:positionToCompartment>
<celldesigner:speciesIdentity>
<celldesigner:class>PROTEIN</celldesigner:class>
<celldesigner:proteinReference>pr7</celldesigner:proteinReference>
</celldesigner:speciesIdentity>
</celldesigner:extension>
</annotation>
</species>
<species metaid="s10" id="s10" name="GDI·GDP-Rho" compartment="default" initialAmount="1.3" hasOnlySubstanceUnits="true" charge="0">
<annotation>
<celldesigner:extension>
<celldesigner:positionToCompartment>inside</celldesigner:positionToCompartment>
<celldesigner:speciesIdentity>
<celldesigner:class>COMPLEX</celldesigner:class>
<celldesigner:name>GDI·GDP-Rho</celldesigner:name>
</celldesigner:speciesIdentity>
</celldesigner:extension>
</annotation>
</species>
<species metaid="s13" id="s13" name="GDI·GTP-Rho" compartment="default" initialAmount="0">
<annotation>
<celldesigner:extension>
<celldesigner:positionToCompartment>inside</celldesigner:positionToCompartment>
<celldesigner:speciesIdentity>
<celldesigner:class>COMPLEX</celldesigner:class>
<celldesigner:name>GDI·GTP-Rho</celldesigner:name>
</celldesigner:speciesIdentity>
</celldesigner:extension>
</annotation>
</species>
<species metaid="s16" id="s16" name="Effector·GTP-Rho" compartment="default" initialAmount="0">
<annotation>
<celldesigner:extension>
<celldesigner:positionToCompartment>inside</celldesigner:positionToCompartment>
<celldesigner:speciesIdentity>
<celldesigner:class>COMPLEX</celldesigner:class>
<celldesigner:name>Effector·GTP-Rho</celldesigner:name>
</celldesigner:speciesIdentity>
</celldesigner:extension>
</annotation>
</species>
</listOfSpecies>
<listOfReactions>
<reaction metaid="re1" id="re1" reversible="false" fast="false">
<annotation>
<celldesigner:extension>
<celldesigner:reactionType>STATE_TRANSITION</celldesigner:reactionType>
<celldesigner:baseReactants>
<celldesigner:baseReactant species="s3" alias="sa3">
<celldesigner:linkAnchor position="SSW"/>
</celldesigner:baseReactant>
</celldesigner:baseReactants>
<celldesigner:baseProducts>
<celldesigner:baseProduct species="s4" alias="sa4">
<celldesigner:linkAnchor position="NNW"/>
</celldesigner:baseProduct>
</celldesigner:baseProducts>
<celldesigner:connectScheme connectPolicy="direct" rectangleIndex="0">
<celldesigner:listOfLineDirection>
<celldesigner:lineDirection index="0" value="unknown"/>
</celldesigner:listOfLineDirection>
</celldesigner:connectScheme>
<celldesigner:line width="1.0" color="ff000000"/>
<celldesigner:listOfModification>
<celldesigner:modification type="UNKNOWN_CATALYSIS" modifiers="s1" aliases="sa1" targetLineIndex="-1,3">
<celldesigner:connectScheme connectPolicy="direct">
<celldesigner:listOfLineDirection>
<celldesigner:lineDirection index="0" value="unknown"/>
</celldesigner:listOfLineDirection>
</celldesigner:connectScheme>
<celldesigner:linkTarget species="s1" alias="sa1">
<celldesigner:linkAnchor position="E"/>
</celldesigner:linkTarget>
<celldesigner:line width="1.0" color="ff000000"/>
</celldesigner:modification>
</celldesigner:listOfModification>
</celldesigner:extension>
</annotation>
<listOfReactants>
<speciesReference metaid="CDMT00006" species="s3">
<annotation>
<celldesigner:extension>
<celldesigner:alias>sa3</celldesigner:alias>
</celldesigner:extension>
</annotation>
</speciesReference>
</listOfReactants>
<listOfProducts>
<speciesReference metaid="CDMT00007" species="s4">
<annotation>
<celldesigner:extension>
<celldesigner:alias>sa4</celldesigner:alias>
</celldesigner:extension>
</annotation>
</speciesReference>
</listOfProducts>
<listOfModifiers>
<modifierSpeciesReference metaid="CDMT00008" species="s1">
<annotation>
<celldesigner:extension>
<celldesigner:alias>sa1</celldesigner:alias>
</celldesigner:extension>
</annotation>
</modifierSpeciesReference>
</listOfModifiers>
<kineticLaw metaid="CDMT00030">
<math xmlns="http://www.w3.org/1998/Math/MathML">
<apply>
<times/>
<ci> s1 </ci>
<ci> s3 </ci>
<ci> k1 </ci>
</apply>
</math>
<listOfParameters>
<parameter metaid="k1" id="k1" name="k1" value="1" units="substance"/>
</listOfParameters>
</kineticLaw>
</reaction>
<reaction metaid="re2" id="re2" reversible="false" fast="false">
<annotation>
<celldesigner:extension>
<celldesigner:reactionType>STATE_TRANSITION</celldesigner:reactionType>
<celldesigner:baseReactants>
<celldesigner:baseReactant species="s4" alias="sa4">
<celldesigner:linkAnchor position="NNE"/>
</celldesigner:baseReactant>
</celldesigner:baseReactants>
<celldesigner:baseProducts>
<celldesigner:baseProduct species="s3" alias="sa3">
<celldesigner:linkAnchor position="SSE"/>
</celldesigner:baseProduct>
</celldesigner:baseProducts>
<celldesigner:connectScheme connectPolicy="direct" rectangleIndex="0">
<celldesigner:listOfLineDirection>
<celldesigner:lineDirection index="0" value="unknown"/>
</celldesigner:listOfLineDirection>
</celldesigner:connectScheme>
<celldesigner:line width="1.0" color="ff000000"/>
</celldesigner:extension>
</annotation>
<listOfReactants>
<speciesReference metaid="CDMT00009" species="s4">
<annotation>
<celldesigner:extension>
<celldesigner:alias>sa4</celldesigner:alias>
</celldesigner:extension>
</annotation>
</speciesReference>
</listOfReactants>
<listOfProducts>
<speciesReference metaid="CDMT00010" species="s3">
<annotation>
<celldesigner:extension>
<celldesigner:alias>sa3</celldesigner:alias>
</celldesigner:extension>
</annotation>
</speciesReference>
</listOfProducts>
<kineticLaw metaid="CDMT00031">
<math xmlns="http://www.w3.org/1998/Math/MathML">
<apply>
<times/>
<ci> s4 </ci>
<ci> k2 </ci>
</apply>
</math>
<listOfParameters>
<parameter metaid="k2" id="k2" name="k2" value="0.1" units="substance"/>
</listOfParameters>
</kineticLaw>
</reaction>
<reaction metaid="re3" id="re3" reversible="false" fast="false">
<annotation>
<celldesigner:extension>
<celldesigner:reactionType>STATE_TRANSITION</celldesigner:reactionType>
<celldesigner:baseReactants>
<celldesigner:baseReactant species="s1" alias="sa1">
<celldesigner:linkAnchor position="W"/>
</celldesigner:baseReactant>
</celldesigner:baseReactants>
<celldesigner:baseProducts>
<celldesigner:baseProduct species="s2" alias="sa2">
<celldesigner:linkAnchor position="E"/>
</celldesigner:baseProduct>
</celldesigner:baseProducts>
<celldesigner:connectScheme connectPolicy="direct" rectangleIndex="0">
<celldesigner:listOfLineDirection>
<celldesigner:lineDirection index="0" value="unknown"/>
</celldesigner:listOfLineDirection>
</celldesigner:connectScheme>
<celldesigner:line width="1.0" color="ff000000"/>
</celldesigner:extension>
</annotation>
<listOfReactants>
<speciesReference metaid="CDMT00011" species="s1">
<annotation>
<celldesigner:extension>
<celldesigner:alias>sa1</celldesigner:alias>
</celldesigner:extension>
</annotation>
</speciesReference>
</listOfReactants>
<listOfProducts>
<speciesReference metaid="CDMT00012" species="s2">
<annotation>
<celldesigner:extension>
<celldesigner:alias>sa2</celldesigner:alias>
</celldesigner:extension>
</annotation>
</speciesReference>
</listOfProducts>
<kineticLaw metaid="CDMT00032">
<math xmlns="http://www.w3.org/1998/Math/MathML">
<apply>
<times/>
<ci> s1 </ci>
<ci> k3 </ci>
</apply>
</math>
<listOfParameters>
<parameter metaid="k3" id="k3" name="k3" value="0.5" units="substance"/>
</listOfParameters>
</kineticLaw>
</reaction>
<reaction metaid="re4" id="re4" reversible="false" fast="false">
<annotation>
<celldesigner:extension>
<celldesigner:reactionType>STATE_TRANSITION</celldesigner:reactionType>
<celldesigner:baseReactants>
<celldesigner:baseReactant species="s5" alias="sa5">
<celldesigner:linkAnchor position="N"/>
</celldesigner:baseReactant>
</celldesigner:baseReactants>
<celldesigner:baseProducts>
<celldesigner:baseProduct species="s6" alias="sa6">
<celldesigner:linkAnchor position="N"/>
</celldesigner:baseProduct>
</celldesigner:baseProducts>
<celldesigner:connectScheme connectPolicy="direct" rectangleIndex="1">
<celldesigner:listOfLineDirection>
<celldesigner:lineDirection index="0" value="unknown"/>
<celldesigner:lineDirection index="1" value="unknown"/>
<celldesigner:lineDirection index="2" value="unknown"/>
</celldesigner:listOfLineDirection>
</celldesigner:connectScheme>
<celldesigner:editPoints>-0.0025695931477516254,-0.34689507494646654 0.9995717344753748,-0.3468950749464661</celldesigner:editPoints>
<celldesigner:line width="1.0" color="ff000000"/>
<celldesigner:listOfModification>
<celldesigner:modification type="CATALYSIS" modifiers="s4" aliases="sa4" targetLineIndex="-1,2">
<celldesigner:connectScheme connectPolicy="direct">
<celldesigner:listOfLineDirection>
<celldesigner:lineDirection index="0" value="unknown"/>
</celldesigner:listOfLineDirection>
</celldesigner:connectScheme>
<celldesigner:linkTarget species="s4" alias="sa4">
<celldesigner:linkAnchor position="S"/>
</celldesigner:linkTarget>
<celldesigner:line width="1.0" color="ff000000"/>
</celldesigner:modification>
<celldesigner:modification type="INHIBITION" modifiers="s7" aliases="sa7" targetLineIndex="-1,3">
<celldesigner:connectScheme connectPolicy="direct">
<celldesigner:listOfLineDirection>
<celldesigner:lineDirection index="0" value="unknown"/>
</celldesigner:listOfLineDirection>
</celldesigner:connectScheme>
<celldesigner:linkTarget species="s7" alias="sa7">
<celldesigner:linkAnchor position="N"/>
</celldesigner:linkTarget>
<celldesigner:line width="3.0" color="ffff3333"/>
</celldesigner:modification>
</celldesigner:listOfModification>
</celldesigner:extension>
</annotation>
<listOfReactants>
<speciesReference metaid="CDMT00013" species="s5">
<annotation>
<celldesigner:extension>
<celldesigner:alias>sa5</celldesigner:alias>
</celldesigner:extension>
</annotation>
</speciesReference>
</listOfReactants>
<listOfProducts>
<speciesReference metaid="CDMT00014" species="s6">
<annotation>
<celldesigner:extension>
<celldesigner:alias>sa6</celldesigner:alias>
</celldesigner:extension>
</annotation>
</speciesReference>
</listOfProducts>
<listOfModifiers>
<modifierSpeciesReference metaid="CDMT00015" species="s4">
<annotation>
<celldesigner:extension>
<celldesigner:alias>sa4</celldesigner:alias>
</celldesigner:extension>
</annotation>
</modifierSpeciesReference>
<modifierSpeciesReference metaid="CDMT00001" species="s7">
<annotation>
<celldesigner:extension>
<celldesigner:alias>sa7</celldesigner:alias>
</celldesigner:extension>
</annotation>
</modifierSpeciesReference>
</listOfModifiers>
<kineticLaw metaid="CDMT00033">
<math xmlns="http://www.w3.org/1998/Math/MathML">
<apply>
<divide/>
<apply>
<times/>
<ci> kcatGEF </ci>
<ci> s5 </ci>
<ci> s4 </ci>
</apply>
<apply>
<plus/>
<apply>
<times/>
<ci> KmGEFRho </ci>
<apply>
<plus/>
<cn type="integer"> 1 </cn>
<apply>
<divide/>
<ci> s7 </ci>
<ci> KmGEFGDI </ci>
</apply>
</apply>
</apply>
<apply>
<times/>
<ci> s5 </ci>
<apply>
<plus/>
<cn type="integer"> 1 </cn>
<apply>
<divide/>
<ci> s7 </ci>
<ci> KmGEFGDI </ci>
</apply>
</apply>
</apply>
</apply>
</apply>
</math>
<listOfParameters>
<parameter metaid="kcatGEF" id="kcatGEF" name="kcatGEF" value="5.64" units="substance"/>
<parameter metaid="KmGEFRho" id="KmGEFRho" name="KmGEFRho" value="24.5" units="substance"/>
<parameter metaid="KmGEFGDI" id="KmGEFGDI" name="KmGEFGDI" value="1" units="substance"/>
</listOfParameters>
</kineticLaw>
</reaction>
<reaction metaid="re5" id="re5" reversible="false" fast="false">
<annotation>
<celldesigner:extension>
<celldesigner:reactionType>STATE_TRANSITION</celldesigner:reactionType>
<celldesigner:baseReactants>
<celldesigner:baseReactant species="s6" alias="sa6">
<celldesigner:linkAnchor position="S"/>
</celldesigner:baseReactant>
</celldesigner:baseReactants>
<celldesigner:baseProducts>
<celldesigner:baseProduct species="s5" alias="sa5">
<celldesigner:linkAnchor position="S"/>
</celldesigner:baseProduct>
</celldesigner:baseProducts>
<celldesigner:connectScheme connectPolicy="direct" rectangleIndex="1">
<celldesigner:listOfLineDirection>
<celldesigner:lineDirection index="0" value="unknown"/>
<celldesigner:lineDirection index="1" value="unknown"/>
<celldesigner:lineDirection index="2" value="unknown"/>
</celldesigner:listOfLineDirection>
</celldesigner:connectScheme>
<celldesigner:editPoints>4.2826552462504885E-4,-0.3494646680942186 0.9999999999999999,-0.3494646680942186</celldesigner:editPoints>
<celldesigner:line width="1.0" color="ff000000"/>
<celldesigner:listOfModification>
<celldesigner:modification type="CATALYSIS" modifiers="s8" aliases="sa8" targetLineIndex="-1,2">
<celldesigner:connectScheme connectPolicy="direct">
<celldesigner:listOfLineDirection>
<celldesigner:lineDirection index="0" value="unknown"/>
</celldesigner:listOfLineDirection>
</celldesigner:connectScheme>
<celldesigner:linkTarget species="s8" alias="sa8">
<celldesigner:linkAnchor position="N"/>
</celldesigner:linkTarget>
<celldesigner:line width="1.0" color="ff000000"/>
</celldesigner:modification>
<celldesigner:modification type="INHIBITION" modifiers="s7" aliases="sa7" targetLineIndex="-1,3">
<celldesigner:connectScheme connectPolicy="direct">
<celldesigner:listOfLineDirection>
<celldesigner:lineDirection index="0" value="unknown"/>
</celldesigner:listOfLineDirection>
</celldesigner:connectScheme>
<celldesigner:linkTarget species="s7" alias="sa7">
<celldesigner:linkAnchor position="S"/>
</celldesigner:linkTarget>
<celldesigner:line width="3.0" color="ffff3333"/>
</celldesigner:modification>
</celldesigner:listOfModification>
</celldesigner:extension>
</annotation>
<listOfReactants>
<speciesReference metaid="CDMT00016" species="s6">
<annotation>
<celldesigner:extension>
<celldesigner:alias>sa6</celldesigner:alias>
</celldesigner:extension>
</annotation>
</speciesReference>
</listOfReactants>
<listOfProducts>
<speciesReference metaid="CDMT00017" species="s5">
<annotation>
<celldesigner:extension>
<celldesigner:alias>sa5</celldesigner:alias>
</celldesigner:extension>
</annotation>
</speciesReference>
</listOfProducts>
<listOfModifiers>
<modifierSpeciesReference metaid="CDMT00018" species="s8">
<annotation>
<celldesigner:extension>
<celldesigner:alias>sa8</celldesigner:alias>
</celldesigner:extension>
</annotation>
</modifierSpeciesReference>
<modifierSpeciesReference metaid="CDMT00002" species="s7">
<annotation>
<celldesigner:extension>
<celldesigner:alias>sa7</celldesigner:alias>
</celldesigner:extension>
</annotation>
</modifierSpeciesReference>
</listOfModifiers>
<kineticLaw metaid="CDMT00034">
<math xmlns="http://www.w3.org/1998/Math/MathML">
<apply>
<divide/>
<apply>
<times/>
<ci> kcatGAP </ci>
<ci> s6 </ci>
<ci> s8 </ci>
</apply>
<apply>
<plus/>
<apply>
<times/>
<ci> KmGAPRho </ci>
<apply>
<plus/>
<cn type="integer"> 1 </cn>
<apply>
<divide/>
<ci> s7 </ci>
<ci> KmGAPGDI </ci>
</apply>
</apply>
</apply>
<apply>
<times/>
<ci> s6 </ci>
<apply>
<plus/>
<cn type="integer"> 1 </cn>
<apply>
<divide/>
<ci> s7 </ci>
<ci> KmGAPGDI </ci>
</apply>
</apply>
</apply>
</apply>
</apply>
</math>
<listOfParameters>
<parameter metaid="kcatGAP" id="kcatGAP" name="kcatGAP" value="95.9" units="substance"/>
<parameter metaid="KmGAPRho" id="KmGAPRho" name="KmGAPRho" value="4.48" units="substance"/>
<parameter metaid="KmGAPGDI" id="KmGAPGDI" name="KmGAPGDI" value="0.1" units="substance"/>
</listOfParameters>
</kineticLaw>
</reaction>
<reaction metaid="re6" id="re6" fast="false">
<annotation>
<celldesigner:extension>
<celldesigner:reactionType>HETERODIMER_ASSOCIATION</celldesigner:reactionType>
<celldesigner:baseReactants>
<celldesigner:baseReactant species="s5" alias="sa5">
<celldesigner:linkAnchor position="E"/>
</celldesigner:baseReactant>
<celldesigner:baseReactant species="s7" alias="sa7">
<celldesigner:linkAnchor position="W"/>
</celldesigner:baseReactant>
</celldesigner:baseReactants>
<celldesigner:baseProducts>
<celldesigner:baseProduct species="s10" alias="csa1">
<celldesigner:linkAnchor position="N"/>
</celldesigner:baseProduct>
</celldesigner:baseProducts>
<celldesigner:connectScheme connectPolicy="direct">
<celldesigner:listOfLineDirection>
<celldesigner:lineDirection arm="0" index="0" value="unknown"/>
<celldesigner:lineDirection arm="1" index="0" value="unknown"/>
<celldesigner:lineDirection arm="2" index="0" value="unknown"/>
</celldesigner:listOfLineDirection>
</celldesigner:connectScheme>
<celldesigner:editPoints num0="0" num1="0" num2="0" tShapeIndex="0">0.48669527896995757,0.01036269430051684</celldesigner:editPoints>
<celldesigner:line width="1.0" color="ff000000"/>
</celldesigner:extension>
</annotation>
<listOfReactants>
<speciesReference metaid="CDMT00019" species="s5">
<annotation>
<celldesigner:extension>
<celldesigner:alias>sa5</celldesigner:alias>
</celldesigner:extension>
</annotation>
</speciesReference>
<speciesReference metaid="CDMT00020" species="s7">
<annotation>
<celldesigner:extension>
<celldesigner:alias>sa7</celldesigner:alias>
</celldesigner:extension>
</annotation>
</speciesReference>
</listOfReactants>
<listOfProducts>
<speciesReference metaid="CDMT00021" species="s10">
<annotation>
<celldesigner:extension>
<celldesigner:alias>csa1</celldesigner:alias>
</celldesigner:extension>
</annotation>
</speciesReference>
</listOfProducts>
<kineticLaw metaid="CDMT00035">
<math xmlns="http://www.w3.org/1998/Math/MathML">
<apply>
<minus/>
<apply>
<times/>
<ci> k4 </ci>
<ci> s5 </ci>
<ci> s7 </ci>
</apply>
<apply>
<times/>
<ci> k5 </ci>
<ci> s10 </ci>
</apply>
</apply>
</math>
<listOfParameters>
<parameter metaid="k4" id="k4" name="k4" value="0.5" units="substance"/>
<parameter metaid="k5" id="k5" name="k5" value="0.05" units="substance"/>
</listOfParameters>
</kineticLaw>
</reaction>
<reaction metaid="re7" id="re7" fast="false">
<annotation>
<celldesigner:extension>
<celldesigner:reactionType>HETERODIMER_ASSOCIATION</celldesigner:reactionType>
<celldesigner:baseReactants>
<celldesigner:baseReactant species="s7" alias="sa7">
<celldesigner:linkAnchor position="E"/>
</celldesigner:baseReactant>
<celldesigner:baseReactant species="s6" alias="sa6">
<celldesigner:linkAnchor position="W"/>
</celldesigner:baseReactant>
</celldesigner:baseReactants>
<celldesigner:baseProducts>
<celldesigner:baseProduct species="s13" alias="csa2">
<celldesigner:linkAnchor position="S"/>
</celldesigner:baseProduct>
</celldesigner:baseProducts>
<celldesigner:connectScheme connectPolicy="direct">
<celldesigner:listOfLineDirection>
<celldesigner:lineDirection arm="0" index="0" value="unknown"/>
<celldesigner:lineDirection arm="1" index="0" value="unknown"/>
<celldesigner:lineDirection arm="2" index="0" value="unknown"/>
</celldesigner:listOfLineDirection>
</celldesigner:connectScheme>
<celldesigner:editPoints num0="0" num1="0" num2="0" tShapeIndex="0">0.517094017094017,0.0</celldesigner:editPoints>
<celldesigner:line width="1.0" color="ff000000"/>
</celldesigner:extension>
</annotation>
<listOfReactants>
<speciesReference metaid="CDMT00022" species="s7">
<annotation>
<celldesigner:extension>
<celldesigner:alias>sa7</celldesigner:alias>
</celldesigner:extension>
</annotation>
</speciesReference>
<speciesReference metaid="CDMT00023" species="s6">
<annotation>
<celldesigner:extension>
<celldesigner:alias>sa6</celldesigner:alias>
</celldesigner:extension>
</annotation>
</speciesReference>
</listOfReactants>
<listOfProducts>
<speciesReference metaid="CDMT00024" species="s13">
<annotation>
<celldesigner:extension>
<celldesigner:alias>csa2</celldesigner:alias>
</celldesigner:extension>
</annotation>
</speciesReference>
</listOfProducts>
<kineticLaw metaid="CDMT00036">
<math xmlns="http://www.w3.org/1998/Math/MathML">
<apply>
<minus/>
<apply>
<times/>
<ci> k6 </ci>
<ci> s6 </ci>
<ci> s7 </ci>
</apply>
<apply>
<times/>
<ci> k7 </ci>
<ci> s13 </ci>
</apply>
</apply>
</math>
<listOfParameters>
<parameter metaid="k6" id="k6" name="k6" value="0.5" units="substance"/>
<parameter metaid="k7" id="k7" name="k7" value="0.05" units="substance"/>
</listOfParameters>
</kineticLaw>
</reaction>
<reaction metaid="re8" id="re8" fast="false">
<annotation>
<celldesigner:extension>
<celldesigner:reactionType>HETERODIMER_ASSOCIATION</celldesigner:reactionType>
<celldesigner:baseReactants>
<celldesigner:baseReactant species="s6" alias="sa6">
<celldesigner:linkAnchor position="E"/>
</celldesigner:baseReactant>
<celldesigner:baseReactant species="s9" alias="sa9">
<celldesigner:linkAnchor position="W"/>
</celldesigner:baseReactant>
</celldesigner:baseReactants>
<celldesigner:baseProducts>
<celldesigner:baseProduct species="s16" alias="csa3">
<celldesigner:linkAnchor position="N"/>
</celldesigner:baseProduct>
</celldesigner:baseProducts>
<celldesigner:connectScheme connectPolicy="direct">
<celldesigner:listOfLineDirection>
<celldesigner:lineDirection arm="0" index="0" value="unknown"/>
<celldesigner:lineDirection arm="1" index="0" value="unknown"/>
<celldesigner:lineDirection arm="2" index="0" value="unknown"/>
</celldesigner:listOfLineDirection>
</celldesigner:connectScheme>
<celldesigner:editPoints num0="0" num1="0" num2="0" tShapeIndex="0">0.5201026518391789,0.0</celldesigner:editPoints>
<celldesigner:line width="1.0" color="ff000000"/>
</celldesigner:extension>
</annotation>
<listOfReactants>
<speciesReference metaid="CDMT00025" species="s6">
<annotation>
<celldesigner:extension>
<celldesigner:alias>sa6</celldesigner:alias>
</celldesigner:extension>
</annotation>
</speciesReference>
<speciesReference metaid="CDMT00026" species="s9">
<annotation>
<celldesigner:extension>
<celldesigner:alias>sa9</celldesigner:alias>
</celldesigner:extension>
</annotation>
</speciesReference>
</listOfReactants>
<listOfProducts>
<speciesReference metaid="CDMT00027" species="s16">
<annotation>
<celldesigner:extension>
<celldesigner:alias>csa3</celldesigner:alias>
</celldesigner:extension>
</annotation>
</speciesReference>
</listOfProducts>
<kineticLaw metaid="CDMT00037">
<math xmlns="http://www.w3.org/1998/Math/MathML">
<apply>
<minus/>
<apply>
<times/>
<ci> k8 </ci>
<ci> s6 </ci>
<ci> s9 </ci>
</apply>
<apply>
<times/>
<ci> k9 </ci>
<ci> s16 </ci>
</apply>
</apply>
</math>
<listOfParameters>
<parameter metaid="k8" id="k8" name="k8" value="28.2" units="substance"/>
<parameter metaid="k9" id="k9" name="k9" value="0.18" units="substance"/>
</listOfParameters>
</kineticLaw>
</reaction>
</listOfReactions>
</model>
</sbml>
