model	objective	reaction	flux	status	minimum	maximum (optPercentage = 100)
MAP.xml	obj	J001	0.000000	optimal	0.000000	0.051328
MAP.xml	obj	J002	0.000000	optimal	0.000000	0.025682
MAP.xml	obj	J003	0.948705	optimal	0.948672	0.948705
MAP.xml	obj	J004	0.948705	optimal	0.948672	0.948705
MAP.xml	obj	J005	0.051295	optimal	0.051293	0.051295
MAP.xml	obj	J006	0.051295	optimal	0.051293	0.051295
MAP.xml	obj	J007	0.051295	optimal	0.051293	0.051295
MAP.xml	obj	J008	0.051295	optimal	0.051293	0.051295
MAP.xml	obj	J009	0.051295	optimal	0.051293	0.051295
MAP.xml	obj	J010	0.051295	optimal	0.051293	0.051295
MAP.xml	obj	J011	0.051295	optimal	0.051293	0.051295
MAP.xml	obj	J012	0.051295	optimal	0.051293	0.051295
MAP.xml	obj	J013	0.051295	optimal	0.051293	0.051295
MAP.xml	obj	J014	0.051295	optimal	0.051293	0.051295
MAP.xml	obj	J015	0.051295	optimal	0.051293	0.051295
MAP.xml	obj	J016	0.051295	optimal	0.051293	0.051295
MAP.xml	obj	J017	0.051295	optimal	0.051293	0.051295
MAP.xml	obj	J018	0.051295	optimal	0.051293	0.051295
MAP.xml	obj	J019	0.051295	optimal	0.051293	0.051295
MAP.xml	obj	J020	0.051295	optimal	0.051293	0.051295
MAP.xml	obj	J021	0.051295	optimal	0.051293	0.051295
MAP.xml	obj	J022	0.051295	optimal	0.051293	0.051295
MAP.xml	obj	J023	0.051295	optimal	0.051293	0.051295
MAP.xml	obj	J024	0.051295	optimal	0.051293	0.051295
MAP.xml	obj	J025	0.051295	optimal	0.051293	0.051295
MAP.xml	obj	J026	0.051295	optimal	0.051293	0.051295
MAP.xml	obj	J027	0.051295	optimal	0.051293	0.051295
MAP.xml	obj	J028	0.051295	optimal	0.051293	0.051295
MAP.xml	obj	J029	0.051295	optimal	0.051293	0.051295
MAP.xml	obj	J030	0.051295	optimal	0.051293	0.051295
MAP.xml	obj	J031	0.051295	optimal	0.051293	0.051295
MAP.xml	obj	J032	0.051295	optimal	0.051293	0.051295
MAP.xml	obj	J033	0.051295	optimal	0.051293	0.051295
MAP.xml	obj	J034	0.051295	optimal	0.051293	0.051295
MAP.xml	obj	J035	0.051295	optimal	0.051293	0.051295
MAP.xml	obj	J036	0.051295	optimal	0.051293	0.051295
MAP.xml	obj	J037	0.051295	optimal	0.051293	0.051295
MAP.xml	obj	J038	0.051295	optimal	0.051293	0.051295
MAP.xml	obj	J039	0.051295	optimal	0.051293	0.051295
MAP.xml	obj	J040	0.051295	optimal	0.051293	0.051295
MAP.xml	obj	J041	0.025647	optimal	0.025647	0.025647
MAP.xml	obj	J042	0.025647	optimal	0.025647	0.025647
MAP.xml	obj	J043	0.025647	optimal	0.025647	0.025647
MAP.xml	obj	J044	0.025647	optimal	0.025647	0.025647
MAP.xml	obj	J045	0.025647	optimal	0.025647	0.025647
MAP.xml	obj	J046	0.025647	optimal	0.025647	0.025647
MAP.xml	obj	J047	0.025647	optimal	0.025647	0.025647
MAP.xml	obj	J048	0.025647	optimal	0.025647	0.025647
MAP.xml	obj	J049	0.025647	optimal	0.025647	0.025647
MAP.xml	obj	J050	0.025647	optimal	0.025647	0.025647
MAP.xml	obj	J051	0.025647	optimal	0.025647	0.025647
MAP.xml	obj	J052	0.025647	optimal	0.025647	0.025647
MAP.xml	obj	J053	0.025647	optimal	0.025647	0.025647
MAP.xml	obj	J054	0.025647	optimal	0.025647	0.025647
MAP.xml	obj	J055	0.025647	optimal	0.025647	0.025647
MAP.xml	obj	J056	0.025647	optimal	0.025647	0.025647
MAP.xml	obj	J057	0.025647	optimal	0.025647	0.025647
MAP.xml	obj	J058	0.025647	optimal	0.025647	0.025647
MAP.xml	obj	J059	0.025647	optimal	0.025647	0.025647
MAP.xml	obj	J060	0.025647	optimal	0.025647	0.025647
MAP.xml	obj	J061	0.025647	optimal	0.025647	0.025647
MAP.xml	obj	J062	0.025647	optimal	0.025647	0.025647
MAP.xml	obj	J063	0.487051	optimal	0.487033	0.487051
MAP.xml	obj	J064	0.025647	optimal	0.025647	0.025647
MAP.xml	obj	J065	0.000000	optimal	0.000000	0.025647
MAP.xml	obj	J066	0.000000	optimal	0.000000	0.025647
MAP.xml	obj	J067	0.025647	optimal	0.000000	0.025647
MAP.xml	obj	J068	0.025647	optimal	0.025647	0.025647
MAP.xml	obj	J069	0.025647	optimal	0.025647	0.025647
MAP.xml	obj	J070	0.025647	optimal	0.025647	0.025647
MAP.xml	obj	J071	0.000000	optimal	0.000000	0.025647
MAP.xml	obj	J072	0.000000	optimal	0.000000	0.025647
MAP.xml	obj	J073	0.025647	optimal	0.000000	0.025647
MAP.xml	obj	J074	0.025647	optimal	0.025647	0.025647
MAP.xml	obj	J075	0.025647	optimal	0.025647	0.025647
MAP.xml	obj	J076	0.025647	optimal	0.025647	0.025647
MAP.xml	obj	J077	0.000000	optimal	0.000000	0.025647
MAP.xml	obj	J078	0.000000	optimal	0.000000	0.025647
MAP.xml	obj	J079	0.025647	optimal	0.000000	0.025647
MAP.xml	obj	J080	0.025647	optimal	0.025647	0.025647
MAP.xml	obj	J081	0.025647	optimal	0.025647	0.025647
MAP.xml	obj	J082	0.025647	optimal	0.025647	0.025647
MAP.xml	obj	J083	0.000000	optimal	0.000000	0.025647
MAP.xml	obj	J084	0.000000	optimal	0.000000	0.025647
MAP.xml	obj	J085	0.025647	optimal	0.000000	0.025647
MAP.xml	obj	J086	0.025647	optimal	0.025647	0.025647
MAP.xml	obj	J087	0.025647	optimal	0.025647	0.025647
MAP.xml	obj	J088	0.025647	optimal	0.025647	0.025647
MAP.xml	obj	J089	0.000000	optimal	0.000000	0.025647
MAP.xml	obj	J090	0.000000	optimal	0.000000	0.025647
MAP.xml	obj	J091	0.025647	optimal	0.000000	0.025647
MAP.xml	obj	J092	0.025647	optimal	0.025647	0.025647
MAP.xml	obj	J093	0.025647	optimal	0.025647	0.025647
MAP.xml	obj	J094	0.025647	optimal	0.025647	0.025647
MAP.xml	obj	J095	0.000000	optimal	0.000000	0.025647
MAP.xml	obj	J096	0.000000	optimal	0.000000	0.025647
MAP.xml	obj	J097	0.025647	optimal	0.000000	0.025647
MAP.xml	obj	J098	0.025647	optimal	0.025647	0.025647
MAP.xml	obj	J099	0.025647	optimal	0.025647	0.025647
MAP.xml	obj	J100	0.025647	optimal	0.025647	0.025647
MAP.xml	obj	J101	0.000000	optimal	0.000000	0.025647
MAP.xml	obj	J102	0.000000	optimal	0.000000	0.025647
MAP.xml	obj	J103	0.025647	optimal	0.000000	0.025647
MAP.xml	obj	J104	0.025647	optimal	0.025647	0.025647
MAP.xml	obj	J105	0.025647	optimal	0.025647	0.025647
MAP.xml	obj	J106	0.025647	optimal	0.025647	0.025647
MAP.xml	obj	J107	0.000000	optimal	0.000000	0.025647
MAP.xml	obj	J108	0.000000	optimal	0.000000	0.025647
MAP.xml	obj	J109	0.025647	optimal	0.000000	0.025647
MAP.xml	obj	J110	0.025647	optimal	0.025647	0.025647
MAP.xml	obj	J111	0.025647	optimal	0.025647	0.025647
MAP.xml	obj	J112	0.025647	optimal	0.025647	0.025647
MAP.xml	obj	J113	0.000000	optimal	0.000000	0.025647
MAP.xml	obj	J114	0.000000	optimal	0.000000	0.025647
MAP.xml	obj	J115	0.025647	optimal	0.000000	0.025647
MAP.xml	obj	J116	0.025647	optimal	0.025647	0.025647
MAP.xml	obj	J117	0.025647	optimal	0.025647	0.025647
MAP.xml	obj	J118	0.025647	optimal	0.025647	0.025647
MAP.xml	obj	J119	0.000000	optimal	0.000000	0.025647
MAP.xml	obj	J120	0.000000	optimal	0.000000	0.025647
MAP.xml	obj	J121	0.025647	optimal	0.000000	0.025647
MAP.xml	obj	J122	0.025647	optimal	0.025647	0.025647
MAP.xml	obj	J123	0.025647	optimal	0.025647	0.025647
MAP.xml	obj	J124	0.025647	optimal	0.025647	0.025647
MAP.xml	obj	J125	0.000000	optimal	0.000000	0.025647
MAP.xml	obj	J126	0.000000	optimal	0.000000	0.025647
MAP.xml	obj	J127	0.025647	optimal	0.000000	0.025647
MAP.xml	obj	J128	0.025647	optimal	0.025647	0.025647
MAP.xml	obj	J129	0.025647	optimal	0.025647	0.025647
MAP.xml	obj	J130	0.025647	optimal	0.025647	0.025647
MAP.xml	obj	J131	0.000000	optimal	0.000000	0.025647
MAP.xml	obj	J132	0.000000	optimal	0.000000	0.025647
MAP.xml	obj	J133	0.025647	optimal	0.000000	0.025647
MAP.xml	obj	J134	0.025647	optimal	0.025647	0.025647
MAP.xml	obj	J135	0.025647	optimal	0.025647	0.025647
MAP.xml	obj	J136	0.025647	optimal	0.025647	0.025647
MAP.xml	obj	J137	0.000000	optimal	0.000000	0.025647
MAP.xml	obj	J138	0.000000	optimal	0.000000	0.025647
MAP.xml	obj	J139	0.025647	optimal	0.000000	0.025647
MAP.xml	obj	J140	0.025647	optimal	0.025647	0.025647
MAP.xml	obj	J141	0.025647	optimal	0.025647	0.025647
MAP.xml	obj	J142	0.025647	optimal	0.025647	0.025647
MAP.xml	obj	J143	0.000000	optimal	0.000000	0.025647
MAP.xml	obj	J144	0.000000	optimal	0.000000	0.025647
MAP.xml	obj	J145	0.025647	optimal	0.000000	0.025647
MAP.xml	obj	J146	0.025647	optimal	0.025647	0.025647
MAP.xml	obj	J147	0.025647	optimal	0.025647	0.025647
MAP.xml	obj	J148	0.025647	optimal	0.025647	0.025647
MAP.xml	obj	J149	0.000000	optimal	0.000000	0.025647
MAP.xml	obj	J150	0.000000	optimal	0.000000	0.025647
MAP.xml	obj	J151	0.025647	optimal	0.000000	0.025647
MAP.xml	obj	J152	0.025647	optimal	0.025647	0.025647
MAP.xml	obj	J153	0.025647	optimal	0.025647	0.025647
MAP.xml	obj	J154	0.025647	optimal	0.025647	0.025647
MAP.xml	obj	J155	0.000000	optimal	0.000000	0.025647
MAP.xml	obj	J156	0.000000	optimal	0.000000	0.025647
MAP.xml	obj	J157	0.025647	optimal	0.000000	0.025647
MAP.xml	obj	J158	0.025647	optimal	0.025647	0.025647
MAP.xml	obj	J159	0.025647	optimal	0.025647	0.025647
MAP.xml	obj	J160	0.025647	optimal	0.025647	0.025647
MAP.xml	obj	J161	0.000000	optimal	0.000000	0.025647
MAP.xml	obj	J162	0.000000	optimal	0.000000	0.025647
MAP.xml	obj	J163	0.025647	optimal	0.000000	0.025647
MAP.xml	obj	J164	0.025647	optimal	0.025647	0.025647
MAP.xml	obj	J165	0.025647	optimal	0.025647	0.025647
MAP.xml	obj	J166	0.025647	optimal	0.025647	0.025647
MAP.xml	obj	J167	0.000000	optimal	0.000000	0.025647
MAP.xml	obj	J168	0.000000	optimal	0.000000	0.025647
MAP.xml	obj	J169	0.025647	optimal	0.000000	0.025647
MAP.xml	obj	J170	0.025647	optimal	0.025647	0.025647
MAP.xml	obj	J171	0.025647	optimal	0.025647	0.025647
MAP.xml	obj	J172	0.013015	optimal	0.013014	0.013015
MAP.xml	obj	J173	0.000000	optimal	0.000000	0.013015
MAP.xml	obj	J174	0.000000	optimal	0.000000	0.013015
MAP.xml	obj	J175	0.013015	optimal	0.000000	0.013015
MAP.xml	obj	J176	0.013015	optimal	0.013014	0.013015
MAP.xml	obj	J177	0.013015	optimal	0.013014	0.013015
MAP.xml	obj	J178	0.006191	optimal	0.006190	0.006191
MAP.xml	obj	J179	0.000000	optimal	0.000000	0.006191
MAP.xml	obj	J180	0.000000	optimal	0.000000	0.006191
MAP.xml	obj	J181	0.006191	optimal	0.000000	0.006191
MAP.xml	obj	J182	0.006191	optimal	0.006190	0.006191
MAP.xml	obj	J183	0.006191	optimal	0.006190	0.006191
MAP.xml	obj	J184	0.006191	optimal	0.006190	0.006191
MAP.xml	obj	J185	0.000000	optimal	0.000000	0.006191
MAP.xml	obj	J186	0.000000	optimal	0.000000	0.006191
MAP.xml	obj	J187	0.006191	optimal	0.000000	0.006191
MAP.xml	obj	J188	0.006191	optimal	0.006190	0.006191
MAP.xml	obj	J189	0.006191	optimal	0.006190	0.006191
MAP.xml	obj	J190	0.012633	optimal	0.012632	0.012633
MAP.xml	obj	J191	0.006824	optimal	0.006824	0.006825
MAP.xml	obj	J192	0.006191	optimal	0.006190	0.006191
MAP.xml	obj	J193	0.012633	optimal	0.012632	0.012633
MAP.xml	obj	J194	0.012633	optimal	0.012632	0.012633
MAP.xml	obj	J195	0.012633	optimal	0.012632	0.012633
MAP.xml	obj	J196	0.025647	optimal	0.025647	0.025647
MAP.xml	obj	J197	0.012633	optimal	0.012632	0.012633
MAP.xml	obj	J198	0.005986	optimal	0.005985	0.005986
MAP.xml	obj	J199	0.005986	optimal	0.005985	0.005986
MAP.xml	obj	J200	0.000000	optimal	0.000000	0.005986
MAP.xml	obj	J201	0.005986	optimal	0.000000	0.005986
MAP.xml	obj	J202	0.005986	optimal	0.005985	0.005986
MAP.xml	obj	J203	0.005986	optimal	0.005985	0.005986
MAP.xml	obj	J204	0.000839	optimal	0.000839	0.000839
MAP.xml	obj	J205	0.000839	optimal	0.000839	0.000839
MAP.xml	obj	J206	0.000839	optimal	0.000839	0.000839
MAP.xml	obj	J207	0.000839	optimal	0.000839	0.000839
MAP.xml	obj	J208	0.000839	optimal	0.000839	0.000839
MAP.xml	obj	J209	0.000839	optimal	0.000839	0.000839
MAP.xml	obj	J210	0.006191	optimal	0.006190	0.006191
MAP.xml	obj	J211	0.005429	optimal	0.005429	0.005430
MAP.xml	obj	J212	0.005429	optimal	0.005429	0.005430
MAP.xml	obj	J213	0.005429	optimal	0.005429	0.005430
MAP.xml	obj	J214	0.005429	optimal	0.005429	0.005430
MAP.xml	obj	J215	0.000762	optimal	0.000762	0.000762
MAP.xml	obj	J216	0.000762	optimal	0.000762	0.000762
MAP.xml	obj	J217	0.000762	optimal	0.000762	0.000762
MAP.xml	obj	J218	0.000762	optimal	0.000762	0.000762
MAP.xml	obj	J219	0.000762	optimal	0.000762	0.000762
MAP.xml	obj	EX_coenzyme_A	1.000000	optimal	0.948636	1.000000
MAP.xml	obj	EX_apo_AcpM	-0.000000	optimal	-0.051328	-0.000000
MAP.xml	obj	EX_ADP	0.948705	optimal	0.948672	1.000000
MAP.xml	obj	EX_acyl_carrier_protein	-0.000000	optimal	-0.000000	0.051328
MAP.xml	obj	EX_AccB	-0.000000	optimal	-0.025682	-0.000000
MAP.xml	obj	EX_biotin	-0.000000	optimal	-0.025682	-0.000000
MAP.xml	obj	EX_ATP	-0.974353	optimal	-1.000000	-0.974318
MAP.xml	obj	EX_pyrophosphate	0.025647	optimal	0.025647	0.051328
MAP.xml	obj	EX_AMP	0.025647	optimal	0.025647	0.051328
MAP.xml	obj	Sink_BCCP_biotin	-0.000000	optimal	-0.000000	0.025682
MAP.xml	obj	EX_HCO3	-0.948705	optimal	-0.948705	-0.948672
MAP.xml	obj	EX_phosphate	0.948705	optimal	0.948672	0.948705
MAP.xml	obj	EX_H	0.948705	optimal	0.948672	0.948705
MAP.xml	obj	EX_acetyl_coA	-1.000000	optimal	-1.000000	-0.999965
MAP.xml	obj	EX_ACP_FAS	-0.000000	optimal	0.000000	0.000000
MAP.xml	obj	EX_CO2	0.923058	optimal	0.923025	0.923058
MAP.xml	obj	EX_NADPH	-0.916867	optimal	-0.916867	-0.916835
MAP.xml	obj	EX_NADP	0.916867	optimal	0.916835	0.916867
MAP.xml	obj	EX_H2O	0.948705	optimal	0.948672	0.948705
MAP.xml	obj	EX_NADH	-0.948705	optimal	-0.948705	-0.948672
MAP.xml	obj	EX_NAD	0.948705	optimal	0.948672	0.948705
MAP.xml	obj	EX_S_adenosyl_L_methionine	-0.059719	optimal	-0.059721	-0.059717
MAP.xml	obj	EX_S_adenosyl_L_homocysteine	0.059719	optimal	0.059717	0.059721
MAP.xml	obj	EX_alpha_mycolate	0.000000	optimal	0.000000	0.000001
MAP.xml	obj	EX_cis_methoxy_mycolate	0.000000	optimal	0.000000	0.000001
MAP.xml	obj	EX_trans_methoxy_mycolate	0.000000	optimal	0.000000	0.000001
MAP.xml	obj	EX_cis_keto_mycolate	0.000000	optimal	0.000000	0.000001
MAP.xml	obj	EX_trans_keto_mycolate	0.000000	optimal	0.000000	0.000001
MAP.xml	obj	biomass	0.025645	optimal	0.025644	0.025645
MAP.xml	obj	EX_biomass	0.025645	optimal	0.025644	0.025645
