model	objective	gene	status	value
MAP.xml	obj	G_accA3	optimal	0.000000
MAP.xml	obj	G_accD3	optimal	0.000000
MAP.xml	obj	G_accD4	optimal	0.000000
MAP.xml	obj	G_accD5	optimal	0.000000
MAP.xml	obj	G_acpS	optimal	0.025645
MAP.xml	obj	G_birA	optimal	0.025645
MAP.xml	obj	G_cmaA2	optimal	0.000000
MAP.xml	obj	G_desA1	optimal	0.000000
MAP.xml	obj	G_desA2	optimal	0.000000
MAP.xml	obj	G_desA3	optimal	0.000000
MAP.xml	obj	G_fabD	optimal	0.000000
MAP.xml	obj	G_fabG1_mabA	optimal	0.025645
MAP.xml	obj	G_fabG2	optimal	0.025645
MAP.xml	obj	G_fabG4	optimal	0.025645
MAP.xml	obj	G_fabH	optimal	0.000000
MAP.xml	obj	G_fadD32	optimal	0.000000
MAP.xml	obj	G_fas	optimal	0.000000
MAP.xml	obj	G_gene42160	optimal	0.000000
MAP.xml	obj	G_inhA	optimal	0.000000
MAP.xml	obj	G_kasB	optimal	0.000000
MAP.xml	obj	G_kasA	optimal	0.000000
MAP.xml	obj	G_mmaA1	optimal	0.000000
MAP.xml	obj	G_mmaA2	optimal	0.000000
MAP.xml	obj	G_mmaA3	optimal	0.000000
MAP.xml	obj	G_mmaA4	optimal	0.000000
MAP.xml	obj	G_pcaA	optimal	0.000000
MAP.xml	obj	G_pks13	optimal	0.000000
MAP.xml	obj	G_UNK2	optimal	0.000000
