model	objective	reaction	status	value
MAP.xml	obj	R_J001	optimal	0.025645
MAP.xml	obj	R_J002	optimal	0.025645
MAP.xml	obj	R_J003	optimal	0.000000
MAP.xml	obj	R_J004	optimal	0.000000
MAP.xml	obj	R_J005	optimal	0.000000
MAP.xml	obj	R_J006	optimal	0.000000
MAP.xml	obj	R_J007	optimal	0.000000
MAP.xml	obj	R_J008	optimal	0.000000
MAP.xml	obj	R_J009	optimal	0.000000
MAP.xml	obj	R_J010	optimal	0.000000
MAP.xml	obj	R_J011	optimal	0.000000
MAP.xml	obj	R_J012	optimal	0.000000
MAP.xml	obj	R_J013	optimal	0.000000
MAP.xml	obj	R_J014	optimal	0.000000
MAP.xml	obj	R_J015	optimal	0.000000
MAP.xml	obj	R_J016	optimal	0.000000
MAP.xml	obj	R_J017	optimal	0.000000
MAP.xml	obj	R_J018	optimal	0.000000
MAP.xml	obj	R_J019	optimal	0.000000
MAP.xml	obj	R_J020	optimal	0.000000
MAP.xml	obj	R_J021	optimal	0.000000
MAP.xml	obj	R_J022	optimal	0.000000
MAP.xml	obj	R_J023	optimal	0.000000
MAP.xml	obj	R_J024	optimal	0.000000
MAP.xml	obj	R_J025	optimal	0.000000
MAP.xml	obj	R_J026	optimal	0.000000
MAP.xml	obj	R_J027	optimal	0.000000
MAP.xml	obj	R_J028	optimal	0.000000
MAP.xml	obj	R_J029	optimal	0.000000
MAP.xml	obj	R_J030	optimal	0.000000
MAP.xml	obj	R_J031	optimal	0.000000
MAP.xml	obj	R_J032	optimal	0.000000
MAP.xml	obj	R_J033	optimal	0.000000
MAP.xml	obj	R_J034	optimal	0.000000
MAP.xml	obj	R_J035	optimal	0.000000
MAP.xml	obj	R_J036	optimal	0.000000
MAP.xml	obj	R_J037	optimal	0.000000
MAP.xml	obj	R_J038	optimal	0.000000
MAP.xml	obj	R_J039	optimal	0.000000
MAP.xml	obj	R_J040	optimal	0.000000
MAP.xml	obj	R_J041	optimal	0.000000
MAP.xml	obj	R_J042	optimal	0.000000
MAP.xml	obj	R_J043	optimal	0.000000
MAP.xml	obj	R_J044	optimal	0.000000
MAP.xml	obj	R_J045	optimal	0.000000
MAP.xml	obj	R_J046	optimal	0.000000
MAP.xml	obj	R_J047	optimal	0.000000
MAP.xml	obj	R_J048	optimal	0.000000
MAP.xml	obj	R_J049	optimal	0.000000
MAP.xml	obj	R_J050	optimal	0.000000
MAP.xml	obj	R_J051	optimal	0.000000
MAP.xml	obj	R_J052	optimal	0.000000
MAP.xml	obj	R_J053	optimal	0.000000
MAP.xml	obj	R_J054	optimal	0.000000
MAP.xml	obj	R_J055	optimal	0.000000
MAP.xml	obj	R_J056	optimal	0.000000
MAP.xml	obj	R_J057	optimal	0.000000
MAP.xml	obj	R_J058	optimal	0.000000
MAP.xml	obj	R_J059	optimal	0.000000
MAP.xml	obj	R_J060	optimal	0.000000
MAP.xml	obj	R_J061	optimal	0.000000
MAP.xml	obj	R_J062	optimal	0.000000
MAP.xml	obj	R_J063	optimal	0.000000
MAP.xml	obj	R_J064	optimal	0.000000
MAP.xml	obj	R_J065	optimal	0.025645
MAP.xml	obj	R_J066	optimal	0.025645
MAP.xml	obj	R_J067	optimal	0.025645
MAP.xml	obj	R_J068	optimal	0.000000
MAP.xml	obj	R_J069	optimal	0.000000
MAP.xml	obj	R_J070	optimal	0.000000
MAP.xml	obj	R_J071	optimal	0.025645
MAP.xml	obj	R_J072	optimal	0.025645
MAP.xml	obj	R_J073	optimal	0.025645
MAP.xml	obj	R_J074	optimal	0.000000
MAP.xml	obj	R_J075	optimal	0.000000
MAP.xml	obj	R_J076	optimal	0.000000
MAP.xml	obj	R_J077	optimal	0.025645
MAP.xml	obj	R_J078	optimal	0.025645
MAP.xml	obj	R_J079	optimal	0.025645
MAP.xml	obj	R_J080	optimal	0.000000
MAP.xml	obj	R_J081	optimal	0.000000
MAP.xml	obj	R_J082	optimal	0.000000
MAP.xml	obj	R_J083	optimal	0.025645
MAP.xml	obj	R_J084	optimal	0.025645
MAP.xml	obj	R_J085	optimal	0.025645
MAP.xml	obj	R_J086	optimal	0.000000
MAP.xml	obj	R_J087	optimal	0.000000
MAP.xml	obj	R_J088	optimal	0.000000
MAP.xml	obj	R_J089	optimal	0.025645
MAP.xml	obj	R_J090	optimal	0.025645
MAP.xml	obj	R_J091	optimal	0.025645
MAP.xml	obj	R_J092	optimal	0.000000
MAP.xml	obj	R_J093	optimal	0.000000
MAP.xml	obj	R_J094	optimal	0.000000
MAP.xml	obj	R_J095	optimal	0.025645
MAP.xml	obj	R_J096	optimal	0.025645
MAP.xml	obj	R_J097	optimal	0.025645
MAP.xml	obj	R_J098	optimal	0.000000
MAP.xml	obj	R_J099	optimal	0.000000
MAP.xml	obj	R_J100	optimal	0.000000
MAP.xml	obj	R_J101	optimal	0.025645
MAP.xml	obj	R_J102	optimal	0.025645
MAP.xml	obj	R_J103	optimal	0.025645
MAP.xml	obj	R_J104	optimal	0.000000
MAP.xml	obj	R_J105	optimal	0.000000
MAP.xml	obj	R_J106	optimal	0.000000
MAP.xml	obj	R_J107	optimal	0.025645
MAP.xml	obj	R_J108	optimal	0.025645
MAP.xml	obj	R_J109	optimal	0.025645
MAP.xml	obj	R_J110	optimal	0.000000
MAP.xml	obj	R_J111	optimal	0.000000
MAP.xml	obj	R_J112	optimal	0.000000
MAP.xml	obj	R_J113	optimal	0.025645
MAP.xml	obj	R_J114	optimal	0.025645
MAP.xml	obj	R_J115	optimal	0.025645
MAP.xml	obj	R_J116	optimal	0.000000
MAP.xml	obj	R_J117	optimal	0.000000
MAP.xml	obj	R_J118	optimal	0.000000
MAP.xml	obj	R_J119	optimal	0.025645
MAP.xml	obj	R_J120	optimal	0.025645
MAP.xml	obj	R_J121	optimal	0.025645
MAP.xml	obj	R_J122	optimal	0.000000
MAP.xml	obj	R_J123	optimal	0.000000
MAP.xml	obj	R_J124	optimal	0.000000
MAP.xml	obj	R_J125	optimal	0.025645
MAP.xml	obj	R_J126	optimal	0.025645
MAP.xml	obj	R_J127	optimal	0.025645
MAP.xml	obj	R_J128	optimal	0.000000
MAP.xml	obj	R_J129	optimal	0.000000
MAP.xml	obj	R_J130	optimal	0.000000
MAP.xml	obj	R_J131	optimal	0.025645
MAP.xml	obj	R_J132	optimal	0.025645
MAP.xml	obj	R_J133	optimal	0.025645
MAP.xml	obj	R_J134	optimal	0.000000
MAP.xml	obj	R_J135	optimal	0.000000
MAP.xml	obj	R_J136	optimal	0.000000
MAP.xml	obj	R_J137	optimal	0.025645
MAP.xml	obj	R_J138	optimal	0.025645
MAP.xml	obj	R_J139	optimal	0.025645
MAP.xml	obj	R_J140	optimal	0.000000
MAP.xml	obj	R_J141	optimal	0.000000
MAP.xml	obj	R_J142	optimal	0.000000
MAP.xml	obj	R_J143	optimal	0.025645
MAP.xml	obj	R_J144	optimal	0.025645
MAP.xml	obj	R_J145	optimal	0.025645
MAP.xml	obj	R_J146	optimal	0.000000
MAP.xml	obj	R_J147	optimal	0.000000
MAP.xml	obj	R_J148	optimal	0.000000
MAP.xml	obj	R_J149	optimal	0.025645
MAP.xml	obj	R_J150	optimal	0.025645
MAP.xml	obj	R_J151	optimal	0.025645
MAP.xml	obj	R_J152	optimal	0.000000
MAP.xml	obj	R_J153	optimal	0.000000
MAP.xml	obj	R_J154	optimal	0.000000
MAP.xml	obj	R_J155	optimal	0.025645
MAP.xml	obj	R_J156	optimal	0.025645
MAP.xml	obj	R_J157	optimal	0.025645
MAP.xml	obj	R_J158	optimal	0.000000
MAP.xml	obj	R_J159	optimal	0.000000
MAP.xml	obj	R_J160	optimal	0.000000
MAP.xml	obj	R_J161	optimal	0.025645
MAP.xml	obj	R_J162	optimal	0.025645
MAP.xml	obj	R_J163	optimal	0.025645
MAP.xml	obj	R_J164	optimal	0.000000
MAP.xml	obj	R_J165	optimal	0.000000
MAP.xml	obj	R_J166	optimal	0.000000
MAP.xml	obj	R_J167	optimal	0.025645
MAP.xml	obj	R_J168	optimal	0.025645
MAP.xml	obj	R_J169	optimal	0.025645
MAP.xml	obj	R_J170	optimal	0.000000
MAP.xml	obj	R_J171	optimal	0.000000
MAP.xml	obj	R_J172	optimal	0.000000
MAP.xml	obj	R_J173	optimal	0.025645
MAP.xml	obj	R_J174	optimal	0.025645
MAP.xml	obj	R_J175	optimal	0.025645
MAP.xml	obj	R_J176	optimal	0.000000
MAP.xml	obj	R_J177	optimal	0.000000
MAP.xml	obj	R_J178	optimal	0.000000
MAP.xml	obj	R_J179	optimal	0.025645
MAP.xml	obj	R_J180	optimal	0.025645
MAP.xml	obj	R_J181	optimal	0.025645
MAP.xml	obj	R_J182	optimal	0.000000
MAP.xml	obj	R_J183	optimal	0.000000
MAP.xml	obj	R_J184	optimal	0.000000
MAP.xml	obj	R_J185	optimal	0.025645
MAP.xml	obj	R_J186	optimal	0.025645
MAP.xml	obj	R_J187	optimal	0.025645
MAP.xml	obj	R_J188	optimal	0.000000
MAP.xml	obj	R_J189	optimal	0.000000
MAP.xml	obj	R_J190	optimal	0.000000
MAP.xml	obj	R_J191	optimal	0.000000
MAP.xml	obj	R_J192	optimal	0.000000
MAP.xml	obj	R_J193	optimal	0.000000
MAP.xml	obj	R_J194	optimal	0.000000
MAP.xml	obj	R_J195	optimal	0.000000
MAP.xml	obj	R_J196	optimal	0.000000
MAP.xml	obj	R_J197	optimal	0.000000
MAP.xml	obj	R_J198	optimal	0.000000
MAP.xml	obj	R_J199	optimal	0.000000
MAP.xml	obj	R_J200	optimal	0.025645
MAP.xml	obj	R_J201	optimal	0.025645
MAP.xml	obj	R_J202	optimal	0.000000
MAP.xml	obj	R_J203	optimal	0.000000
MAP.xml	obj	R_J204	optimal	0.000000
MAP.xml	obj	R_J205	optimal	0.000000
MAP.xml	obj	R_J206	optimal	0.000000
MAP.xml	obj	R_J207	optimal	0.000000
MAP.xml	obj	R_J208	optimal	0.000000
MAP.xml	obj	R_J209	optimal	0.000000
MAP.xml	obj	R_J210	optimal	0.000000
MAP.xml	obj	R_J211	optimal	0.000000
MAP.xml	obj	R_J212	optimal	0.000000
MAP.xml	obj	R_J213	optimal	0.000000
MAP.xml	obj	R_J214	optimal	0.000000
MAP.xml	obj	R_J215	optimal	0.000000
MAP.xml	obj	R_J216	optimal	0.000000
MAP.xml	obj	R_J217	optimal	0.000000
MAP.xml	obj	R_J218	optimal	0.000000
MAP.xml	obj	R_J219	optimal	0.000000
MAP.xml	obj	R_EX_coenzyme_A	optimal	0.013160
MAP.xml	obj	R_EX_apo_AcpM	optimal	0.025645
MAP.xml	obj	R_EX_ADP	optimal	0.000000
MAP.xml	obj	R_EX_acyl_carrier_protein	optimal	0.025645
MAP.xml	obj	R_EX_AccB	optimal	0.025645
MAP.xml	obj	R_EX_biotin	optimal	0.025645
MAP.xml	obj	R_EX_ATP	optimal	0.000000
MAP.xml	obj	R_EX_pyrophosphate	optimal	0.000000
MAP.xml	obj	R_EX_AMP	optimal	0.000000
MAP.xml	obj	R_Sink_BCCP_biotin	optimal	0.025645
MAP.xml	obj	R_EX_HCO3	optimal	0.000000
MAP.xml	obj	R_EX_phosphate	optimal	0.000000
MAP.xml	obj	R_EX_H	optimal	0.000000
MAP.xml	obj	R_EX_acetyl_coA	optimal	0.000000
MAP.xml	obj	R_EX_ACP_FAS	optimal	0.025645
MAP.xml	obj	R_EX_CO2	optimal	0.000000
MAP.xml	obj	R_EX_NADPH	optimal	0.000000
MAP.xml	obj	R_EX_NADP	optimal	0.000000
MAP.xml	obj	R_EX_H2O	optimal	0.000000
MAP.xml	obj	R_EX_NADH	optimal	0.000000
MAP.xml	obj	R_EX_NAD	optimal	0.000000
MAP.xml	obj	R_EX_S_adenosyl_L_methionine	optimal	0.000000
MAP.xml	obj	R_EX_S_adenosyl_L_homocysteine	optimal	0.000000
MAP.xml	obj	R_EX_alpha_mycolate	optimal	0.025645
MAP.xml	obj	R_EX_cis_methoxy_mycolate	optimal	0.025645
MAP.xml	obj	R_EX_trans_methoxy_mycolate	optimal	0.025645
MAP.xml	obj	R_EX_cis_keto_mycolate	optimal	0.025645
MAP.xml	obj	R_EX_trans_keto_mycolate	optimal	0.025645
MAP.xml	obj	R_biomass	optimal	0.000000
MAP.xml	obj	R_EX_biomass	optimal	0.000000
