<?xml version="1.0" encoding="UTF-8"?>
<!-- Created by COPASI version 4.6 (Build 32) on 2010-12-09 15:39 with libSBML version 3.4.1. -->
<sbml xmlns="http://www.sbml.org/sbml/level2/version4" level="2" version="4">
  <model metaid="COPASI1" id="Model_1" name="Extended_I">
    <annotation>
      <COPASI xmlns="http://www.copasi.org/static/sbml">
        <rdf:RDF xmlns:dcterms="http://purl.org/dc/terms/" xmlns:rdf="http://www.w3.org/1999/02/22-rdf-syntax-ns#">
          <rdf:Description rdf:about="#COPASI1">
            <dcterms:created>
              <rdf:Description>
                <dcterms:W3CDTF>2010-12-08T17:26:26Z</dcterms:W3CDTF>
              </rdf:Description>
            </dcterms:created>
          </rdf:Description>
        </rdf:RDF>
      </COPASI>
      <rdf:RDF xmlns:rdf="http://www.w3.org/1999/02/22-rdf-syntax-ns#" xmlns:dc="http://purl.org/dc/elements/1.1/" xmlns:dcterms="http://purl.org/dc/terms/" xmlns:vCard="http://www.w3.org/2001/vcard-rdf/3.0#" xmlns:bqbiol="http://biomodels.net/biology-qualifiers/" xmlns:bqmodel="http://biomodels.net/model-qualifiers/">
        <rdf:Description rdf:about="#COPASI1">
          <dc:creator>
            <rdf:Bag/>
          </dc:creator>
          <dcterms:created rdf:parseType="Resource">
            <dcterms:W3CDTF>2010-12-08T17:26:26Z</dcterms:W3CDTF>
          </dcterms:created>
        </rdf:Description>
      </rdf:RDF>
    </annotation>
    <listOfCompartments>
      <compartment id="compartment_1" name="compartment" size="1"/>
    </listOfCompartments>
    <listOfSpecies>
      <species metaid="COPASI2" id="species_1" name="T12" compartment="compartment_1" initialConcentration="1.2e-007">
        <annotation>
          <COPASI xmlns="http://www.copasi.org/static/sbml">
            <rdf:RDF xmlns:dcterms="http://purl.org/dc/terms/" xmlns:rdf="http://www.w3.org/1999/02/22-rdf-syntax-ns#">
              <rdf:Description rdf:about="#COPASI2">
                <dcterms:created>
                  <rdf:Description>
                    <dcterms:W3CDTF>2010-12-08T18:04:03Z</dcterms:W3CDTF>
                  </rdf:Description>
                </dcterms:created>
              </rdf:Description>
            </rdf:RDF>
          </COPASI>
        </annotation>
      </species>
      <species metaid="COPASI3" id="species_2" name="A2" compartment="compartment_1" initialConcentration="5e-007">
        <annotation>
          <COPASI xmlns="http://www.copasi.org/static/sbml">
            <rdf:RDF xmlns:dcterms="http://purl.org/dc/terms/" xmlns:rdf="http://www.w3.org/1999/02/22-rdf-syntax-ns#">
              <rdf:Description rdf:about="#COPASI3">
                <dcterms:created>
                  <rdf:Description>
                    <dcterms:W3CDTF>2010-12-08T18:03:24Z</dcterms:W3CDTF>
                  </rdf:Description>
                </dcterms:created>
              </rdf:Description>
            </rdf:RDF>
          </COPASI>
        </annotation>
      </species>
      <species metaid="COPASI4" id="species_3" name="T21" compartment="compartment_1" initialConcentration="2.5e-007">
        <annotation>
          <COPASI xmlns="http://www.copasi.org/static/sbml">
            <rdf:RDF xmlns:dcterms="http://purl.org/dc/terms/" xmlns:rdf="http://www.w3.org/1999/02/22-rdf-syntax-ns#">
              <rdf:Description rdf:about="#COPASI4">
                <dcterms:created>
                  <rdf:Description>
                    <dcterms:W3CDTF>2010-12-08T18:04:19Z</dcterms:W3CDTF>
                  </rdf:Description>
                </dcterms:created>
              </rdf:Description>
            </rdf:RDF>
          </COPASI>
        </annotation>
      </species>
      <species metaid="COPASI5" id="species_4" name="A1" compartment="compartment_1" initialConcentration="2.5e-007">
        <annotation>
          <COPASI xmlns="http://www.copasi.org/static/sbml">
            <rdf:RDF xmlns:dcterms="http://purl.org/dc/terms/" xmlns:rdf="http://www.w3.org/1999/02/22-rdf-syntax-ns#">
              <rdf:Description rdf:about="#COPASI5">
                <dcterms:created>
                  <rdf:Description>
                    <dcterms:W3CDTF>2010-12-08T18:01:43Z</dcterms:W3CDTF>
                  </rdf:Description>
                </dcterms:created>
              </rdf:Description>
            </rdf:RDF>
          </COPASI>
        </annotation>
      </species>
      <species metaid="COPASI6" id="species_5" name="dI1" compartment="compartment_1" initialConcentration="1e-006">
        <annotation>
          <COPASI xmlns="http://www.copasi.org/static/sbml">
            <rdf:RDF xmlns:dcterms="http://purl.org/dc/terms/" xmlns:rdf="http://www.w3.org/1999/02/22-rdf-syntax-ns#">
              <rdf:Description rdf:about="#COPASI6">
                <dcterms:created>
                  <rdf:Description>
                    <dcterms:W3CDTF>2010-12-08T18:03:37Z</dcterms:W3CDTF>
                  </rdf:Description>
                </dcterms:created>
              </rdf:Description>
            </rdf:RDF>
          </COPASI>
        </annotation>
      </species>
      <species metaid="COPASI7" id="species_6" name="rA1" compartment="compartment_1" initialConcentration="8e-007">
        <annotation>
          <COPASI xmlns="http://www.copasi.org/static/sbml">
            <rdf:RDF xmlns:dcterms="http://purl.org/dc/terms/" xmlns:rdf="http://www.w3.org/1999/02/22-rdf-syntax-ns#">
              <rdf:Description rdf:about="#COPASI7">
                <dcterms:created>
                  <rdf:Description>
                    <dcterms:W3CDTF>2010-12-08T18:01:33Z</dcterms:W3CDTF>
                  </rdf:Description>
                </dcterms:created>
              </rdf:Description>
            </rdf:RDF>
          </COPASI>
        </annotation>
      </species>
      <species metaid="COPASI8" id="species_7" name="rI2" compartment="compartment_1" initialConcentration="5.5e-007">
        <annotation>
          <COPASI xmlns="http://www.copasi.org/static/sbml">
            <rdf:RDF xmlns:dcterms="http://purl.org/dc/terms/" xmlns:rdf="http://www.w3.org/1999/02/22-rdf-syntax-ns#">
              <rdf:Description rdf:about="#COPASI8">
                <dcterms:created>
                  <rdf:Description>
                    <dcterms:W3CDTF>2010-12-08T18:01:30Z</dcterms:W3CDTF>
                  </rdf:Description>
                </dcterms:created>
              </rdf:Description>
            </rdf:RDF>
          </COPASI>
        </annotation>
      </species>
      <species metaid="COPASI9" id="species_8" name="T12A2" compartment="compartment_1" initialConcentration="0">
        <annotation>
          <COPASI xmlns="http://www.copasi.org/static/sbml">
            <rdf:RDF xmlns:dcterms="http://purl.org/dc/terms/" xmlns:rdf="http://www.w3.org/1999/02/22-rdf-syntax-ns#">
              <rdf:Description rdf:about="#COPASI9">
                <dcterms:created>
                  <rdf:Description>
                    <dcterms:W3CDTF>2010-12-08T18:01:23Z</dcterms:W3CDTF>
                  </rdf:Description>
                </dcterms:created>
              </rdf:Description>
            </rdf:RDF>
          </COPASI>
        </annotation>
      </species>
      <species metaid="COPASI10" id="species_9" name="T21A1" compartment="compartment_1" initialConcentration="0">
        <annotation>
          <COPASI xmlns="http://www.copasi.org/static/sbml">
            <rdf:RDF xmlns:dcterms="http://purl.org/dc/terms/" xmlns:rdf="http://www.w3.org/1999/02/22-rdf-syntax-ns#">
              <rdf:Description rdf:about="#COPASI10">
                <dcterms:created>
                  <rdf:Description>
                    <dcterms:W3CDTF>2010-12-08T18:01:26Z</dcterms:W3CDTF>
                  </rdf:Description>
                </dcterms:created>
              </rdf:Description>
            </rdf:RDF>
          </COPASI>
        </annotation>
      </species>
      <species metaid="COPASI11" id="species_10" name="A1dI1" compartment="compartment_1" initialConcentration="0">
        <annotation>
          <COPASI xmlns="http://www.copasi.org/static/sbml">
            <rdf:RDF xmlns:dcterms="http://purl.org/dc/terms/" xmlns:rdf="http://www.w3.org/1999/02/22-rdf-syntax-ns#">
              <rdf:Description rdf:about="#COPASI11">
                <dcterms:created>
                  <rdf:Description>
                    <dcterms:W3CDTF>2010-12-08T18:01:41Z</dcterms:W3CDTF>
                  </rdf:Description>
                </dcterms:created>
              </rdf:Description>
            </rdf:RDF>
          </COPASI>
        </annotation>
      </species>
      <species metaid="COPASI12" id="species_11" name="rA1dI1" compartment="compartment_1" initialConcentration="0">
        <annotation>
          <COPASI xmlns="http://www.copasi.org/static/sbml">
            <rdf:RDF xmlns:dcterms="http://purl.org/dc/terms/" xmlns:rdf="http://www.w3.org/1999/02/22-rdf-syntax-ns#">
              <rdf:Description rdf:about="#COPASI12">
                <dcterms:created>
                  <rdf:Description>
                    <dcterms:W3CDTF>2010-12-08T18:01:35Z</dcterms:W3CDTF>
                  </rdf:Description>
                </dcterms:created>
              </rdf:Description>
            </rdf:RDF>
          </COPASI>
        </annotation>
      </species>
      <species metaid="COPASI13" id="species_12" name="A2rI2" compartment="compartment_1" initialConcentration="0">
        <annotation>
          <COPASI xmlns="http://www.copasi.org/static/sbml">
            <rdf:RDF xmlns:dcterms="http://purl.org/dc/terms/" xmlns:rdf="http://www.w3.org/1999/02/22-rdf-syntax-ns#">
              <rdf:Description rdf:about="#COPASI13">
                <dcterms:created>
                  <rdf:Description>
                    <dcterms:W3CDTF>2010-12-08T18:01:38Z</dcterms:W3CDTF>
                  </rdf:Description>
                </dcterms:created>
              </rdf:Description>
            </rdf:RDF>
          </COPASI>
        </annotation>
      </species>
      <species metaid="COPASI14" id="species_13" name="RNAP" compartment="compartment_1" initialConcentration="1.25e-007">
        <annotation>
          <COPASI xmlns="http://www.copasi.org/static/sbml">
            <rdf:RDF xmlns:dcterms="http://purl.org/dc/terms/" xmlns:rdf="http://www.w3.org/1999/02/22-rdf-syntax-ns#">
              <rdf:Description rdf:about="#COPASI14">
                <dcterms:created>
                  <rdf:Description>
                    <dcterms:W3CDTF>2010-12-08T18:02:39Z</dcterms:W3CDTF>
                  </rdf:Description>
                </dcterms:created>
              </rdf:Description>
            </rdf:RDF>
          </COPASI>
        </annotation>
      </species>
      <species metaid="COPASI15" id="species_14" name="RNaseH" compartment="compartment_1" initialConcentration="1.75e-008">
        <annotation>
          <COPASI xmlns="http://www.copasi.org/static/sbml">
            <rdf:RDF xmlns:dcterms="http://purl.org/dc/terms/" xmlns:rdf="http://www.w3.org/1999/02/22-rdf-syntax-ns#">
              <rdf:Description rdf:about="#COPASI15">
                <dcterms:created>
                  <rdf:Description>
                    <dcterms:W3CDTF>2010-12-08T18:03:52Z</dcterms:W3CDTF>
                  </rdf:Description>
                </dcterms:created>
              </rdf:Description>
            </rdf:RDF>
          </COPASI>
        </annotation>
      </species>
      <species metaid="COPASI16" id="species_15" name="RNAPT12A2" compartment="compartment_1" initialConcentration="0">
        <annotation>
          <COPASI xmlns="http://www.copasi.org/static/sbml">
            <rdf:RDF xmlns:dcterms="http://purl.org/dc/terms/" xmlns:rdf="http://www.w3.org/1999/02/22-rdf-syntax-ns#">
              <rdf:Description rdf:about="#COPASI16">
                <dcterms:created>
                  <rdf:Description>
                    <dcterms:W3CDTF>2010-12-08T18:00:54Z</dcterms:W3CDTF>
                  </rdf:Description>
                </dcterms:created>
              </rdf:Description>
            </rdf:RDF>
          </COPASI>
        </annotation>
      </species>
      <species metaid="COPASI17" id="species_16" name="RNAPT12" compartment="compartment_1" initialConcentration="0">
        <annotation>
          <COPASI xmlns="http://www.copasi.org/static/sbml">
            <rdf:RDF xmlns:dcterms="http://purl.org/dc/terms/" xmlns:rdf="http://www.w3.org/1999/02/22-rdf-syntax-ns#">
              <rdf:Description rdf:about="#COPASI17">
                <dcterms:created>
                  <rdf:Description>
                    <dcterms:W3CDTF>2010-12-08T18:01:06Z</dcterms:W3CDTF>
                  </rdf:Description>
                </dcterms:created>
              </rdf:Description>
            </rdf:RDF>
          </COPASI>
        </annotation>
      </species>
      <species metaid="COPASI18" id="species_17" name="RNAPT21A1" compartment="compartment_1" initialConcentration="0">
        <annotation>
          <COPASI xmlns="http://www.copasi.org/static/sbml">
            <rdf:RDF xmlns:dcterms="http://purl.org/dc/terms/" xmlns:rdf="http://www.w3.org/1999/02/22-rdf-syntax-ns#">
              <rdf:Description rdf:about="#COPASI18">
                <dcterms:created>
                  <rdf:Description>
                    <dcterms:W3CDTF>2010-12-08T18:01:13Z</dcterms:W3CDTF>
                  </rdf:Description>
                </dcterms:created>
              </rdf:Description>
            </rdf:RDF>
          </COPASI>
        </annotation>
      </species>
      <species metaid="COPASI19" id="species_18" name="RNAPT21" compartment="compartment_1" initialConcentration="0">
        <annotation>
          <COPASI xmlns="http://www.copasi.org/static/sbml">
            <rdf:RDF xmlns:dcterms="http://purl.org/dc/terms/" xmlns:rdf="http://www.w3.org/1999/02/22-rdf-syntax-ns#">
              <rdf:Description rdf:about="#COPASI19">
                <dcterms:created>
                  <rdf:Description>
                    <dcterms:W3CDTF>2010-12-08T18:01:11Z</dcterms:W3CDTF>
                  </rdf:Description>
                </dcterms:created>
              </rdf:Description>
            </rdf:RDF>
          </COPASI>
        </annotation>
      </species>
      <species metaid="COPASI20" id="species_19" name="RNaseHrA1dI1" compartment="compartment_1" initialConcentration="0">
        <annotation>
          <COPASI xmlns="http://www.copasi.org/static/sbml">
            <rdf:RDF xmlns:dcterms="http://purl.org/dc/terms/" xmlns:rdf="http://www.w3.org/1999/02/22-rdf-syntax-ns#">
              <rdf:Description rdf:about="#COPASI20">
                <dcterms:created>
                  <rdf:Description>
                    <dcterms:W3CDTF>2010-12-08T18:01:19Z</dcterms:W3CDTF>
                  </rdf:Description>
                </dcterms:created>
              </rdf:Description>
            </rdf:RDF>
          </COPASI>
        </annotation>
      </species>
      <species metaid="COPASI21" id="species_20" name="RNaseHA2rI2" compartment="compartment_1" initialConcentration="0">
        <annotation>
          <COPASI xmlns="http://www.copasi.org/static/sbml">
            <rdf:RDF xmlns:dcterms="http://purl.org/dc/terms/" xmlns:rdf="http://www.w3.org/1999/02/22-rdf-syntax-ns#">
              <rdf:Description rdf:about="#COPASI21">
                <dcterms:created>
                  <rdf:Description>
                    <dcterms:W3CDTF>2010-12-08T18:01:17Z</dcterms:W3CDTF>
                  </rdf:Description>
                </dcterms:created>
              </rdf:Description>
            </rdf:RDF>
          </COPASI>
        </annotation>
      </species>
      <species metaid="COPASI22" id="species_21" name="T11" compartment="compartment_1" initialConcentration="0">
        <annotation>
          <COPASI xmlns="http://www.copasi.org/static/sbml">
            <rdf:RDF xmlns:dcterms="http://purl.org/dc/terms/" xmlns:rdf="http://www.w3.org/1999/02/22-rdf-syntax-ns#">
              <rdf:Description rdf:about="#COPASI22">
                <dcterms:created>
                  <rdf:Description>
                    <dcterms:W3CDTF>2010-12-09T07:42:21Z</dcterms:W3CDTF>
                  </rdf:Description>
                </dcterms:created>
              </rdf:Description>
            </rdf:RDF>
          </COPASI>
        </annotation>
      </species>
      <species metaid="COPASI23" id="species_22" name="T11A1" compartment="compartment_1" initialConcentration="0">
        <annotation>
          <COPASI xmlns="http://www.copasi.org/static/sbml">
            <rdf:RDF xmlns:dcterms="http://purl.org/dc/terms/" xmlns:rdf="http://www.w3.org/1999/02/22-rdf-syntax-ns#">
              <rdf:Description rdf:about="#COPASI23">
                <dcterms:created>
                  <rdf:Description>
                    <dcterms:W3CDTF>2010-12-09T07:42:44Z</dcterms:W3CDTF>
                  </rdf:Description>
                </dcterms:created>
              </rdf:Description>
            </rdf:RDF>
          </COPASI>
        </annotation>
      </species>
      <species metaid="COPASI24" id="species_23" name="RNAPT11A1" compartment="compartment_1" initialConcentration="0">
        <annotation>
          <COPASI xmlns="http://www.copasi.org/static/sbml">
            <rdf:RDF xmlns:dcterms="http://purl.org/dc/terms/" xmlns:rdf="http://www.w3.org/1999/02/22-rdf-syntax-ns#">
              <rdf:Description rdf:about="#COPASI24">
                <dcterms:created>
                  <rdf:Description>
                    <dcterms:W3CDTF>2010-12-09T07:43:06Z</dcterms:W3CDTF>
                  </rdf:Description>
                </dcterms:created>
              </rdf:Description>
            </rdf:RDF>
          </COPASI>
        </annotation>
      </species>
      <species metaid="COPASI25" id="species_24" name="RNAPT11" compartment="compartment_1" initialConcentration="0">
        <annotation>
          <COPASI xmlns="http://www.copasi.org/static/sbml">
            <rdf:RDF xmlns:dcterms="http://purl.org/dc/terms/" xmlns:rdf="http://www.w3.org/1999/02/22-rdf-syntax-ns#">
              <rdf:Description rdf:about="#COPASI25">
                <dcterms:created>
                  <rdf:Description>
                    <dcterms:W3CDTF>2010-12-09T07:43:23Z</dcterms:W3CDTF>
                  </rdf:Description>
                </dcterms:created>
              </rdf:Description>
            </rdf:RDF>
          </COPASI>
        </annotation>
      </species>
      <species metaid="COPASI26" id="species_25" name="sI2" compartment="compartment_1" initialConcentration="0">
        <annotation>
          <COPASI xmlns="http://www.copasi.org/static/sbml">
            <rdf:RDF xmlns:dcterms="http://purl.org/dc/terms/" xmlns:rdf="http://www.w3.org/1999/02/22-rdf-syntax-ns#">
              <rdf:Description rdf:about="#COPASI26">
                <dcterms:created>
                  <rdf:Description>
                    <dcterms:W3CDTF>2010-12-09T09:37:03Z</dcterms:W3CDTF>
                  </rdf:Description>
                </dcterms:created>
              </rdf:Description>
            </rdf:RDF>
          </COPASI>
        </annotation>
      </species>
      <species metaid="COPASI27" id="species_26" name="A2sI2" compartment="compartment_1" initialConcentration="0">
        <annotation>
          <COPASI xmlns="http://www.copasi.org/static/sbml">
            <rdf:RDF xmlns:dcterms="http://purl.org/dc/terms/" xmlns:rdf="http://www.w3.org/1999/02/22-rdf-syntax-ns#">
              <rdf:Description rdf:about="#COPASI27">
                <dcterms:created>
                  <rdf:Description>
                    <dcterms:W3CDTF>2010-12-09T09:37:12Z</dcterms:W3CDTF>
                  </rdf:Description>
                </dcterms:created>
              </rdf:Description>
            </rdf:RDF>
          </COPASI>
        </annotation>
      </species>
      <species metaid="COPASI28" id="species_27" name="T12A2sI2" compartment="compartment_1" initialConcentration="0">
        <annotation>
          <COPASI xmlns="http://www.copasi.org/static/sbml">
            <rdf:RDF xmlns:dcterms="http://purl.org/dc/terms/" xmlns:rdf="http://www.w3.org/1999/02/22-rdf-syntax-ns#">
              <rdf:Description rdf:about="#COPASI28">
                <dcterms:created>
                  <rdf:Description>
                    <dcterms:W3CDTF>2010-12-09T09:37:22Z</dcterms:W3CDTF>
                  </rdf:Description>
                </dcterms:created>
              </rdf:Description>
            </rdf:RDF>
          </COPASI>
        </annotation>
      </species>
      <species metaid="COPASI29" id="species_28" name="RNAPT12A2sI2" compartment="compartment_1" initialConcentration="0">
        <annotation>
          <COPASI xmlns="http://www.copasi.org/static/sbml">
            <rdf:RDF xmlns:dcterms="http://purl.org/dc/terms/" xmlns:rdf="http://www.w3.org/1999/02/22-rdf-syntax-ns#">
              <rdf:Description rdf:about="#COPASI29">
                <dcterms:created>
                  <rdf:Description>
                    <dcterms:W3CDTF>2010-12-09T09:37:16Z</dcterms:W3CDTF>
                  </rdf:Description>
                </dcterms:created>
              </rdf:Description>
            </rdf:RDF>
          </COPASI>
        </annotation>
      </species>
    </listOfSpecies>
    <listOfParameters>
      <parameter metaid="COPASI30" id="parameter_1" name="T12tot" value="1.2e-007">
        <annotation>
          <COPASI xmlns="http://www.copasi.org/static/sbml">
            <rdf:RDF xmlns:dcterms="http://purl.org/dc/terms/" xmlns:rdf="http://www.w3.org/1999/02/22-rdf-syntax-ns#">
              <rdf:Description rdf:about="#COPASI30">
                <dcterms:created>
                  <rdf:Description>
                    <dcterms:W3CDTF>2010-12-08T18:08:21Z</dcterms:W3CDTF>
                  </rdf:Description>
                </dcterms:created>
              </rdf:Description>
            </rdf:RDF>
          </COPASI>
        </annotation>
      </parameter>
      <parameter metaid="COPASI31" id="parameter_2" name="T21tot" value="2.5e-007">
        <annotation>
          <COPASI xmlns="http://www.copasi.org/static/sbml">
            <rdf:RDF xmlns:dcterms="http://purl.org/dc/terms/" xmlns:rdf="http://www.w3.org/1999/02/22-rdf-syntax-ns#">
              <rdf:Description rdf:about="#COPASI31">
                <dcterms:created>
                  <rdf:Description>
                    <dcterms:W3CDTF>2010-12-08T18:09:06Z</dcterms:W3CDTF>
                  </rdf:Description>
                </dcterms:created>
              </rdf:Description>
            </rdf:RDF>
          </COPASI>
        </annotation>
      </parameter>
      <parameter metaid="COPASI32" id="parameter_3" name="A1tot" value="2.5e-007">
        <annotation>
          <COPASI xmlns="http://www.copasi.org/static/sbml">
            <rdf:RDF xmlns:dcterms="http://purl.org/dc/terms/" xmlns:rdf="http://www.w3.org/1999/02/22-rdf-syntax-ns#">
              <rdf:Description rdf:about="#COPASI32">
                <dcterms:created>
                  <rdf:Description>
                    <dcterms:W3CDTF>2010-12-08T18:08:36Z</dcterms:W3CDTF>
                  </rdf:Description>
                </dcterms:created>
              </rdf:Description>
            </rdf:RDF>
          </COPASI>
        </annotation>
      </parameter>
      <parameter metaid="COPASI33" id="parameter_4" name="dI1tot" value="1e-006">
        <annotation>
          <COPASI xmlns="http://www.copasi.org/static/sbml">
            <rdf:RDF xmlns:dcterms="http://purl.org/dc/terms/" xmlns:rdf="http://www.w3.org/1999/02/22-rdf-syntax-ns#">
              <rdf:Description rdf:about="#COPASI33">
                <dcterms:created>
                  <rdf:Description>
                    <dcterms:W3CDTF>2010-12-08T18:08:52Z</dcterms:W3CDTF>
                  </rdf:Description>
                </dcterms:created>
              </rdf:Description>
            </rdf:RDF>
          </COPASI>
        </annotation>
      </parameter>
      <parameter metaid="COPASI34" id="parameter_5" name="A2tot" value="5e-007">
        <annotation>
          <COPASI xmlns="http://www.copasi.org/static/sbml">
            <rdf:RDF xmlns:dcterms="http://purl.org/dc/terms/" xmlns:rdf="http://www.w3.org/1999/02/22-rdf-syntax-ns#">
              <rdf:Description rdf:about="#COPASI34">
                <dcterms:created>
                  <rdf:Description>
                    <dcterms:W3CDTF>2010-12-08T18:08:45Z</dcterms:W3CDTF>
                  </rdf:Description>
                </dcterms:created>
              </rdf:Description>
            </rdf:RDF>
          </COPASI>
        </annotation>
      </parameter>
      <parameter metaid="COPASI35" id="parameter_6" name="RNAPtot" value="1.25e-007">
        <annotation>
          <COPASI xmlns="http://www.copasi.org/static/sbml">
            <rdf:RDF xmlns:dcterms="http://purl.org/dc/terms/" xmlns:rdf="http://www.w3.org/1999/02/22-rdf-syntax-ns#">
              <rdf:Description rdf:about="#COPASI35">
                <dcterms:created>
                  <rdf:Description>
                    <dcterms:W3CDTF>2010-12-08T18:10:51Z</dcterms:W3CDTF>
                  </rdf:Description>
                </dcterms:created>
              </rdf:Description>
            </rdf:RDF>
          </COPASI>
        </annotation>
      </parameter>
      <parameter metaid="COPASI36" id="parameter_7" name="RNaseHtot" value="1.75e-008">
        <annotation>
          <COPASI xmlns="http://www.copasi.org/static/sbml">
            <rdf:RDF xmlns:dcterms="http://purl.org/dc/terms/" xmlns:rdf="http://www.w3.org/1999/02/22-rdf-syntax-ns#">
              <rdf:Description rdf:about="#COPASI36">
                <dcterms:created>
                  <rdf:Description>
                    <dcterms:W3CDTF>2010-12-08T18:11:02Z</dcterms:W3CDTF>
                  </rdf:Description>
                </dcterms:created>
              </rdf:Description>
            </rdf:RDF>
          </COPASI>
        </annotation>
      </parameter>
      <parameter metaid="COPASI37" id="parameter_8" name="kTA21" value="60400">
        <annotation>
          <COPASI xmlns="http://www.copasi.org/static/sbml">
            <rdf:RDF xmlns:dcterms="http://purl.org/dc/terms/" xmlns:rdf="http://www.w3.org/1999/02/22-rdf-syntax-ns#">
              <rdf:Description rdf:about="#COPASI37">
                <dcterms:created>
                  <rdf:Description>
                    <dcterms:W3CDTF>2010-12-09T07:05:53Z</dcterms:W3CDTF>
                  </rdf:Description>
                </dcterms:created>
              </rdf:Description>
            </rdf:RDF>
          </COPASI>
        </annotation>
      </parameter>
      <parameter metaid="COPASI38" id="parameter_9" name="kTA12" value="4630">
        <annotation>
          <COPASI xmlns="http://www.copasi.org/static/sbml">
            <rdf:RDF xmlns:dcterms="http://purl.org/dc/terms/" xmlns:rdf="http://www.w3.org/1999/02/22-rdf-syntax-ns#">
              <rdf:Description rdf:about="#COPASI38">
                <dcterms:created>
                  <rdf:Description>
                    <dcterms:W3CDTF>2010-12-08T18:10:23Z</dcterms:W3CDTF>
                  </rdf:Description>
                </dcterms:created>
              </rdf:Description>
            </rdf:RDF>
          </COPASI>
        </annotation>
      </parameter>
      <parameter metaid="COPASI39" id="parameter_10" name="kAI1" value="10000">
        <annotation>
          <COPASI xmlns="http://www.copasi.org/static/sbml">
            <rdf:RDF xmlns:dcterms="http://purl.org/dc/terms/" xmlns:rdf="http://www.w3.org/1999/02/22-rdf-syntax-ns#">
              <rdf:Description rdf:about="#COPASI39">
                <dcterms:created>
                  <rdf:Description>
                    <dcterms:W3CDTF>2010-12-09T07:06:24Z</dcterms:W3CDTF>
                  </rdf:Description>
                </dcterms:created>
              </rdf:Description>
            </rdf:RDF>
          </COPASI>
        </annotation>
      </parameter>
      <parameter metaid="COPASI40" id="parameter_11" name="krAI1" value="42700">
        <annotation>
          <COPASI xmlns="http://www.copasi.org/static/sbml">
            <rdf:RDF xmlns:dcterms="http://purl.org/dc/terms/" xmlns:rdf="http://www.w3.org/1999/02/22-rdf-syntax-ns#">
              <rdf:Description rdf:about="#COPASI40">
                <dcterms:created>
                  <rdf:Description>
                    <dcterms:W3CDTF>2010-12-09T07:06:08Z</dcterms:W3CDTF>
                  </rdf:Description>
                </dcterms:created>
              </rdf:Description>
            </rdf:RDF>
          </COPASI>
        </annotation>
      </parameter>
      <parameter metaid="COPASI41" id="parameter_12" name="kAI2" value="42800">
        <annotation>
          <COPASI xmlns="http://www.copasi.org/static/sbml">
            <rdf:RDF xmlns:dcterms="http://purl.org/dc/terms/" xmlns:rdf="http://www.w3.org/1999/02/22-rdf-syntax-ns#">
              <rdf:Description rdf:about="#COPASI41">
                <dcterms:created>
                  <rdf:Description>
                    <dcterms:W3CDTF>2010-12-09T07:07:22Z</dcterms:W3CDTF>
                  </rdf:Description>
                </dcterms:created>
              </rdf:Description>
            </rdf:RDF>
          </COPASI>
        </annotation>
      </parameter>
      <parameter metaid="COPASI42" id="parameter_13" name="kTAI21" value="10300">
        <annotation>
          <COPASI xmlns="http://www.copasi.org/static/sbml">
            <rdf:RDF xmlns:dcterms="http://purl.org/dc/terms/" xmlns:rdf="http://www.w3.org/1999/02/22-rdf-syntax-ns#">
              <rdf:Description rdf:about="#COPASI42">
                <dcterms:created>
                  <rdf:Description>
                    <dcterms:W3CDTF>2010-12-09T07:06:44Z</dcterms:W3CDTF>
                  </rdf:Description>
                </dcterms:created>
              </rdf:Description>
            </rdf:RDF>
          </COPASI>
        </annotation>
      </parameter>
      <parameter metaid="COPASI43" id="parameter_14" name="kTAI12" value="22300">
        <annotation>
          <COPASI xmlns="http://www.copasi.org/static/sbml">
            <rdf:RDF xmlns:dcterms="http://purl.org/dc/terms/" xmlns:rdf="http://www.w3.org/1999/02/22-rdf-syntax-ns#">
              <rdf:Description rdf:about="#COPASI43">
                <dcterms:created>
                  <rdf:Description>
                    <dcterms:W3CDTF>2010-12-09T07:07:32Z</dcterms:W3CDTF>
                  </rdf:Description>
                </dcterms:created>
              </rdf:Description>
            </rdf:RDF>
          </COPASI>
        </annotation>
      </parameter>
      <parameter metaid="COPASI44" id="parameter_15" name="kAIrA1" value="79600">
        <annotation>
          <COPASI xmlns="http://www.copasi.org/static/sbml">
            <rdf:RDF xmlns:dcterms="http://purl.org/dc/terms/" xmlns:rdf="http://www.w3.org/1999/02/22-rdf-syntax-ns#">
              <rdf:Description rdf:about="#COPASI44">
                <dcterms:created>
                  <rdf:Description>
                    <dcterms:W3CDTF>2010-12-09T07:06:55Z</dcterms:W3CDTF>
                  </rdf:Description>
                </dcterms:created>
              </rdf:Description>
            </rdf:RDF>
          </COPASI>
        </annotation>
      </parameter>
      <parameter metaid="COPASI45" id="parameter_16" name="kplus" value="100000000">
        <annotation>
          <COPASI xmlns="http://www.copasi.org/static/sbml">
            <rdf:RDF xmlns:dcterms="http://purl.org/dc/terms/" xmlns:rdf="http://www.w3.org/1999/02/22-rdf-syntax-ns#">
              <rdf:Description rdf:about="#COPASI45">
                <dcterms:created>
                  <rdf:Description>
                    <dcterms:W3CDTF>2010-12-09T07:09:12Z</dcterms:W3CDTF>
                  </rdf:Description>
                </dcterms:created>
              </rdf:Description>
            </rdf:RDF>
          </COPASI>
        </annotation>
      </parameter>
      <parameter metaid="COPASI46" id="parameter_17" name="kplusH" value="100000000">
        <annotation>
          <COPASI xmlns="http://www.copasi.org/static/sbml">
            <rdf:RDF xmlns:dcterms="http://purl.org/dc/terms/" xmlns:rdf="http://www.w3.org/1999/02/22-rdf-syntax-ns#">
              <rdf:Description rdf:about="#COPASI46">
                <dcterms:created>
                  <rdf:Description>
                    <dcterms:W3CDTF>2010-12-08T18:10:21Z</dcterms:W3CDTF>
                  </rdf:Description>
                </dcterms:created>
              </rdf:Description>
            </rdf:RDF>
          </COPASI>
        </annotation>
      </parameter>
      <parameter metaid="COPASI47" id="parameter_18" name="kminusON12" value="11.3">
        <annotation>
          <COPASI xmlns="http://www.copasi.org/static/sbml">
            <rdf:RDF xmlns:dcterms="http://purl.org/dc/terms/" xmlns:rdf="http://www.w3.org/1999/02/22-rdf-syntax-ns#">
              <rdf:Description rdf:about="#COPASI47">
                <dcterms:created>
                  <rdf:Description>
                    <dcterms:W3CDTF>2010-12-09T07:30:43Z</dcterms:W3CDTF>
                  </rdf:Description>
                </dcterms:created>
              </rdf:Description>
            </rdf:RDF>
          </COPASI>
        </annotation>
      </parameter>
      <parameter metaid="COPASI48" id="parameter_19" name="kminusOFF12" value="161">
        <annotation>
          <COPASI xmlns="http://www.copasi.org/static/sbml">
            <rdf:RDF xmlns:dcterms="http://purl.org/dc/terms/" xmlns:rdf="http://www.w3.org/1999/02/22-rdf-syntax-ns#">
              <rdf:Description rdf:about="#COPASI48">
                <dcterms:created>
                  <rdf:Description>
                    <dcterms:W3CDTF>2010-12-09T07:32:11Z</dcterms:W3CDTF>
                  </rdf:Description>
                </dcterms:created>
              </rdf:Description>
            </rdf:RDF>
          </COPASI>
        </annotation>
      </parameter>
      <parameter metaid="COPASI49" id="parameter_20" name="kminusON21" value="11.8">
        <annotation>
          <COPASI xmlns="http://www.copasi.org/static/sbml">
            <rdf:RDF xmlns:dcterms="http://purl.org/dc/terms/" xmlns:rdf="http://www.w3.org/1999/02/22-rdf-syntax-ns#">
              <rdf:Description rdf:about="#COPASI49">
                <dcterms:created>
                  <rdf:Description>
                    <dcterms:W3CDTF>2010-12-08T17:40:04Z</dcterms:W3CDTF>
                  </rdf:Description>
                </dcterms:created>
              </rdf:Description>
            </rdf:RDF>
          </COPASI>
        </annotation>
      </parameter>
      <parameter metaid="COPASI50" id="parameter_21" name="kminusOFF21" value="48">
        <annotation>
          <COPASI xmlns="http://www.copasi.org/static/sbml">
            <rdf:RDF xmlns:dcterms="http://purl.org/dc/terms/" xmlns:rdf="http://www.w3.org/1999/02/22-rdf-syntax-ns#">
              <rdf:Description rdf:about="#COPASI50">
                <dcterms:created>
                  <rdf:Description>
                    <dcterms:W3CDTF>2010-12-09T07:31:37Z</dcterms:W3CDTF>
                  </rdf:Description>
                </dcterms:created>
              </rdf:Description>
            </rdf:RDF>
          </COPASI>
        </annotation>
      </parameter>
      <parameter metaid="COPASI51" id="parameter_22" name="kminusH1" value="4.4">
        <annotation>
          <COPASI xmlns="http://www.copasi.org/static/sbml">
            <rdf:RDF xmlns:dcterms="http://purl.org/dc/terms/" xmlns:rdf="http://www.w3.org/1999/02/22-rdf-syntax-ns#">
              <rdf:Description rdf:about="#COPASI51">
                <dcterms:created>
                  <rdf:Description>
                    <dcterms:W3CDTF>2010-12-09T07:33:41Z</dcterms:W3CDTF>
                  </rdf:Description>
                </dcterms:created>
              </rdf:Description>
            </rdf:RDF>
          </COPASI>
        </annotation>
      </parameter>
      <parameter metaid="COPASI52" id="parameter_23" name="kminusH2" value="5.5">
        <annotation>
          <COPASI xmlns="http://www.copasi.org/static/sbml">
            <rdf:RDF xmlns:dcterms="http://purl.org/dc/terms/" xmlns:rdf="http://www.w3.org/1999/02/22-rdf-syntax-ns#">
              <rdf:Description rdf:about="#COPASI52">
                <dcterms:created>
                  <rdf:Description>
                    <dcterms:W3CDTF>2010-12-09T07:33:57Z</dcterms:W3CDTF>
                  </rdf:Description>
                </dcterms:created>
              </rdf:Description>
            </rdf:RDF>
          </COPASI>
        </annotation>
      </parameter>
      <parameter metaid="COPASI53" id="parameter_24" name="kcatON12" value="0.081">
        <annotation>
          <COPASI xmlns="http://www.copasi.org/static/sbml">
            <rdf:RDF xmlns:dcterms="http://purl.org/dc/terms/" xmlns:rdf="http://www.w3.org/1999/02/22-rdf-syntax-ns#">
              <rdf:Description rdf:about="#COPASI53">
                <dcterms:created>
                  <rdf:Description>
                    <dcterms:W3CDTF>2010-12-09T07:32:44Z</dcterms:W3CDTF>
                  </rdf:Description>
                </dcterms:created>
              </rdf:Description>
            </rdf:RDF>
          </COPASI>
        </annotation>
      </parameter>
      <parameter metaid="COPASI54" id="parameter_25" name="kcatOFF12" value="0.0018">
        <annotation>
          <COPASI xmlns="http://www.copasi.org/static/sbml">
            <rdf:RDF xmlns:dcterms="http://purl.org/dc/terms/" xmlns:rdf="http://www.w3.org/1999/02/22-rdf-syntax-ns#">
              <rdf:Description rdf:about="#COPASI54">
                <dcterms:created>
                  <rdf:Description>
                    <dcterms:W3CDTF>2010-12-09T07:32:32Z</dcterms:W3CDTF>
                  </rdf:Description>
                </dcterms:created>
              </rdf:Description>
            </rdf:RDF>
          </COPASI>
        </annotation>
      </parameter>
      <parameter metaid="COPASI55" id="parameter_26" name="kcatON21" value="0.026">
        <annotation>
          <COPASI xmlns="http://www.copasi.org/static/sbml">
            <rdf:RDF xmlns:dcterms="http://purl.org/dc/terms/" xmlns:rdf="http://www.w3.org/1999/02/22-rdf-syntax-ns#">
              <rdf:Description rdf:about="#COPASI55">
                <dcterms:created>
                  <rdf:Description>
                    <dcterms:W3CDTF>2010-12-09T07:31:08Z</dcterms:W3CDTF>
                  </rdf:Description>
                </dcterms:created>
              </rdf:Description>
            </rdf:RDF>
          </COPASI>
        </annotation>
      </parameter>
      <parameter metaid="COPASI56" id="parameter_27" name="kcatOFF21" value="0.0024">
        <annotation>
          <COPASI xmlns="http://www.copasi.org/static/sbml">
            <rdf:RDF xmlns:dcterms="http://purl.org/dc/terms/" xmlns:rdf="http://www.w3.org/1999/02/22-rdf-syntax-ns#">
              <rdf:Description rdf:about="#COPASI56">
                <dcterms:created>
                  <rdf:Description>
                    <dcterms:W3CDTF>2010-12-09T07:31:19Z</dcterms:W3CDTF>
                  </rdf:Description>
                </dcterms:created>
              </rdf:Description>
            </rdf:RDF>
          </COPASI>
        </annotation>
      </parameter>
      <parameter metaid="COPASI57" id="parameter_28" name="kcatH1" value="0.024">
        <annotation>
          <COPASI xmlns="http://www.copasi.org/static/sbml">
            <rdf:RDF xmlns:dcterms="http://purl.org/dc/terms/" xmlns:rdf="http://www.w3.org/1999/02/22-rdf-syntax-ns#">
              <rdf:Description rdf:about="#COPASI57">
                <dcterms:created>
                  <rdf:Description>
                    <dcterms:W3CDTF>2010-12-09T07:33:23Z</dcterms:W3CDTF>
                  </rdf:Description>
                </dcterms:created>
              </rdf:Description>
            </rdf:RDF>
          </COPASI>
        </annotation>
      </parameter>
      <parameter metaid="COPASI58" id="parameter_29" name="kcatH2" value="0.062">
        <annotation>
          <COPASI xmlns="http://www.copasi.org/static/sbml">
            <rdf:RDF xmlns:dcterms="http://purl.org/dc/terms/" xmlns:rdf="http://www.w3.org/1999/02/22-rdf-syntax-ns#">
              <rdf:Description rdf:about="#COPASI58">
                <dcterms:created>
                  <rdf:Description>
                    <dcterms:W3CDTF>2010-12-08T18:13:21Z</dcterms:W3CDTF>
                  </rdf:Description>
                </dcterms:created>
              </rdf:Description>
            </rdf:RDF>
          </COPASI>
        </annotation>
      </parameter>
      <parameter metaid="COPASI59" id="parameter_30" name="kTA11" value="74000">
        <annotation>
          <COPASI xmlns="http://www.copasi.org/static/sbml">
            <rdf:RDF xmlns:dcterms="http://purl.org/dc/terms/" xmlns:rdf="http://www.w3.org/1999/02/22-rdf-syntax-ns#">
              <rdf:Description rdf:about="#COPASI59">
                <dcterms:created>
                  <rdf:Description>
                    <dcterms:W3CDTF>2010-12-09T07:51:14Z</dcterms:W3CDTF>
                  </rdf:Description>
                </dcterms:created>
              </rdf:Description>
            </rdf:RDF>
          </COPASI>
        </annotation>
      </parameter>
      <parameter metaid="COPASI60" id="parameter_31" name="kTAI11" value="28000">
        <annotation>
          <COPASI xmlns="http://www.copasi.org/static/sbml">
            <rdf:RDF xmlns:dcterms="http://purl.org/dc/terms/" xmlns:rdf="http://www.w3.org/1999/02/22-rdf-syntax-ns#">
              <rdf:Description rdf:about="#COPASI60">
                <dcterms:created>
                  <rdf:Description>
                    <dcterms:W3CDTF>2010-12-09T07:51:47Z</dcterms:W3CDTF>
                  </rdf:Description>
                </dcterms:created>
              </rdf:Description>
            </rdf:RDF>
          </COPASI>
        </annotation>
      </parameter>
      <parameter metaid="COPASI61" id="parameter_32" name="kminusON11" value="24.7">
        <annotation>
          <COPASI xmlns="http://www.copasi.org/static/sbml">
            <rdf:RDF xmlns:dcterms="http://purl.org/dc/terms/" xmlns:rdf="http://www.w3.org/1999/02/22-rdf-syntax-ns#">
              <rdf:Description rdf:about="#COPASI61">
                <dcterms:created>
                  <rdf:Description>
                    <dcterms:W3CDTF>2010-12-09T07:52:05Z</dcterms:W3CDTF>
                  </rdf:Description>
                </dcterms:created>
              </rdf:Description>
            </rdf:RDF>
          </COPASI>
        </annotation>
      </parameter>
      <parameter metaid="COPASI62" id="parameter_33" name="kminusOFF11" value="267">
        <annotation>
          <COPASI xmlns="http://www.copasi.org/static/sbml">
            <rdf:RDF xmlns:dcterms="http://purl.org/dc/terms/" xmlns:rdf="http://www.w3.org/1999/02/22-rdf-syntax-ns#">
              <rdf:Description rdf:about="#COPASI62">
                <dcterms:created>
                  <rdf:Description>
                    <dcterms:W3CDTF>2010-12-09T07:52:52Z</dcterms:W3CDTF>
                  </rdf:Description>
                </dcterms:created>
              </rdf:Description>
            </rdf:RDF>
          </COPASI>
        </annotation>
      </parameter>
      <parameter metaid="COPASI63" id="parameter_34" name="kcatON11" value="0.05">
        <annotation>
          <COPASI xmlns="http://www.copasi.org/static/sbml">
            <rdf:RDF xmlns:dcterms="http://purl.org/dc/terms/" xmlns:rdf="http://www.w3.org/1999/02/22-rdf-syntax-ns#">
              <rdf:Description rdf:about="#COPASI63">
                <dcterms:created>
                  <rdf:Description>
                    <dcterms:W3CDTF>2010-12-09T07:53:17Z</dcterms:W3CDTF>
                  </rdf:Description>
                </dcterms:created>
              </rdf:Description>
            </rdf:RDF>
          </COPASI>
        </annotation>
      </parameter>
      <parameter metaid="COPASI64" id="parameter_35" name="kcatOFF11" value="0.002">
        <annotation>
          <COPASI xmlns="http://www.copasi.org/static/sbml">
            <rdf:RDF xmlns:dcterms="http://purl.org/dc/terms/" xmlns:rdf="http://www.w3.org/1999/02/22-rdf-syntax-ns#">
              <rdf:Description rdf:about="#COPASI64">
                <dcterms:created>
                  <rdf:Description>
                    <dcterms:W3CDTF>2010-12-09T07:53:06Z</dcterms:W3CDTF>
                  </rdf:Description>
                </dcterms:created>
              </rdf:Description>
            </rdf:RDF>
          </COPASI>
        </annotation>
      </parameter>
      <parameter metaid="COPASI65" id="parameter_36" name="T11tot" value="0">
        <annotation>
          <COPASI xmlns="http://www.copasi.org/static/sbml">
            <rdf:RDF xmlns:dcterms="http://purl.org/dc/terms/" xmlns:rdf="http://www.w3.org/1999/02/22-rdf-syntax-ns#">
              <rdf:Description rdf:about="#COPASI65">
                <dcterms:created>
                  <rdf:Description>
                    <dcterms:W3CDTF>2010-12-09T07:56:20Z</dcterms:W3CDTF>
                  </rdf:Description>
                </dcterms:created>
              </rdf:Description>
            </rdf:RDF>
          </COPASI>
        </annotation>
      </parameter>
      <parameter metaid="COPASI66" id="parameter_37" name="ksplus" value="192000">
        <annotation>
          <COPASI xmlns="http://www.copasi.org/static/sbml">
            <rdf:RDF xmlns:dcterms="http://purl.org/dc/terms/" xmlns:rdf="http://www.w3.org/1999/02/22-rdf-syntax-ns#">
              <rdf:Description rdf:about="#COPASI66">
                <dcterms:created>
                  <rdf:Description>
                    <dcterms:W3CDTF>2010-12-09T09:43:19Z</dcterms:W3CDTF>
                  </rdf:Description>
                </dcterms:created>
              </rdf:Description>
            </rdf:RDF>
          </COPASI>
        </annotation>
      </parameter>
      <parameter metaid="COPASI67" id="parameter_38" name="ksminus" value="0.032">
        <annotation>
          <COPASI xmlns="http://www.copasi.org/static/sbml">
            <rdf:RDF xmlns:dcterms="http://purl.org/dc/terms/" xmlns:rdf="http://www.w3.org/1999/02/22-rdf-syntax-ns#">
              <rdf:Description rdf:about="#COPASI67">
                <dcterms:created>
                  <rdf:Description>
                    <dcterms:W3CDTF>2010-12-09T09:43:38Z</dcterms:W3CDTF>
                  </rdf:Description>
                </dcterms:created>
              </rdf:Description>
            </rdf:RDF>
          </COPASI>
        </annotation>
      </parameter>
      <parameter metaid="COPASI68" id="parameter_39" name="rA1init" value="8e-007">
        <annotation>
          <COPASI xmlns="http://www.copasi.org/static/sbml">
            <rdf:RDF xmlns:dcterms="http://purl.org/dc/terms/" xmlns:rdf="http://www.w3.org/1999/02/22-rdf-syntax-ns#">
              <rdf:Description rdf:about="#COPASI68">
                <dcterms:created>
                  <rdf:Description>
                    <dcterms:W3CDTF>2010-12-09T09:39:44Z</dcterms:W3CDTF>
                  </rdf:Description>
                </dcterms:created>
              </rdf:Description>
            </rdf:RDF>
          </COPASI>
        </annotation>
      </parameter>
      <parameter metaid="COPASI69" id="parameter_40" name="rI2init" value="5.5e-007">
        <annotation>
          <COPASI xmlns="http://www.copasi.org/static/sbml">
            <rdf:RDF xmlns:dcterms="http://purl.org/dc/terms/" xmlns:rdf="http://www.w3.org/1999/02/22-rdf-syntax-ns#">
              <rdf:Description rdf:about="#COPASI69">
                <dcterms:created>
                  <rdf:Description>
                    <dcterms:W3CDTF>2010-12-09T09:40:18Z</dcterms:W3CDTF>
                  </rdf:Description>
                </dcterms:created>
              </rdf:Description>
            </rdf:RDF>
          </COPASI>
        </annotation>
      </parameter>
    </listOfParameters>
    <listOfInitialAssignments>
      <initialAssignment symbol="species_1">
        <math xmlns="http://www.w3.org/1998/Math/MathML">
          <ci> parameter_1 </ci>
        </math>
      </initialAssignment>
      <initialAssignment symbol="species_2">
        <math xmlns="http://www.w3.org/1998/Math/MathML">
          <ci> parameter_5 </ci>
        </math>
      </initialAssignment>
      <initialAssignment symbol="species_3">
        <math xmlns="http://www.w3.org/1998/Math/MathML">
          <ci> parameter_2 </ci>
        </math>
      </initialAssignment>
      <initialAssignment symbol="species_4">
        <math xmlns="http://www.w3.org/1998/Math/MathML">
          <ci> parameter_3 </ci>
        </math>
      </initialAssignment>
      <initialAssignment symbol="species_5">
        <math xmlns="http://www.w3.org/1998/Math/MathML">
          <ci> parameter_4 </ci>
        </math>
      </initialAssignment>
      <initialAssignment symbol="species_6">
        <math xmlns="http://www.w3.org/1998/Math/MathML">
          <ci> parameter_39 </ci>
        </math>
      </initialAssignment>
      <initialAssignment symbol="species_7">
        <math xmlns="http://www.w3.org/1998/Math/MathML">
          <ci> parameter_40 </ci>
        </math>
      </initialAssignment>
      <initialAssignment symbol="species_13">
        <math xmlns="http://www.w3.org/1998/Math/MathML">
          <ci> parameter_6 </ci>
        </math>
      </initialAssignment>
      <initialAssignment symbol="species_14">
        <math xmlns="http://www.w3.org/1998/Math/MathML">
          <ci> parameter_7 </ci>
        </math>
      </initialAssignment>
      <initialAssignment symbol="species_21">
        <math xmlns="http://www.w3.org/1998/Math/MathML">
          <ci> parameter_36 </ci>
        </math>
      </initialAssignment>
    </listOfInitialAssignments>
    <listOfReactions>
      <reaction metaid="COPASI70" id="reaction_1" name="Activation1" reversible="false">
        <annotation>
          <COPASI xmlns="http://www.copasi.org/static/sbml">
            <rdf:RDF xmlns:dcterms="http://purl.org/dc/terms/" xmlns:rdf="http://www.w3.org/1999/02/22-rdf-syntax-ns#">
              <rdf:Description rdf:about="#COPASI70">
                <dcterms:created>
                  <rdf:Description>
                    <dcterms:W3CDTF>2010-12-08T17:42:36Z</dcterms:W3CDTF>
                  </rdf:Description>
                </dcterms:created>
              </rdf:Description>
            </rdf:RDF>
          </COPASI>
        </annotation>
        <listOfReactants>
          <speciesReference species="species_1"/>
          <speciesReference species="species_2"/>
        </listOfReactants>
        <listOfProducts>
          <speciesReference species="species_8"/>
        </listOfProducts>
        <kineticLaw>
          <math xmlns="http://www.w3.org/1998/Math/MathML">
            <apply>
              <times/>
              <ci> compartment_1 </ci>
              <ci> parameter_9 </ci>
              <ci> species_1 </ci>
              <ci> species_2 </ci>
            </apply>
          </math>
        </kineticLaw>
      </reaction>
      <reaction metaid="COPASI71" id="reaction_2" name="Activation2" reversible="false">
        <annotation>
          <COPASI xmlns="http://www.copasi.org/static/sbml">
            <rdf:RDF xmlns:dcterms="http://purl.org/dc/terms/" xmlns:rdf="http://www.w3.org/1999/02/22-rdf-syntax-ns#">
              <rdf:Description rdf:about="#COPASI71">
                <dcterms:created>
                  <rdf:Description>
                    <dcterms:W3CDTF>2010-12-08T17:44:01Z</dcterms:W3CDTF>
                  </rdf:Description>
                </dcterms:created>
              </rdf:Description>
            </rdf:RDF>
          </COPASI>
        </annotation>
        <listOfReactants>
          <speciesReference species="species_3"/>
          <speciesReference species="species_4"/>
        </listOfReactants>
        <listOfProducts>
          <speciesReference species="species_9"/>
        </listOfProducts>
        <kineticLaw>
          <math xmlns="http://www.w3.org/1998/Math/MathML">
            <apply>
              <times/>
              <ci> compartment_1 </ci>
              <ci> parameter_8 </ci>
              <ci> species_3 </ci>
              <ci> species_4 </ci>
            </apply>
          </math>
        </kineticLaw>
      </reaction>
      <reaction metaid="COPASI72" id="reaction_3" name="Annihilation1" reversible="false">
        <annotation>
          <COPASI xmlns="http://www.copasi.org/static/sbml">
            <rdf:RDF xmlns:dcterms="http://purl.org/dc/terms/" xmlns:rdf="http://www.w3.org/1999/02/22-rdf-syntax-ns#">
              <rdf:Description rdf:about="#COPASI72">
                <dcterms:created>
                  <rdf:Description>
                    <dcterms:W3CDTF>2010-12-08T17:44:36Z</dcterms:W3CDTF>
                  </rdf:Description>
                </dcterms:created>
              </rdf:Description>
            </rdf:RDF>
          </COPASI>
        </annotation>
        <listOfReactants>
          <speciesReference species="species_4"/>
          <speciesReference species="species_5"/>
        </listOfReactants>
        <listOfProducts>
          <speciesReference species="species_10"/>
        </listOfProducts>
        <kineticLaw>
          <math xmlns="http://www.w3.org/1998/Math/MathML">
            <apply>
              <times/>
              <ci> compartment_1 </ci>
              <ci> parameter_10 </ci>
              <ci> species_4 </ci>
              <ci> species_5 </ci>
            </apply>
          </math>
        </kineticLaw>
      </reaction>
      <reaction metaid="COPASI73" id="reaction_4" name="Annihilation2" reversible="false">
        <annotation>
          <COPASI xmlns="http://www.copasi.org/static/sbml">
            <rdf:RDF xmlns:dcterms="http://purl.org/dc/terms/" xmlns:rdf="http://www.w3.org/1999/02/22-rdf-syntax-ns#">
              <rdf:Description rdf:about="#COPASI73">
                <dcterms:created>
                  <rdf:Description>
                    <dcterms:W3CDTF>2010-12-08T17:45:00Z</dcterms:W3CDTF>
                  </rdf:Description>
                </dcterms:created>
              </rdf:Description>
            </rdf:RDF>
          </COPASI>
        </annotation>
        <listOfReactants>
          <speciesReference species="species_6"/>
          <speciesReference species="species_5"/>
        </listOfReactants>
        <listOfProducts>
          <speciesReference species="species_11"/>
        </listOfProducts>
        <kineticLaw>
          <math xmlns="http://www.w3.org/1998/Math/MathML">
            <apply>
              <times/>
              <ci> compartment_1 </ci>
              <ci> parameter_11 </ci>
              <ci> species_6 </ci>
              <ci> species_5 </ci>
            </apply>
          </math>
        </kineticLaw>
      </reaction>
      <reaction metaid="COPASI74" id="reaction_5" name="Annihilation3" reversible="false">
        <annotation>
          <COPASI xmlns="http://www.copasi.org/static/sbml">
            <rdf:RDF xmlns:dcterms="http://purl.org/dc/terms/" xmlns:rdf="http://www.w3.org/1999/02/22-rdf-syntax-ns#">
              <rdf:Description rdf:about="#COPASI74">
                <dcterms:created>
                  <rdf:Description>
                    <dcterms:W3CDTF>2010-12-08T17:45:24Z</dcterms:W3CDTF>
                  </rdf:Description>
                </dcterms:created>
              </rdf:Description>
            </rdf:RDF>
          </COPASI>
        </annotation>
        <listOfReactants>
          <speciesReference species="species_2"/>
          <speciesReference species="species_7"/>
        </listOfReactants>
        <listOfProducts>
          <speciesReference species="species_12"/>
        </listOfProducts>
        <kineticLaw>
          <math xmlns="http://www.w3.org/1998/Math/MathML">
            <apply>
              <times/>
              <ci> compartment_1 </ci>
              <ci> parameter_12 </ci>
              <ci> species_2 </ci>
              <ci> species_7 </ci>
            </apply>
          </math>
        </kineticLaw>
      </reaction>
      <reaction metaid="COPASI75" id="reaction_6" name="Inhibition1" reversible="false">
        <annotation>
          <COPASI xmlns="http://www.copasi.org/static/sbml">
            <rdf:RDF xmlns:dcterms="http://purl.org/dc/terms/" xmlns:rdf="http://www.w3.org/1999/02/22-rdf-syntax-ns#">
              <rdf:Description rdf:about="#COPASI75">
                <dcterms:created>
                  <rdf:Description>
                    <dcterms:W3CDTF>2010-12-08T17:45:56Z</dcterms:W3CDTF>
                  </rdf:Description>
                </dcterms:created>
              </rdf:Description>
            </rdf:RDF>
          </COPASI>
        </annotation>
        <listOfReactants>
          <speciesReference species="species_8"/>
          <speciesReference species="species_7"/>
        </listOfReactants>
        <listOfProducts>
          <speciesReference species="species_1"/>
          <speciesReference species="species_12"/>
        </listOfProducts>
        <kineticLaw>
          <math xmlns="http://www.w3.org/1998/Math/MathML">
            <apply>
              <times/>
              <ci> compartment_1 </ci>
              <ci> parameter_14 </ci>
              <ci> species_8 </ci>
              <ci> species_7 </ci>
            </apply>
          </math>
        </kineticLaw>
      </reaction>
      <reaction metaid="COPASI76" id="reaction_7" name="Inhibition2" reversible="false">
        <annotation>
          <COPASI xmlns="http://www.copasi.org/static/sbml">
            <rdf:RDF xmlns:dcterms="http://purl.org/dc/terms/" xmlns:rdf="http://www.w3.org/1999/02/22-rdf-syntax-ns#">
              <rdf:Description rdf:about="#COPASI76">
                <dcterms:created>
                  <rdf:Description>
                    <dcterms:W3CDTF>2010-12-08T17:46:30Z</dcterms:W3CDTF>
                  </rdf:Description>
                </dcterms:created>
              </rdf:Description>
            </rdf:RDF>
          </COPASI>
        </annotation>
        <listOfReactants>
          <speciesReference species="species_9"/>
          <speciesReference species="species_5"/>
        </listOfReactants>
        <listOfProducts>
          <speciesReference species="species_3"/>
          <speciesReference species="species_10"/>
        </listOfProducts>
        <kineticLaw>
          <math xmlns="http://www.w3.org/1998/Math/MathML">
            <apply>
              <times/>
              <ci> compartment_1 </ci>
              <ci> parameter_13 </ci>
              <ci> species_9 </ci>
              <ci> species_5 </ci>
            </apply>
          </math>
        </kineticLaw>
      </reaction>
      <reaction metaid="COPASI77" id="reaction_8" name="Release" reversible="false">
        <annotation>
          <COPASI xmlns="http://www.copasi.org/static/sbml">
            <rdf:RDF xmlns:dcterms="http://purl.org/dc/terms/" xmlns:rdf="http://www.w3.org/1999/02/22-rdf-syntax-ns#">
              <rdf:Description rdf:about="#COPASI77">
                <dcterms:created>
                  <rdf:Description>
                    <dcterms:W3CDTF>2010-12-08T17:46:56Z</dcterms:W3CDTF>
                  </rdf:Description>
                </dcterms:created>
              </rdf:Description>
            </rdf:RDF>
          </COPASI>
        </annotation>
        <listOfReactants>
          <speciesReference species="species_6"/>
          <speciesReference species="species_10"/>
        </listOfReactants>
        <listOfProducts>
          <speciesReference species="species_4"/>
          <speciesReference species="species_11"/>
        </listOfProducts>
        <kineticLaw>
          <math xmlns="http://www.w3.org/1998/Math/MathML">
            <apply>
              <times/>
              <ci> compartment_1 </ci>
              <ci> parameter_15 </ci>
              <ci> species_6 </ci>
              <ci> species_10 </ci>
            </apply>
          </math>
        </kineticLaw>
      </reaction>
      <reaction metaid="COPASI78" id="reaction_9" name="RNAPbinding1">
        <annotation>
          <COPASI xmlns="http://www.copasi.org/static/sbml">
            <rdf:RDF xmlns:dcterms="http://purl.org/dc/terms/" xmlns:rdf="http://www.w3.org/1999/02/22-rdf-syntax-ns#">
              <rdf:Description rdf:about="#COPASI78">
                <dcterms:created>
                  <rdf:Description>
                    <dcterms:W3CDTF>2010-12-08T17:47:43Z</dcterms:W3CDTF>
                  </rdf:Description>
                </dcterms:created>
              </rdf:Description>
            </rdf:RDF>
          </COPASI>
        </annotation>
        <listOfReactants>
          <speciesReference species="species_13"/>
          <speciesReference species="species_8"/>
        </listOfReactants>
        <listOfProducts>
          <speciesReference species="species_15"/>
        </listOfProducts>
        <kineticLaw>
          <math xmlns="http://www.w3.org/1998/Math/MathML">
            <apply>
              <times/>
              <ci> compartment_1 </ci>
              <apply>
                <minus/>
                <apply>
                  <times/>
                  <ci> parameter_16 </ci>
                  <ci> species_13 </ci>
                  <ci> species_8 </ci>
                </apply>
                <apply>
                  <times/>
                  <ci> parameter_18 </ci>
                  <ci> species_15 </ci>
                </apply>
              </apply>
            </apply>
          </math>
        </kineticLaw>
      </reaction>
      <reaction metaid="COPASI79" id="reaction_10" name="RNAPbinding2">
        <annotation>
          <COPASI xmlns="http://www.copasi.org/static/sbml">
            <rdf:RDF xmlns:dcterms="http://purl.org/dc/terms/" xmlns:rdf="http://www.w3.org/1999/02/22-rdf-syntax-ns#">
              <rdf:Description rdf:about="#COPASI79">
                <dcterms:created>
                  <rdf:Description>
                    <dcterms:W3CDTF>2010-12-08T17:49:33Z</dcterms:W3CDTF>
                  </rdf:Description>
                </dcterms:created>
              </rdf:Description>
            </rdf:RDF>
          </COPASI>
        </annotation>
        <listOfReactants>
          <speciesReference species="species_13"/>
          <speciesReference species="species_9"/>
        </listOfReactants>
        <listOfProducts>
          <speciesReference species="species_17"/>
        </listOfProducts>
        <kineticLaw>
          <math xmlns="http://www.w3.org/1998/Math/MathML">
            <apply>
              <times/>
              <ci> compartment_1 </ci>
              <apply>
                <minus/>
                <apply>
                  <times/>
                  <ci> parameter_16 </ci>
                  <ci> species_13 </ci>
                  <ci> species_9 </ci>
                </apply>
                <apply>
                  <times/>
                  <ci> parameter_20 </ci>
                  <ci> species_17 </ci>
                </apply>
              </apply>
            </apply>
          </math>
        </kineticLaw>
      </reaction>
      <reaction metaid="COPASI80" id="reaction_11" name="RNAPbinding3">
        <annotation>
          <COPASI xmlns="http://www.copasi.org/static/sbml">
            <rdf:RDF xmlns:dcterms="http://purl.org/dc/terms/" xmlns:rdf="http://www.w3.org/1999/02/22-rdf-syntax-ns#">
              <rdf:Description rdf:about="#COPASI80">
                <dcterms:created>
                  <rdf:Description>
                    <dcterms:W3CDTF>2010-12-08T17:50:08Z</dcterms:W3CDTF>
                  </rdf:Description>
                </dcterms:created>
              </rdf:Description>
            </rdf:RDF>
          </COPASI>
        </annotation>
        <listOfReactants>
          <speciesReference species="species_13"/>
          <speciesReference species="species_1"/>
        </listOfReactants>
        <listOfProducts>
          <speciesReference species="species_16"/>
        </listOfProducts>
        <kineticLaw>
          <math xmlns="http://www.w3.org/1998/Math/MathML">
            <apply>
              <times/>
              <ci> compartment_1 </ci>
              <apply>
                <minus/>
                <apply>
                  <times/>
                  <ci> parameter_16 </ci>
                  <ci> species_13 </ci>
                  <ci> species_1 </ci>
                </apply>
                <apply>
                  <times/>
                  <ci> parameter_19 </ci>
                  <ci> species_16 </ci>
                </apply>
              </apply>
            </apply>
          </math>
        </kineticLaw>
      </reaction>
      <reaction metaid="COPASI81" id="reaction_12" name="RNAPbinding4">
        <annotation>
          <COPASI xmlns="http://www.copasi.org/static/sbml">
            <rdf:RDF xmlns:dcterms="http://purl.org/dc/terms/" xmlns:rdf="http://www.w3.org/1999/02/22-rdf-syntax-ns#">
              <rdf:Description rdf:about="#COPASI81">
                <dcterms:created>
                  <rdf:Description>
                    <dcterms:W3CDTF>2010-12-08T17:50:44Z</dcterms:W3CDTF>
                  </rdf:Description>
                </dcterms:created>
              </rdf:Description>
            </rdf:RDF>
          </COPASI>
        </annotation>
        <listOfReactants>
          <speciesReference species="species_13"/>
          <speciesReference species="species_3"/>
        </listOfReactants>
        <listOfProducts>
          <speciesReference species="species_18"/>
        </listOfProducts>
        <kineticLaw>
          <math xmlns="http://www.w3.org/1998/Math/MathML">
            <apply>
              <times/>
              <ci> compartment_1 </ci>
              <apply>
                <minus/>
                <apply>
                  <times/>
                  <ci> parameter_16 </ci>
                  <ci> species_13 </ci>
                  <ci> species_3 </ci>
                </apply>
                <apply>
                  <times/>
                  <ci> parameter_21 </ci>
                  <ci> species_18 </ci>
                </apply>
              </apply>
            </apply>
          </math>
        </kineticLaw>
      </reaction>
      <reaction metaid="COPASI82" id="reaction_13" name="RNAPcat1" reversible="false">
        <annotation>
          <COPASI xmlns="http://www.copasi.org/static/sbml">
            <rdf:RDF xmlns:dcterms="http://purl.org/dc/terms/" xmlns:rdf="http://www.w3.org/1999/02/22-rdf-syntax-ns#">
              <rdf:Description rdf:about="#COPASI82">
                <dcterms:created>
                  <rdf:Description>
                    <dcterms:W3CDTF>2010-12-08T17:51:24Z</dcterms:W3CDTF>
                  </rdf:Description>
                </dcterms:created>
              </rdf:Description>
            </rdf:RDF>
          </COPASI>
        </annotation>
        <listOfReactants>
          <speciesReference species="species_15"/>
        </listOfReactants>
        <listOfProducts>
          <speciesReference species="species_13"/>
          <speciesReference species="species_8"/>
          <speciesReference species="species_6"/>
        </listOfProducts>
        <kineticLaw>
          <math xmlns="http://www.w3.org/1998/Math/MathML">
            <apply>
              <times/>
              <ci> compartment_1 </ci>
              <ci> parameter_24 </ci>
              <ci> species_15 </ci>
            </apply>
          </math>
        </kineticLaw>
      </reaction>
      <reaction metaid="COPASI83" id="reaction_14" name="RNAPcat2" reversible="false">
        <annotation>
          <COPASI xmlns="http://www.copasi.org/static/sbml">
            <rdf:RDF xmlns:dcterms="http://purl.org/dc/terms/" xmlns:rdf="http://www.w3.org/1999/02/22-rdf-syntax-ns#">
              <rdf:Description rdf:about="#COPASI83">
                <dcterms:created>
                  <rdf:Description>
                    <dcterms:W3CDTF>2010-12-08T17:52:05Z</dcterms:W3CDTF>
                  </rdf:Description>
                </dcterms:created>
              </rdf:Description>
            </rdf:RDF>
          </COPASI>
        </annotation>
        <listOfReactants>
          <speciesReference species="species_17"/>
        </listOfReactants>
        <listOfProducts>
          <speciesReference species="species_13"/>
          <speciesReference species="species_9"/>
          <speciesReference species="species_7"/>
        </listOfProducts>
        <kineticLaw>
          <math xmlns="http://www.w3.org/1998/Math/MathML">
            <apply>
              <times/>
              <ci> compartment_1 </ci>
              <ci> parameter_26 </ci>
              <ci> species_17 </ci>
            </apply>
          </math>
        </kineticLaw>
      </reaction>
      <reaction metaid="COPASI84" id="reaction_15" name="RNAPcat3" reversible="false">
        <annotation>
          <COPASI xmlns="http://www.copasi.org/static/sbml">
            <rdf:RDF xmlns:dcterms="http://purl.org/dc/terms/" xmlns:rdf="http://www.w3.org/1999/02/22-rdf-syntax-ns#">
              <rdf:Description rdf:about="#COPASI84">
                <dcterms:created>
                  <rdf:Description>
                    <dcterms:W3CDTF>2010-12-08T17:52:41Z</dcterms:W3CDTF>
                  </rdf:Description>
                </dcterms:created>
              </rdf:Description>
            </rdf:RDF>
          </COPASI>
        </annotation>
        <listOfReactants>
          <speciesReference species="species_16"/>
        </listOfReactants>
        <listOfProducts>
          <speciesReference species="species_13"/>
          <speciesReference species="species_1"/>
          <speciesReference species="species_6"/>
        </listOfProducts>
        <kineticLaw>
          <math xmlns="http://www.w3.org/1998/Math/MathML">
            <apply>
              <times/>
              <ci> compartment_1 </ci>
              <ci> parameter_25 </ci>
              <ci> species_16 </ci>
            </apply>
          </math>
        </kineticLaw>
      </reaction>
      <reaction metaid="COPASI85" id="reaction_16" name="RNAPcat4" reversible="false">
        <annotation>
          <COPASI xmlns="http://www.copasi.org/static/sbml">
            <rdf:RDF xmlns:dcterms="http://purl.org/dc/terms/" xmlns:rdf="http://www.w3.org/1999/02/22-rdf-syntax-ns#">
              <rdf:Description rdf:about="#COPASI85">
                <dcterms:created>
                  <rdf:Description>
                    <dcterms:W3CDTF>2010-12-08T17:53:16Z</dcterms:W3CDTF>
                  </rdf:Description>
                </dcterms:created>
              </rdf:Description>
            </rdf:RDF>
          </COPASI>
        </annotation>
        <listOfReactants>
          <speciesReference species="species_18"/>
        </listOfReactants>
        <listOfProducts>
          <speciesReference species="species_13"/>
          <speciesReference species="species_3"/>
          <speciesReference species="species_7"/>
        </listOfProducts>
        <kineticLaw>
          <math xmlns="http://www.w3.org/1998/Math/MathML">
            <apply>
              <times/>
              <ci> compartment_1 </ci>
              <ci> parameter_27 </ci>
              <ci> species_18 </ci>
            </apply>
          </math>
        </kineticLaw>
      </reaction>
      <reaction metaid="COPASI86" id="reaction_17" name="RNaseHbinding1">
        <annotation>
          <COPASI xmlns="http://www.copasi.org/static/sbml">
            <rdf:RDF xmlns:dcterms="http://purl.org/dc/terms/" xmlns:rdf="http://www.w3.org/1999/02/22-rdf-syntax-ns#">
              <rdf:Description rdf:about="#COPASI86">
                <dcterms:created>
                  <rdf:Description>
                    <dcterms:W3CDTF>2010-12-08T17:54:42Z</dcterms:W3CDTF>
                  </rdf:Description>
                </dcterms:created>
              </rdf:Description>
            </rdf:RDF>
          </COPASI>
        </annotation>
        <listOfReactants>
          <speciesReference species="species_14"/>
          <speciesReference species="species_11"/>
        </listOfReactants>
        <listOfProducts>
          <speciesReference species="species_19"/>
        </listOfProducts>
        <kineticLaw>
          <math xmlns="http://www.w3.org/1998/Math/MathML">
            <apply>
              <times/>
              <ci> compartment_1 </ci>
              <apply>
                <minus/>
                <apply>
                  <times/>
                  <ci> parameter_17 </ci>
                  <ci> species_14 </ci>
                  <ci> species_11 </ci>
                </apply>
                <apply>
                  <times/>
                  <ci> parameter_22 </ci>
                  <ci> species_19 </ci>
                </apply>
              </apply>
            </apply>
          </math>
        </kineticLaw>
      </reaction>
      <reaction metaid="COPASI87" id="reaction_18" name="RNaseHbinding2">
        <annotation>
          <COPASI xmlns="http://www.copasi.org/static/sbml">
            <rdf:RDF xmlns:dcterms="http://purl.org/dc/terms/" xmlns:rdf="http://www.w3.org/1999/02/22-rdf-syntax-ns#">
              <rdf:Description rdf:about="#COPASI87">
                <dcterms:created>
                  <rdf:Description>
                    <dcterms:W3CDTF>2010-12-08T17:55:24Z</dcterms:W3CDTF>
                  </rdf:Description>
                </dcterms:created>
              </rdf:Description>
            </rdf:RDF>
          </COPASI>
        </annotation>
        <listOfReactants>
          <speciesReference species="species_14"/>
          <speciesReference species="species_12"/>
        </listOfReactants>
        <listOfProducts>
          <speciesReference species="species_20"/>
        </listOfProducts>
        <kineticLaw>
          <math xmlns="http://www.w3.org/1998/Math/MathML">
            <apply>
              <times/>
              <ci> compartment_1 </ci>
              <apply>
                <minus/>
                <apply>
                  <times/>
                  <ci> parameter_17 </ci>
                  <ci> species_14 </ci>
                  <ci> species_12 </ci>
                </apply>
                <apply>
                  <times/>
                  <ci> parameter_23 </ci>
                  <ci> species_20 </ci>
                </apply>
              </apply>
            </apply>
          </math>
        </kineticLaw>
      </reaction>
      <reaction metaid="COPASI88" id="reaction_19" name="RNaseHcat1" reversible="false">
        <annotation>
          <COPASI xmlns="http://www.copasi.org/static/sbml">
            <rdf:RDF xmlns:dcterms="http://purl.org/dc/terms/" xmlns:rdf="http://www.w3.org/1999/02/22-rdf-syntax-ns#">
              <rdf:Description rdf:about="#COPASI88">
                <dcterms:created>
                  <rdf:Description>
                    <dcterms:W3CDTF>2010-12-08T17:56:03Z</dcterms:W3CDTF>
                  </rdf:Description>
                </dcterms:created>
              </rdf:Description>
            </rdf:RDF>
          </COPASI>
        </annotation>
        <listOfReactants>
          <speciesReference species="species_19"/>
        </listOfReactants>
        <listOfProducts>
          <speciesReference species="species_14"/>
          <speciesReference species="species_5"/>
        </listOfProducts>
        <kineticLaw>
          <math xmlns="http://www.w3.org/1998/Math/MathML">
            <apply>
              <times/>
              <ci> compartment_1 </ci>
              <ci> parameter_28 </ci>
              <ci> species_19 </ci>
            </apply>
          </math>
        </kineticLaw>
      </reaction>
      <reaction metaid="COPASI89" id="reaction_20" name="RNaseHcat2" reversible="false">
        <annotation>
          <COPASI xmlns="http://www.copasi.org/static/sbml">
            <rdf:RDF xmlns:dcterms="http://purl.org/dc/terms/" xmlns:rdf="http://www.w3.org/1999/02/22-rdf-syntax-ns#">
              <rdf:Description rdf:about="#COPASI89">
                <dcterms:created>
                  <rdf:Description>
                    <dcterms:W3CDTF>2010-12-08T17:56:40Z</dcterms:W3CDTF>
                  </rdf:Description>
                </dcterms:created>
              </rdf:Description>
            </rdf:RDF>
          </COPASI>
        </annotation>
        <listOfReactants>
          <speciesReference species="species_20"/>
        </listOfReactants>
        <listOfProducts>
          <speciesReference species="species_14"/>
          <speciesReference species="species_26"/>
        </listOfProducts>
        <kineticLaw>
          <math xmlns="http://www.w3.org/1998/Math/MathML">
            <apply>
              <times/>
              <ci> compartment_1 </ci>
              <ci> parameter_29 </ci>
              <ci> species_20 </ci>
            </apply>
          </math>
        </kineticLaw>
      </reaction>
      <reaction metaid="COPASI90" id="reaction_21" name="Activation3" reversible="false">
        <annotation>
          <COPASI xmlns="http://www.copasi.org/static/sbml">
            <rdf:RDF xmlns:dcterms="http://purl.org/dc/terms/" xmlns:rdf="http://www.w3.org/1999/02/22-rdf-syntax-ns#">
              <rdf:Description rdf:about="#COPASI90">
                <dcterms:created>
                  <rdf:Description>
                    <dcterms:W3CDTF>2010-12-09T07:44:21Z</dcterms:W3CDTF>
                  </rdf:Description>
                </dcterms:created>
              </rdf:Description>
            </rdf:RDF>
          </COPASI>
        </annotation>
        <listOfReactants>
          <speciesReference species="species_21"/>
          <speciesReference species="species_4"/>
        </listOfReactants>
        <listOfProducts>
          <speciesReference species="species_22"/>
        </listOfProducts>
        <kineticLaw>
          <math xmlns="http://www.w3.org/1998/Math/MathML">
            <apply>
              <times/>
              <ci> compartment_1 </ci>
              <ci> parameter_30 </ci>
              <ci> species_21 </ci>
              <ci> species_4 </ci>
            </apply>
          </math>
        </kineticLaw>
      </reaction>
      <reaction metaid="COPASI91" id="reaction_22" name="Inhibition3" reversible="false">
        <annotation>
          <COPASI xmlns="http://www.copasi.org/static/sbml">
            <rdf:RDF xmlns:dcterms="http://purl.org/dc/terms/" xmlns:rdf="http://www.w3.org/1999/02/22-rdf-syntax-ns#">
              <rdf:Description rdf:about="#COPASI91">
                <dcterms:created>
                  <rdf:Description>
                    <dcterms:W3CDTF>2010-12-09T07:46:06Z</dcterms:W3CDTF>
                  </rdf:Description>
                </dcterms:created>
              </rdf:Description>
            </rdf:RDF>
          </COPASI>
        </annotation>
        <listOfReactants>
          <speciesReference species="species_22"/>
          <speciesReference species="species_5"/>
        </listOfReactants>
        <listOfProducts>
          <speciesReference species="species_21"/>
          <speciesReference species="species_10"/>
        </listOfProducts>
        <kineticLaw>
          <math xmlns="http://www.w3.org/1998/Math/MathML">
            <apply>
              <times/>
              <ci> compartment_1 </ci>
              <ci> parameter_31 </ci>
              <ci> species_22 </ci>
              <ci> species_5 </ci>
            </apply>
          </math>
        </kineticLaw>
      </reaction>
      <reaction metaid="COPASI92" id="reaction_23" name="RNAPbinding5">
        <annotation>
          <COPASI xmlns="http://www.copasi.org/static/sbml">
            <rdf:RDF xmlns:dcterms="http://purl.org/dc/terms/" xmlns:rdf="http://www.w3.org/1999/02/22-rdf-syntax-ns#">
              <rdf:Description rdf:about="#COPASI92">
                <dcterms:created>
                  <rdf:Description>
                    <dcterms:W3CDTF>2010-12-09T07:47:15Z</dcterms:W3CDTF>
                  </rdf:Description>
                </dcterms:created>
              </rdf:Description>
            </rdf:RDF>
          </COPASI>
        </annotation>
        <listOfReactants>
          <speciesReference species="species_13"/>
          <speciesReference species="species_22"/>
        </listOfReactants>
        <listOfProducts>
          <speciesReference species="species_23"/>
        </listOfProducts>
        <kineticLaw>
          <math xmlns="http://www.w3.org/1998/Math/MathML">
            <apply>
              <times/>
              <ci> compartment_1 </ci>
              <apply>
                <minus/>
                <apply>
                  <times/>
                  <ci> parameter_16 </ci>
                  <ci> species_13 </ci>
                  <ci> species_22 </ci>
                </apply>
                <apply>
                  <times/>
                  <ci> parameter_32 </ci>
                  <ci> species_23 </ci>
                </apply>
              </apply>
            </apply>
          </math>
        </kineticLaw>
      </reaction>
      <reaction metaid="COPASI93" id="reaction_24" name="RNAPbinding6">
        <annotation>
          <COPASI xmlns="http://www.copasi.org/static/sbml">
            <rdf:RDF xmlns:dcterms="http://purl.org/dc/terms/" xmlns:rdf="http://www.w3.org/1999/02/22-rdf-syntax-ns#">
              <rdf:Description rdf:about="#COPASI93">
                <dcterms:created>
                  <rdf:Description>
                    <dcterms:W3CDTF>2010-12-09T07:48:04Z</dcterms:W3CDTF>
                  </rdf:Description>
                </dcterms:created>
              </rdf:Description>
            </rdf:RDF>
          </COPASI>
        </annotation>
        <listOfReactants>
          <speciesReference species="species_13"/>
          <speciesReference species="species_21"/>
        </listOfReactants>
        <listOfProducts>
          <speciesReference species="species_24"/>
        </listOfProducts>
        <kineticLaw>
          <math xmlns="http://www.w3.org/1998/Math/MathML">
            <apply>
              <times/>
              <ci> compartment_1 </ci>
              <apply>
                <minus/>
                <apply>
                  <times/>
                  <ci> parameter_16 </ci>
                  <ci> species_13 </ci>
                  <ci> species_21 </ci>
                </apply>
                <apply>
                  <times/>
                  <ci> parameter_33 </ci>
                  <ci> species_24 </ci>
                </apply>
              </apply>
            </apply>
          </math>
        </kineticLaw>
      </reaction>
      <reaction metaid="COPASI94" id="reaction_25" name="RNAPcat5" reversible="false">
        <annotation>
          <COPASI xmlns="http://www.copasi.org/static/sbml">
            <rdf:RDF xmlns:dcterms="http://purl.org/dc/terms/" xmlns:rdf="http://www.w3.org/1999/02/22-rdf-syntax-ns#">
              <rdf:Description rdf:about="#COPASI94">
                <dcterms:created>
                  <rdf:Description>
                    <dcterms:W3CDTF>2010-12-09T07:48:43Z</dcterms:W3CDTF>
                  </rdf:Description>
                </dcterms:created>
              </rdf:Description>
            </rdf:RDF>
          </COPASI>
        </annotation>
        <listOfReactants>
          <speciesReference species="species_23"/>
        </listOfReactants>
        <listOfProducts>
          <speciesReference species="species_13"/>
          <speciesReference species="species_22"/>
          <speciesReference species="species_6"/>
        </listOfProducts>
        <kineticLaw>
          <math xmlns="http://www.w3.org/1998/Math/MathML">
            <apply>
              <times/>
              <ci> compartment_1 </ci>
              <ci> parameter_34 </ci>
              <ci> species_23 </ci>
            </apply>
          </math>
        </kineticLaw>
      </reaction>
      <reaction metaid="COPASI95" id="reaction_26" name="RNAPcat6" reversible="false">
        <annotation>
          <COPASI xmlns="http://www.copasi.org/static/sbml">
            <rdf:RDF xmlns:dcterms="http://purl.org/dc/terms/" xmlns:rdf="http://www.w3.org/1999/02/22-rdf-syntax-ns#">
              <rdf:Description rdf:about="#COPASI95">
                <dcterms:created>
                  <rdf:Description>
                    <dcterms:W3CDTF>2010-12-09T07:49:22Z</dcterms:W3CDTF>
                  </rdf:Description>
                </dcterms:created>
              </rdf:Description>
            </rdf:RDF>
          </COPASI>
        </annotation>
        <listOfReactants>
          <speciesReference species="species_24"/>
        </listOfReactants>
        <listOfProducts>
          <speciesReference species="species_13"/>
          <speciesReference species="species_21"/>
          <speciesReference species="species_6"/>
        </listOfProducts>
        <kineticLaw>
          <math xmlns="http://www.w3.org/1998/Math/MathML">
            <apply>
              <times/>
              <ci> compartment_1 </ci>
              <ci> parameter_35 </ci>
              <ci> species_24 </ci>
            </apply>
          </math>
        </kineticLaw>
      </reaction>
      <reaction metaid="COPASI96" id="reaction_27" name="RNAPbinding7">
        <annotation>
          <COPASI xmlns="http://www.copasi.org/static/sbml">
            <rdf:RDF xmlns:dcterms="http://purl.org/dc/terms/" xmlns:rdf="http://www.w3.org/1999/02/22-rdf-syntax-ns#">
              <rdf:Description rdf:about="#COPASI96">
                <dcterms:created>
                  <rdf:Description>
                    <dcterms:W3CDTF>2010-12-09T09:31:38Z</dcterms:W3CDTF>
                  </rdf:Description>
                </dcterms:created>
              </rdf:Description>
            </rdf:RDF>
          </COPASI>
        </annotation>
        <listOfReactants>
          <speciesReference species="species_13"/>
          <speciesReference species="species_27"/>
        </listOfReactants>
        <listOfProducts>
          <speciesReference species="species_28"/>
        </listOfProducts>
        <kineticLaw>
          <math xmlns="http://www.w3.org/1998/Math/MathML">
            <apply>
              <times/>
              <ci> compartment_1 </ci>
              <apply>
                <minus/>
                <apply>
                  <times/>
                  <ci> parameter_16 </ci>
                  <ci> species_13 </ci>
                  <ci> species_27 </ci>
                </apply>
                <apply>
                  <times/>
                  <ci> parameter_18 </ci>
                  <ci> species_28 </ci>
                </apply>
              </apply>
            </apply>
          </math>
        </kineticLaw>
      </reaction>
      <reaction metaid="COPASI97" id="reaction_28" name="RNAPcat7" reversible="false">
        <annotation>
          <COPASI xmlns="http://www.copasi.org/static/sbml">
            <rdf:RDF xmlns:dcterms="http://purl.org/dc/terms/" xmlns:rdf="http://www.w3.org/1999/02/22-rdf-syntax-ns#">
              <rdf:Description rdf:about="#COPASI97">
                <dcterms:created>
                  <rdf:Description>
                    <dcterms:W3CDTF>2010-12-09T09:32:23Z</dcterms:W3CDTF>
                  </rdf:Description>
                </dcterms:created>
              </rdf:Description>
            </rdf:RDF>
          </COPASI>
        </annotation>
        <listOfReactants>
          <speciesReference species="species_28"/>
        </listOfReactants>
        <listOfProducts>
          <speciesReference species="species_13"/>
          <speciesReference species="species_27"/>
          <speciesReference species="species_6"/>
        </listOfProducts>
        <kineticLaw>
          <math xmlns="http://www.w3.org/1998/Math/MathML">
            <apply>
              <times/>
              <ci> compartment_1 </ci>
              <ci> parameter_24 </ci>
              <ci> species_28 </ci>
            </apply>
          </math>
        </kineticLaw>
      </reaction>
      <reaction metaid="COPASI98" id="reaction_29" name="sI2binding1">
        <annotation>
          <COPASI xmlns="http://www.copasi.org/static/sbml">
            <rdf:RDF xmlns:dcterms="http://purl.org/dc/terms/" xmlns:rdf="http://www.w3.org/1999/02/22-rdf-syntax-ns#">
              <rdf:Description rdf:about="#COPASI98">
                <dcterms:created>
                  <rdf:Description>
                    <dcterms:W3CDTF>2010-12-09T09:33:51Z</dcterms:W3CDTF>
                  </rdf:Description>
                </dcterms:created>
              </rdf:Description>
            </rdf:RDF>
          </COPASI>
        </annotation>
        <listOfReactants>
          <speciesReference species="species_2"/>
          <speciesReference species="species_25"/>
        </listOfReactants>
        <listOfProducts>
          <speciesReference species="species_26"/>
        </listOfProducts>
        <kineticLaw>
          <math xmlns="http://www.w3.org/1998/Math/MathML">
            <apply>
              <times/>
              <ci> compartment_1 </ci>
              <apply>
                <minus/>
                <apply>
                  <times/>
                  <ci> parameter_37 </ci>
                  <ci> species_2 </ci>
                  <ci> species_25 </ci>
                </apply>
                <apply>
                  <times/>
                  <ci> parameter_38 </ci>
                  <ci> species_26 </ci>
                </apply>
              </apply>
            </apply>
          </math>
        </kineticLaw>
      </reaction>
      <reaction metaid="COPASI99" id="reaction_30" name="sI2binding2">
        <annotation>
          <COPASI xmlns="http://www.copasi.org/static/sbml">
            <rdf:RDF xmlns:dcterms="http://purl.org/dc/terms/" xmlns:rdf="http://www.w3.org/1999/02/22-rdf-syntax-ns#">
              <rdf:Description rdf:about="#COPASI99">
                <dcterms:created>
                  <rdf:Description>
                    <dcterms:W3CDTF>2010-12-09T09:34:28Z</dcterms:W3CDTF>
                  </rdf:Description>
                </dcterms:created>
              </rdf:Description>
            </rdf:RDF>
          </COPASI>
        </annotation>
        <listOfReactants>
          <speciesReference species="species_8"/>
          <speciesReference species="species_25"/>
        </listOfReactants>
        <listOfProducts>
          <speciesReference species="species_27"/>
        </listOfProducts>
        <kineticLaw>
          <math xmlns="http://www.w3.org/1998/Math/MathML">
            <apply>
              <times/>
              <ci> compartment_1 </ci>
              <apply>
                <minus/>
                <apply>
                  <times/>
                  <ci> parameter_37 </ci>
                  <ci> species_8 </ci>
                  <ci> species_25 </ci>
                </apply>
                <apply>
                  <times/>
                  <ci> parameter_38 </ci>
                  <ci> species_27 </ci>
                </apply>
              </apply>
            </apply>
          </math>
        </kineticLaw>
      </reaction>
      <reaction metaid="COPASI100" id="reaction_31" name="sI2activation" reversible="false">
        <annotation>
          <COPASI xmlns="http://www.copasi.org/static/sbml">
            <rdf:RDF xmlns:dcterms="http://purl.org/dc/terms/" xmlns:rdf="http://www.w3.org/1999/02/22-rdf-syntax-ns#">
              <rdf:Description rdf:about="#COPASI100">
                <dcterms:created>
                  <rdf:Description>
                    <dcterms:W3CDTF>2010-12-09T09:36:00Z</dcterms:W3CDTF>
                  </rdf:Description>
                </dcterms:created>
              </rdf:Description>
            </rdf:RDF>
          </COPASI>
        </annotation>
        <listOfReactants>
          <speciesReference species="species_1"/>
          <speciesReference species="species_26"/>
        </listOfReactants>
        <listOfProducts>
          <speciesReference species="species_27"/>
        </listOfProducts>
        <kineticLaw>
          <math xmlns="http://www.w3.org/1998/Math/MathML">
            <apply>
              <times/>
              <ci> compartment_1 </ci>
              <ci> parameter_9 </ci>
              <ci> species_1 </ci>
              <ci> species_26 </ci>
            </apply>
          </math>
        </kineticLaw>
      </reaction>
      <reaction metaid="COPASI101" id="reaction_32" name="sI2annihilation" reversible="false">
        <annotation>
          <COPASI xmlns="http://www.copasi.org/static/sbml">
            <rdf:RDF xmlns:dcterms="http://purl.org/dc/terms/" xmlns:rdf="http://www.w3.org/1999/02/22-rdf-syntax-ns#">
              <rdf:Description rdf:about="#COPASI101">
                <dcterms:created>
                  <rdf:Description>
                    <dcterms:W3CDTF>2010-12-09T09:35:27Z</dcterms:W3CDTF>
                  </rdf:Description>
                </dcterms:created>
              </rdf:Description>
            </rdf:RDF>
          </COPASI>
        </annotation>
        <listOfReactants>
          <speciesReference species="species_26"/>
          <speciesReference species="species_7"/>
        </listOfReactants>
        <listOfProducts>
          <speciesReference species="species_12"/>
          <speciesReference species="species_25"/>
        </listOfProducts>
        <kineticLaw>
          <math xmlns="http://www.w3.org/1998/Math/MathML">
            <apply>
              <times/>
              <ci> compartment_1 </ci>
              <ci> parameter_12 </ci>
              <ci> species_26 </ci>
              <ci> species_7 </ci>
            </apply>
          </math>
        </kineticLaw>
      </reaction>
    </listOfReactions>
  </model>
</sbml>
