<?xml version="1.0" encoding="UTF-8"?>
<!-- Created by COPASI version 4.6 (Build 32) on 2010-12-09 15:40 with libSBML version 3.4.1. -->
<sbml xmlns="http://www.sbml.org/sbml/level2/version4" level="2" version="4">
  <model metaid="COPASI1" id="Model_1" name="Simple_1">
    <annotation>
      <COPASI xmlns="http://www.copasi.org/static/sbml">
        <rdf:RDF xmlns:dcterms="http://purl.org/dc/terms/" xmlns:rdf="http://www.w3.org/1999/02/22-rdf-syntax-ns#">
          <rdf:Description rdf:about="#COPASI1">
            <dcterms:created>
              <rdf:Description>
                <dcterms:W3CDTF>2010-12-08T15:19:59Z</dcterms:W3CDTF>
              </rdf:Description>
            </dcterms:created>
          </rdf:Description>
        </rdf:RDF>
      </COPASI>
      <rdf:RDF xmlns:rdf="http://www.w3.org/1999/02/22-rdf-syntax-ns#" xmlns:dc="http://purl.org/dc/elements/1.1/" xmlns:dcterms="http://purl.org/dc/terms/" xmlns:vCard="http://www.w3.org/2001/vcard-rdf/3.0#" xmlns:bqbiol="http://biomodels.net/biology-qualifiers/" xmlns:bqmodel="http://biomodels.net/model-qualifiers/">
        <rdf:Description rdf:about="#COPASI1">
          <dc:creator>
            <rdf:Bag/>
          </dc:creator>
          <dcterms:created rdf:parseType="Resource">
            <dcterms:W3CDTF>2010-12-08T15:19:59Z</dcterms:W3CDTF>
          </dcterms:created>
        </rdf:Description>
      </rdf:RDF>
    </annotation>
    <listOfFunctionDefinitions>
      <functionDefinition metaid="COPASI17" id="function_2" name="Hill Cooperativity">
        <annotation>
          <COPASI xmlns="http://www.copasi.org/static/sbml">
            <rdf:RDF xmlns:dcterms="http://purl.org/dc/terms/" xmlns:rdf="http://www.w3.org/1999/02/22-rdf-syntax-ns#">
              <rdf:Description rdf:about="#COPASI17">
                <dcterms:created>
                  <rdf:Description>
                    <dcterms:W3CDTF>2010-12-08T15:40:07Z</dcterms:W3CDTF>
                  </rdf:Description>
                </dcterms:created>
              </rdf:Description>
            </rdf:RDF>
          </COPASI>
        </annotation>
        <math xmlns="http://www.w3.org/1998/Math/MathML">
          <lambda>
            <bvar>
              <ci> substrate </ci>
            </bvar>
            <bvar>
              <ci> Shalve </ci>
            </bvar>
            <bvar>
              <ci> V </ci>
            </bvar>
            <bvar>
              <ci> h </ci>
            </bvar>
            <apply>
              <divide/>
              <apply>
                <times/>
                <ci> V </ci>
                <apply>
                  <power/>
                  <ci> substrate </ci>
                  <ci> h </ci>
                </apply>
              </apply>
              <apply>
                <plus/>
                <apply>
                  <power/>
                  <ci> Shalve </ci>
                  <ci> h </ci>
                </apply>
                <apply>
                  <power/>
                  <ci> substrate </ci>
                  <ci> h </ci>
                </apply>
              </apply>
            </apply>
          </lambda>
        </math>
      </functionDefinition>
      <functionDefinition metaid="COPASI18" id="function_1" name="Hill inhibition">
        <annotation>
          <COPASI xmlns="http://www.copasi.org/static/sbml">
            <rdf:RDF xmlns:dcterms="http://purl.org/dc/terms/" xmlns:rdf="http://www.w3.org/1999/02/22-rdf-syntax-ns#">
              <rdf:Description rdf:about="#COPASI18">
                <dcterms:created>
                  <rdf:Description>
                    <dcterms:W3CDTF>2010-12-08T16:18:02Z</dcterms:W3CDTF>
                  </rdf:Description>
                </dcterms:created>
              </rdf:Description>
            </rdf:RDF>
          </COPASI>
        </annotation>
        <math xmlns="http://www.w3.org/1998/Math/MathML">
          <lambda>
            <bvar>
              <ci> V </ci>
            </bvar>
            <bvar>
              <ci> Shalve </ci>
            </bvar>
            <bvar>
              <ci> h </ci>
            </bvar>
            <bvar>
              <ci> substrate </ci>
            </bvar>
            <apply>
              <divide/>
              <ci> V </ci>
              <apply>
                <plus/>
                <apply>
                  <power/>
                  <ci> Shalve </ci>
                  <ci> h </ci>
                </apply>
                <apply>
                  <power/>
                  <ci> substrate </ci>
                  <ci> h </ci>
                </apply>
              </apply>
            </apply>
          </lambda>
        </math>
      </functionDefinition>
    </listOfFunctionDefinitions>
    <listOfUnitDefinitions>
      <unitDefinition id="volume">
        <listOfUnits>
          <unit kind="dimensionless"/>
        </listOfUnits>
      </unitDefinition>
      <unitDefinition id="time">
        <listOfUnits>
          <unit kind="dimensionless"/>
        </listOfUnits>
      </unitDefinition>
      <unitDefinition id="substance">
        <listOfUnits>
          <unit kind="dimensionless"/>
        </listOfUnits>
      </unitDefinition>
    </listOfUnitDefinitions>
    <listOfCompartments>
      <compartment id="compartment_1" name="compartment" size="1"/>
    </listOfCompartments>
    <listOfSpecies>
      <species id="species_1" name="x" compartment="compartment_1" initialConcentration="1"/>
      <species id="species_2" name="y" compartment="compartment_1" initialConcentration="1"/>
      <species id="species_3" name="u" compartment="compartment_1" initialConcentration="1"/>
      <species id="species_4" name="v" compartment="compartment_1" initialConcentration="1"/>
    </listOfSpecies>
    <listOfParameters>
      <parameter metaid="COPASI2" id="parameter_1" name="alpha" value="0.57">
        <annotation>
          <COPASI xmlns="http://www.copasi.org/static/sbml">
            <rdf:RDF xmlns:dcterms="http://purl.org/dc/terms/" xmlns:rdf="http://www.w3.org/1999/02/22-rdf-syntax-ns#">
              <rdf:Description rdf:about="#COPASI2">
                <dcterms:created>
                  <rdf:Description>
                    <dcterms:W3CDTF>2010-12-08T16:00:18Z</dcterms:W3CDTF>
                  </rdf:Description>
                </dcterms:created>
              </rdf:Description>
            </rdf:RDF>
          </COPASI>
        </annotation>
      </parameter>
      <parameter metaid="COPASI3" id="parameter_2" name="beta" value="2.5">
        <annotation>
          <COPASI xmlns="http://www.copasi.org/static/sbml">
            <rdf:RDF xmlns:dcterms="http://purl.org/dc/terms/" xmlns:rdf="http://www.w3.org/1999/02/22-rdf-syntax-ns#">
              <rdf:Description rdf:about="#COPASI3">
                <dcterms:created>
                  <rdf:Description>
                    <dcterms:W3CDTF>2010-12-08T16:00:31Z</dcterms:W3CDTF>
                  </rdf:Description>
                </dcterms:created>
              </rdf:Description>
            </rdf:RDF>
          </COPASI>
        </annotation>
      </parameter>
      <parameter metaid="COPASI4" id="parameter_3" name="gamma" value="1">
        <annotation>
          <COPASI xmlns="http://www.copasi.org/static/sbml">
            <rdf:RDF xmlns:dcterms="http://purl.org/dc/terms/" xmlns:rdf="http://www.w3.org/1999/02/22-rdf-syntax-ns#">
              <rdf:Description rdf:about="#COPASI4">
                <dcterms:created>
                  <rdf:Description>
                    <dcterms:W3CDTF>2010-12-08T16:00:35Z</dcterms:W3CDTF>
                  </rdf:Description>
                </dcterms:created>
              </rdf:Description>
            </rdf:RDF>
          </COPASI>
        </annotation>
      </parameter>
      <parameter metaid="COPASI5" id="parameter_4" name="n" value="6.5">
        <annotation>
          <COPASI xmlns="http://www.copasi.org/static/sbml">
            <rdf:RDF xmlns:dcterms="http://purl.org/dc/terms/" xmlns:rdf="http://www.w3.org/1999/02/22-rdf-syntax-ns#">
              <rdf:Description rdf:about="#COPASI5">
                <dcterms:created>
                  <rdf:Description>
                    <dcterms:W3CDTF>2010-12-08T16:00:42Z</dcterms:W3CDTF>
                  </rdf:Description>
                </dcterms:created>
              </rdf:Description>
            </rdf:RDF>
          </COPASI>
        </annotation>
      </parameter>
      <parameter metaid="COPASI6" id="parameter_5" name="m" value="6.5">
        <annotation>
          <COPASI xmlns="http://www.copasi.org/static/sbml">
            <rdf:RDF xmlns:dcterms="http://purl.org/dc/terms/" xmlns:rdf="http://www.w3.org/1999/02/22-rdf-syntax-ns#">
              <rdf:Description rdf:about="#COPASI6">
                <dcterms:created>
                  <rdf:Description>
                    <dcterms:W3CDTF>2010-12-08T16:00:37Z</dcterms:W3CDTF>
                  </rdf:Description>
                </dcterms:created>
              </rdf:Description>
            </rdf:RDF>
          </COPASI>
        </annotation>
      </parameter>
      <parameter metaid="COPASI7" id="parameter_6" name="delta" value="1.5">
        <annotation>
          <COPASI xmlns="http://www.copasi.org/static/sbml">
            <rdf:RDF xmlns:dcterms="http://purl.org/dc/terms/" xmlns:rdf="http://www.w3.org/1999/02/22-rdf-syntax-ns#">
              <rdf:Description rdf:about="#COPASI7">
                <dcterms:created>
                  <rdf:Description>
                    <dcterms:W3CDTF>2010-12-08T16:33:29Z</dcterms:W3CDTF>
                  </rdf:Description>
                </dcterms:created>
              </rdf:Description>
            </rdf:RDF>
          </COPASI>
        </annotation>
      </parameter>
    </listOfParameters>
    <listOfReactions>
      <reaction metaid="COPASI8" id="reaction_1" name="reaction1" reversible="false">
        <annotation>
          <COPASI xmlns="http://www.copasi.org/static/sbml">
            <rdf:RDF xmlns:dcterms="http://purl.org/dc/terms/" xmlns:rdf="http://www.w3.org/1999/02/22-rdf-syntax-ns#">
              <rdf:Description rdf:about="#COPASI8">
                <dcterms:created>
                  <rdf:Description>
                    <dcterms:W3CDTF>2010-12-08T15:26:29Z</dcterms:W3CDTF>
                  </rdf:Description>
                </dcterms:created>
              </rdf:Description>
            </rdf:RDF>
          </COPASI>
        </annotation>
        <listOfReactants>
          <speciesReference species="species_1"/>
        </listOfReactants>
        <kineticLaw>
          <math xmlns="http://www.w3.org/1998/Math/MathML">
            <apply>
              <times/>
              <ci> compartment_1 </ci>
              <ci> k1 </ci>
              <ci> species_1 </ci>
            </apply>
          </math>
          <listOfParameters>
            <parameter id="k1" name="k1" value="1"/>
          </listOfParameters>
        </kineticLaw>
      </reaction>
      <reaction metaid="COPASI9" id="reaction_2" name="reaction2" reversible="false">
        <annotation>
          <COPASI xmlns="http://www.copasi.org/static/sbml">
            <rdf:RDF xmlns:dcterms="http://purl.org/dc/terms/" xmlns:rdf="http://www.w3.org/1999/02/22-rdf-syntax-ns#">
              <rdf:Description rdf:about="#COPASI9">
                <dcterms:created>
                  <rdf:Description>
                    <dcterms:W3CDTF>2010-12-08T15:41:05Z</dcterms:W3CDTF>
                  </rdf:Description>
                </dcterms:created>
              </rdf:Description>
            </rdf:RDF>
          </COPASI>
        </annotation>
        <listOfReactants>
          <speciesReference species="species_2"/>
        </listOfReactants>
        <kineticLaw>
          <math xmlns="http://www.w3.org/1998/Math/MathML">
            <apply>
              <times/>
              <ci> compartment_1 </ci>
              <ci> k1 </ci>
              <ci> species_2 </ci>
            </apply>
          </math>
          <listOfParameters>
            <parameter id="k1" name="k1" value="1"/>
          </listOfParameters>
        </kineticLaw>
      </reaction>
      <reaction metaid="COPASI10" id="reaction_3" name="reaction3" reversible="false">
        <annotation>
          <COPASI xmlns="http://www.copasi.org/static/sbml">
            <rdf:RDF xmlns:dcterms="http://purl.org/dc/terms/" xmlns:rdf="http://www.w3.org/1999/02/22-rdf-syntax-ns#">
              <rdf:Description rdf:about="#COPASI10">
                <dcterms:created>
                  <rdf:Description>
                    <dcterms:W3CDTF>2010-12-08T15:42:06Z</dcterms:W3CDTF>
                  </rdf:Description>
                </dcterms:created>
              </rdf:Description>
            </rdf:RDF>
          </COPASI>
        </annotation>
        <listOfReactants>
          <speciesReference species="species_3"/>
        </listOfReactants>
        <kineticLaw>
          <math xmlns="http://www.w3.org/1998/Math/MathML">
            <apply>
              <times/>
              <ci> compartment_1 </ci>
              <ci> k1 </ci>
              <ci> species_3 </ci>
            </apply>
          </math>
          <listOfParameters>
            <parameter id="k1" name="k1" value="1"/>
          </listOfParameters>
        </kineticLaw>
      </reaction>
      <reaction metaid="COPASI11" id="reaction_4" name="reaction4" reversible="false">
        <annotation>
          <COPASI xmlns="http://www.copasi.org/static/sbml">
            <rdf:RDF xmlns:dcterms="http://purl.org/dc/terms/" xmlns:rdf="http://www.w3.org/1999/02/22-rdf-syntax-ns#">
              <rdf:Description rdf:about="#COPASI11">
                <dcterms:created>
                  <rdf:Description>
                    <dcterms:W3CDTF>2010-12-08T15:56:14Z</dcterms:W3CDTF>
                  </rdf:Description>
                </dcterms:created>
              </rdf:Description>
            </rdf:RDF>
          </COPASI>
        </annotation>
        <listOfReactants>
          <speciesReference species="species_4"/>
        </listOfReactants>
        <kineticLaw>
          <math xmlns="http://www.w3.org/1998/Math/MathML">
            <apply>
              <times/>
              <ci> compartment_1 </ci>
              <ci> k1 </ci>
              <ci> species_4 </ci>
            </apply>
          </math>
          <listOfParameters>
            <parameter id="k1" name="k1" value="1"/>
          </listOfParameters>
        </kineticLaw>
      </reaction>
      <reaction metaid="COPASI12" id="reaction_5" name="reaction5" reversible="false">
        <annotation>
          <COPASI xmlns="http://www.copasi.org/static/sbml">
            <rdf:RDF xmlns:dcterms="http://purl.org/dc/terms/" xmlns:rdf="http://www.w3.org/1999/02/22-rdf-syntax-ns#">
              <rdf:Description rdf:about="#COPASI12">
                <dcterms:created>
                  <rdf:Description>
                    <dcterms:W3CDTF>2010-12-08T15:42:56Z</dcterms:W3CDTF>
                  </rdf:Description>
                </dcterms:created>
              </rdf:Description>
            </rdf:RDF>
          </COPASI>
        </annotation>
        <listOfReactants>
          <speciesReference species="species_3"/>
        </listOfReactants>
        <listOfProducts>
          <speciesReference species="species_3"/>
          <speciesReference species="species_1"/>
        </listOfProducts>
        <kineticLaw>
          <math xmlns="http://www.w3.org/1998/Math/MathML">
            <apply>
              <times/>
              <ci> compartment_1 </ci>
              <ci> parameter_1 </ci>
              <ci> species_3 </ci>
            </apply>
          </math>
        </kineticLaw>
      </reaction>
      <reaction metaid="COPASI13" id="reaction_6" name="reaction6" reversible="false">
        <annotation>
          <COPASI xmlns="http://www.copasi.org/static/sbml">
            <rdf:RDF xmlns:dcterms="http://purl.org/dc/terms/" xmlns:rdf="http://www.w3.org/1999/02/22-rdf-syntax-ns#">
              <rdf:Description rdf:about="#COPASI13">
                <dcterms:created>
                  <rdf:Description>
                    <dcterms:W3CDTF>2010-12-08T16:01:37Z</dcterms:W3CDTF>
                  </rdf:Description>
                </dcterms:created>
              </rdf:Description>
            </rdf:RDF>
          </COPASI>
        </annotation>
        <listOfReactants>
          <speciesReference species="species_4"/>
        </listOfReactants>
        <listOfProducts>
          <speciesReference species="species_4"/>
          <speciesReference species="species_2"/>
        </listOfProducts>
        <kineticLaw>
          <math xmlns="http://www.w3.org/1998/Math/MathML">
            <apply>
              <times/>
              <ci> compartment_1 </ci>
              <ci> parameter_2 </ci>
              <ci> species_4 </ci>
            </apply>
          </math>
        </kineticLaw>
      </reaction>
      <reaction metaid="COPASI14" id="reaction_7" name="reaction7" reversible="false">
        <annotation>
          <COPASI xmlns="http://www.copasi.org/static/sbml">
            <rdf:RDF xmlns:dcterms="http://purl.org/dc/terms/" xmlns:rdf="http://www.w3.org/1999/02/22-rdf-syntax-ns#">
              <rdf:Description rdf:about="#COPASI14">
                <dcterms:created>
                  <rdf:Description>
                    <dcterms:W3CDTF>2010-12-08T16:02:09Z</dcterms:W3CDTF>
                  </rdf:Description>
                </dcterms:created>
              </rdf:Description>
            </rdf:RDF>
          </COPASI>
        </annotation>
        <listOfReactants>
          <speciesReference species="species_2"/>
        </listOfReactants>
        <listOfProducts>
          <speciesReference species="species_2"/>
          <speciesReference species="species_3"/>
        </listOfProducts>
        <kineticLaw>
          <math xmlns="http://www.w3.org/1998/Math/MathML">
            <apply>
              <times/>
              <ci> compartment_1 </ci>
              <apply>
                <ci> function_1 </ci>
                <ci> V </ci>
                <ci> Shalve </ci>
                <ci> parameter_4 </ci>
                <ci> species_2 </ci>
              </apply>
            </apply>
          </math>
          <listOfParameters>
            <parameter id="V" name="V" value="1"/>
            <parameter id="Shalve" name="Shalve" value="1"/>
          </listOfParameters>
        </kineticLaw>
      </reaction>
      <reaction metaid="COPASI15" id="reaction_8" name="reaction8" reversible="false">
        <annotation>
          <COPASI xmlns="http://www.copasi.org/static/sbml">
            <rdf:RDF xmlns:dcterms="http://purl.org/dc/terms/" xmlns:rdf="http://www.w3.org/1999/02/22-rdf-syntax-ns#">
              <rdf:Description rdf:about="#COPASI15">
                <dcterms:created>
                  <rdf:Description>
                    <dcterms:W3CDTF>2010-12-08T16:08:42Z</dcterms:W3CDTF>
                  </rdf:Description>
                </dcterms:created>
              </rdf:Description>
            </rdf:RDF>
          </COPASI>
        </annotation>
        <listOfReactants>
          <speciesReference species="species_1"/>
        </listOfReactants>
        <listOfProducts>
          <speciesReference species="species_1"/>
          <speciesReference species="species_4"/>
        </listOfProducts>
        <kineticLaw>
          <math xmlns="http://www.w3.org/1998/Math/MathML">
            <apply>
              <times/>
              <ci> compartment_1 </ci>
              <apply>
                <ci> function_2 </ci>
                <ci> species_1 </ci>
                <ci> Shalve </ci>
                <ci> V </ci>
                <ci> parameter_5 </ci>
              </apply>
            </apply>
          </math>
          <listOfParameters>
            <parameter id="Shalve" name="Shalve" value="1"/>
            <parameter id="V" name="V" value="1"/>
          </listOfParameters>
        </kineticLaw>
      </reaction>
      <reaction metaid="COPASI16" id="reaction_9" name="reaction9" reversible="false">
        <annotation>
          <COPASI xmlns="http://www.copasi.org/static/sbml">
            <rdf:RDF xmlns:dcterms="http://purl.org/dc/terms/" xmlns:rdf="http://www.w3.org/1999/02/22-rdf-syntax-ns#">
              <rdf:Description rdf:about="#COPASI16">
                <dcterms:created>
                  <rdf:Description>
                    <dcterms:W3CDTF>2010-12-08T16:33:55Z</dcterms:W3CDTF>
                  </rdf:Description>
                </dcterms:created>
              </rdf:Description>
            </rdf:RDF>
          </COPASI>
        </annotation>
        <listOfReactants>
          <speciesReference species="species_4"/>
        </listOfReactants>
        <listOfProducts>
          <speciesReference species="species_4"/>
          <speciesReference species="species_1"/>
        </listOfProducts>
        <kineticLaw>
          <math xmlns="http://www.w3.org/1998/Math/MathML">
            <apply>
              <times/>
              <ci> compartment_1 </ci>
              <ci> parameter_6 </ci>
              <ci> species_4 </ci>
            </apply>
          </math>
        </kineticLaw>
      </reaction>
    </listOfReactions>
  </model>
</sbml>
