<?xml version="1.0" encoding="SHIFT_JIS" standalone="no"?>
<!DOCTYPE sanac PUBLIC "sanac" "sanac.dtd">
<sanac frame="CADLIVE" frameInfo="2.14">
<model name="glucosePTS" modelInfo="MSBsubmission">
<panel size="1600" magnification="100"/>
<listOfCompartments numberOfCompartments="2">
<compartment name="environment" volume="" R="255" G="255" B="255">
<subCompartment id="1" cat="Square" cx="-100" cy="-100" l="-1" h="80" w="80"/>
<subCompartment id="2" cat="Square" cx="1080" cy="216" l="1076" h="3040" w="2152"/>
</compartment>
<compartment name="cytoplasm" volume="" R="224" G="224" B="255">
<subCompartment id="3" cat="Circle" cx="800" cy="804" l="740" h="-4" w="1480"/>
</compartment>
</listOfCompartments>
<listOfSpecies numberOfSpecies="77">
<Specie specieID="1" name="cyaA" compartment="cytoplasm">
<specieAttribute specieClass="DNA_gene" massBalance="off" totalAmount="constant" decomposition="off" initialAmount="" isVisible="true"/>
</Specie>
<Specie specieID="2" name="mRNA(cyaA)" compartment="cytoplasm">
<specieAttribute specieClass="RNA" massBalance="off" totalAmount="variable" decomposition="on" initialAmount="" isVisible="true"/>
</Specie>
<Specie specieID="3" name="CYA" compartment="cytoplasm">
<specieAttribute specieClass="protein" massBalance="on" totalAmount="variable" decomposition="on" initialAmount="" isVisible="true"/>
</Specie>
<Specie specieID="4" name="crp" compartment="cytoplasm">
<specieAttribute specieClass="DNA_gene" massBalance="off" totalAmount="constant" decomposition="off" initialAmount="" isVisible="true"/>
</Specie>
<Specie specieID="5" name="mRNA(crp)" compartment="cytoplasm">
<specieAttribute specieClass="RNA" massBalance="off" totalAmount="variable" decomposition="on" initialAmount="" isVisible="true"/>
</Specie>
<Specie specieID="6" name="CRP" compartment="cytoplasm">
<specieAttribute specieClass="protein" massBalance="on" totalAmount="variable" decomposition="on" initialAmount="" isVisible="true"/>
</Specie>
<Specie specieID="7" name="ATP" compartment="cytoplasm">
<specieAttribute specieClass="metabolite" massBalance="off" totalAmount="variable" decomposition="off" initialAmount="" isVisible="true"/>
</Specie>
<Specie specieID="8" name="cAMP" compartment="cytoplasm">
<specieAttribute specieClass="metabolite" massBalance="off" totalAmount="variable" decomposition="on" initialAmount="" isVisible="true"/>
</Specie>
<Specie specieID="15" name="CRPsiteiI(crp)" compartment="cytoplasm">
<specieAttribute specieClass="DNA_enhancer" massBalance="on" totalAmount="constant" decomposition="off" initialAmount="" isVisible="true"/>
</Specie>
<Specie specieID="16" name="CRPsiteI(crp)" compartment="cytoplasm">
<specieAttribute specieClass="DNA_promoter" massBalance="on" totalAmount="constant" decomposition="off" initialAmount="" isVisible="true"/>
</Specie>
<Specie specieID="20" name="CRPsite(cyaA)" compartment="cytoplasm">
<specieAttribute specieClass="DNA_promoter" massBalance="on" totalAmount="constant" decomposition="off" initialAmount="" isVisible="true"/>
</Specie>
<Specie specieID="40" name="crp_basal" compartment="cytoplasm">
<specieAttribute specieClass="DNA_gene" massBalance="off" totalAmount="constant" decomposition="off" initialAmount="" isVisible="true"/>
</Specie>
<Specie specieID="42" name="cyaA_basal" compartment="cytoplasm">
<specieAttribute specieClass="DNA_gene" massBalance="off" totalAmount="constant" decomposition="off" initialAmount="" isVisible="true"/>
</Specie>
<Specie specieID="43" name="CRPsite(genome)" compartment="cytoplasm">
<specieAttribute specieClass="DNA_promoter" massBalance="on" totalAmount="constant" decomposition="off" initialAmount="" isVisible="true"/>
</Specie>
<Specie specieID="47" name="PEP" compartment="cytoplasm">
<specieAttribute specieClass="metabolite" massBalance="off" totalAmount="variable" decomposition="off" initialAmount="" isVisible="true"/>
</Specie>
<Specie specieID="48" name="Pyr" compartment="cytoplasm">
<specieAttribute specieClass="metabolite" massBalance="off" totalAmount="variable" decomposition="off" initialAmount="" isVisible="true"/>
</Specie>
<Specie specieID="49" name="EI" compartment="cytoplasm">
<specieAttribute specieClass="protein" massBalance="on" totalAmount="variable" decomposition="off" initialAmount="" isVisible="true"/>
</Specie>
<Specie specieID="50" name="HPr" compartment="cytoplasm">
<specieAttribute specieClass="protein" massBalance="on" totalAmount="variable" decomposition="off" initialAmount="" isVisible="true"/>
</Specie>
<Specie specieID="51" name="IIA" compartment="cytoplasm">
<specieAttribute specieClass="protein" massBalance="on" totalAmount="variable" decomposition="off" initialAmount="" isVisible="true"/>
</Specie>
<Specie specieID="52" name="IIBC" compartment="cytoplasm">
<specieAttribute specieClass="protein" massBalance="on" totalAmount="variable" decomposition="off" initialAmount="" isVisible="true"/>
</Specie>
<Specie specieID="54" name="EI-P" compartment="cytoplasm">
<specieAttribute specieClass="modified" massBalance="on" totalAmount="variable" decomposition="off" initialAmount="" isVisible="true"/>
</Specie>
<Specie specieID="56" name="HPr-P" compartment="cytoplasm">
<specieAttribute specieClass="modified" massBalance="on" totalAmount="variable" decomposition="off" initialAmount="" isVisible="true"/>
</Specie>
<Specie specieID="58" name="IIA-P" compartment="cytoplasm">
<specieAttribute specieClass="modified" massBalance="on" totalAmount="variable" decomposition="off" initialAmount="" isVisible="true"/>
</Specie>
<Specie specieID="60" name="IIBC-P" compartment="cytoplasm">
<specieAttribute specieClass="modified" massBalance="on" totalAmount="variable" decomposition="off" initialAmount="" isVisible="true"/>
</Specie>
<Specie specieID="62" name="Glucose" compartment="cytoplasm">
<specieAttribute specieClass="metabolite" massBalance="off" totalAmount="variable" decomposition="off" initialAmount="" isVisible="true"/>
</Specie>
<Specie specieID="63" name="Glc6P" compartment="cytoplasm">
<specieAttribute specieClass="metabolite" massBalance="off" totalAmount="variable" decomposition="off" initialAmount="" isVisible="true"/>
</Specie>
<Specie specieID="68" name="mRNA(crr)" compartment="cytoplasm">
<specieAttribute specieClass="RNA" massBalance="off" totalAmount="variable" decomposition="on" initialAmount="" isVisible="true"/>
</Specie>
<Specie specieID="69" name="mRNA(ptsG)" compartment="cytoplasm">
<specieAttribute specieClass="RNA" massBalance="off" totalAmount="variable" decomposition="on" initialAmount="" isVisible="true"/>
</Specie>
<Specie specieID="70" name="mRNA(ptsH)" compartment="cytoplasm">
<specieAttribute specieClass="RNA" massBalance="off" totalAmount="variable" decomposition="on" initialAmount="" isVisible="true"/>
</Specie>
<Specie specieID="71" name="mRNA(ptsI)" compartment="cytoplasm">
<specieAttribute specieClass="RNA" massBalance="off" totalAmount="variable" decomposition="on" initialAmount="" isVisible="true"/>
</Specie>
<Specie specieID="72" name="crr" compartment="cytoplasm">
<specieAttribute specieClass="DNA_gene" massBalance="off" totalAmount="constant" decomposition="off" initialAmount="" isVisible="true"/>
</Specie>
<Specie specieID="73" name="ptsIp1" compartment="cytoplasm">
<specieAttribute specieClass="DNA_gene" massBalance="off" totalAmount="constant" decomposition="off" initialAmount="" isVisible="true"/>
</Specie>
<Specie specieID="75" name="ptsHp0" compartment="cytoplasm">
<specieAttribute specieClass="DNA_gene" massBalance="off" totalAmount="constant" decomposition="off" initialAmount="" isVisible="true"/>
</Specie>
<Specie specieID="76" name="ptsHp1" compartment="cytoplasm">
<specieAttribute specieClass="DNA_gene" massBalance="off" totalAmount="constant" decomposition="off" initialAmount="" isVisible="true"/>
</Specie>
<Specie specieID="77" name="ptsGp1" compartment="cytoplasm">
<specieAttribute specieClass="DNA_gene" massBalance="off" totalAmount="constant" decomposition="off" initialAmount="" isVisible="true"/>
</Specie>
<Specie specieID="78" name="ptsGp2" compartment="cytoplasm">
<specieAttribute specieClass="DNA_gene" massBalance="off" totalAmount="constant" decomposition="off" initialAmount="" isVisible="true"/>
</Specie>
<Specie specieID="82" name="CRPsite(ptsIp1)" compartment="cytoplasm">
<specieAttribute specieClass="DNA_enhancer" massBalance="on" totalAmount="constant" decomposition="off" initialAmount="" isVisible="true"/>
</Specie>
<Specie specieID="84" name="CRPsite(ptsHp0)" compartment="cytoplasm">
<specieAttribute specieClass="DNA_enhancer" massBalance="on" totalAmount="constant" decomposition="off" initialAmount="" isVisible="true"/>
</Specie>
<Specie specieID="85" name="CRPsite(ptsHp1)" compartment="cytoplasm">
<specieAttribute specieClass="DNA_enhancer" massBalance="on" totalAmount="constant" decomposition="off" initialAmount="" isVisible="true"/>
</Specie>
<Specie specieID="88" name="CRPsite(ptsGp2)" compartment="cytoplasm">
<specieAttribute specieClass="DNA_enhancer" massBalance="on" totalAmount="constant" decomposition="off" initialAmount="" isVisible="true"/>
</Specie>
<Specie specieID="89" name="CRPsite(ptsGp1)" compartment="cytoplasm">
<specieAttribute specieClass="DNA_enhancer" massBalance="on" totalAmount="constant" decomposition="off" initialAmount="" isVisible="true"/>
</Specie>
<Specie specieID="96" name="Mlc" compartment="cytoplasm">
<specieAttribute specieClass="protein" massBalance="on" totalAmount="variable" decomposition="on" initialAmount="" isVisible="true"/>
</Specie>
<Specie specieID="97" name="mlc" compartment="cytoplasm">
<specieAttribute specieClass="RNA" massBalance="off" totalAmount="variable" decomposition="on" initialAmount="" isVisible="true"/>
</Specie>
<Specie specieID="98" name="mlcp1" compartment="cytoplasm">
<specieAttribute specieClass="DNA_gene" massBalance="off" totalAmount="constant" decomposition="off" initialAmount="" isVisible="true"/>
</Specie>
<Specie specieID="99" name="mlcp2" compartment="cytoplasm">
<specieAttribute specieClass="DNA_gene" massBalance="off" totalAmount="constant" decomposition="off" initialAmount="" isVisible="true"/>
</Specie>
<Specie specieID="100" name="Mlcsite(mlcp1)" compartment="cytoplasm">
<specieAttribute specieClass="DNA_promoter" massBalance="on" totalAmount="constant" decomposition="off" initialAmount="" isVisible="true"/>
</Specie>
<Specie specieID="101" name="Mlcsite(mlcp2)" compartment="cytoplasm">
<specieAttribute specieClass="DNA_enhancer" massBalance="on" totalAmount="constant" decomposition="off" initialAmount="" isVisible="true"/>
</Specie>
<Specie specieID="104" name="ptsIp0" compartment="cytoplasm">
<specieAttribute specieClass="DNA_gene" massBalance="off" totalAmount="constant" decomposition="off" initialAmount="" isVisible="true"/>
</Specie>
<Specie specieID="105" name="CRPsite(ptsIp0)" compartment="cytoplasm">
<specieAttribute specieClass="DNA_enhancer" massBalance="on" totalAmount="constant" decomposition="off" initialAmount="" isVisible="true"/>
</Specie>
<Specie specieID="107" name="Mlcsite(ptsHp0)" compartment="cytoplasm">
<specieAttribute specieClass="DNA_promoter" massBalance="on" totalAmount="constant" decomposition="off" initialAmount="" isVisible="true"/>
</Specie>
<Specie specieID="108" name="Mlcsite(ptsIp0)" compartment="cytoplasm">
<specieAttribute specieClass="DNA_promoter" massBalance="on" totalAmount="constant" decomposition="off" initialAmount="" isVisible="true"/>
</Specie>
<Specie specieID="111" name="Mlcsite(ptsGp2)" compartment="cytoplasm">
<specieAttribute specieClass="DNA_promoter" massBalance="on" totalAmount="constant" decomposition="off" initialAmount="" isVisible="true"/>
</Specie>
<Specie specieID="112" name="Mlcsite(ptsGp1)" compartment="cytoplasm">
<specieAttribute specieClass="DNA_promoter" massBalance="on" totalAmount="constant" decomposition="off" initialAmount="" isVisible="true"/>
</Specie>
<Specie specieID="116" name="CRPsite(mlcp1)" compartment="cytoplasm">
<specieAttribute specieClass="DNA_promoter" massBalance="on" totalAmount="constant" decomposition="off" initialAmount="" isVisible="true"/>
</Specie>
<Specie specieID="117" name="CRPsite(mlcp2)" compartment="cytoplasm">
<specieAttribute specieClass="DNA_enhancer" massBalance="on" totalAmount="constant" decomposition="off" initialAmount="" isVisible="true"/>
</Specie>
<Specie specieID="120" name="P" compartment="cytoplasm">
<specieAttribute specieClass="text_option" massBalance="off" totalAmount="constant" decomposition="off" initialAmount="" isVisible="true"/>
</Specie>
<Specie specieID="9" name="ATP:CYA" compartment="cytoplasm">
<specieAttribute specieClass="modifier_complex" massBalance="on" totalAmount="variable" decomposition="on" initialAmount="" isVisible="false"/>
<listOfElements numberOfElements="2">
<specieReference specieID="7" name="ATP" compartment="cytoplasm" stoichiometry="1" cx="889" cy="974"/>
<specieReference specieID="3" name="CYA" compartment="cytoplasm" stoichiometry="1" cx="800" cy="1033"/>
</listOfElements>
</Specie>
<Specie specieID="10" name="CRP:cAMP" compartment="cytoplasm">
<specieAttribute specieClass="complex" massBalance="off" totalAmount="variable" decomposition="on" initialAmount="" isVisible="true"/>
<listOfElements numberOfElements="2">
<specieReference specieID="6" name="CRP" compartment="cytoplasm" stoichiometry="1" cx="701" cy="1217"/>
<specieReference specieID="8" name="cAMP" compartment="cytoplasm" stoichiometry="1" cx="889" cy="1142"/>
</listOfElements>
</Specie>
<Specie specieID="18" name="CRP:cAMP:CRPsiteiI(crp)" compartment="cytoplasm">
<specieAttribute specieClass="complex" massBalance="off" totalAmount="variable" decomposition="on" initialAmount="" isVisible="true"/>
<listOfElements numberOfElements="2">
<specieReference specieID="10" name="CRP:cAMP" compartment="cytoplasm" stoichiometry="1" cx="758" cy="1142"/>
<specieReference specieID="15" name="CRPsiteiI(crp)" compartment="cytoplasm" stoichiometry="1" cx="361" cy="1325"/>
</listOfElements>
</Specie>
<Specie specieID="19" name="CRP:cAMP:CRPsiteI(crp)" compartment="cytoplasm">
<specieAttribute specieClass="complex" massBalance="off" totalAmount="variable" decomposition="on" initialAmount="" isVisible="true"/>
<listOfElements numberOfElements="2">
<specieReference specieID="10" name="CRP:cAMP" compartment="cytoplasm" stoichiometry="1" cx="758" cy="1142"/>
<specieReference specieID="16" name="CRPsiteI(crp)" compartment="cytoplasm" stoichiometry="1" cx="457" cy="1327"/>
</listOfElements>
</Specie>
<Specie specieID="21" name="CRP:cAMP:CRPsite(cyaA)" compartment="cytoplasm">
<specieAttribute specieClass="complex" massBalance="off" totalAmount="variable" decomposition="on" initialAmount="" isVisible="true"/>
<listOfElements numberOfElements="2">
<specieReference specieID="10" name="CRP:cAMP" compartment="cytoplasm" stoichiometry="1" cx="758" cy="1142"/>
<specieReference specieID="20" name="CRPsite(cyaA)" compartment="cytoplasm" stoichiometry="1" cx="509" cy="1139"/>
</listOfElements>
</Specie>
<Specie specieID="44" name="CRP:cAMP:CRPsite(genome)" compartment="cytoplasm">
<specieAttribute specieClass="complex" massBalance="off" totalAmount="variable" decomposition="on" initialAmount="" isVisible="true"/>
<listOfElements numberOfElements="2">
<specieReference specieID="10" name="CRP:cAMP" compartment="cytoplasm" stoichiometry="1" cx="758" cy="1142"/>
<specieReference specieID="43" name="CRPsite(genome)" compartment="cytoplasm" stoichiometry="1" cx="775" cy="1404"/>
</listOfElements>
</Specie>
<Specie specieID="83" name="CRP:cAMP:CRPsite(ptsIp1)" compartment="cytoplasm">
<specieAttribute specieClass="complex" massBalance="off" totalAmount="variable" decomposition="on" initialAmount="" isVisible="true"/>
<listOfElements numberOfElements="2">
<specieReference specieID="10" name="CRP:cAMP" compartment="cytoplasm" stoichiometry="1" cx="758" cy="1142"/>
<specieReference specieID="82" name="CRPsite(ptsIp1)" compartment="cytoplasm" stoichiometry="1" cx="311" cy="845"/>
</listOfElements>
</Specie>
<Specie specieID="86" name="CRP:cAMP:CRPsite(ptsHp1)" compartment="cytoplasm">
<specieAttribute specieClass="complex" massBalance="off" totalAmount="variable" decomposition="on" initialAmount="" isVisible="true"/>
<listOfElements numberOfElements="2">
<specieReference specieID="10" name="CRP:cAMP" compartment="cytoplasm" stoichiometry="1" cx="758" cy="1142"/>
<specieReference specieID="85" name="CRPsite(ptsHp1)" compartment="cytoplasm" stoichiometry="1" cx="1116" cy="684"/>
</listOfElements>
</Specie>
<Specie specieID="87" name="CRP:cAMP:CRPsite(ptsHp0)" compartment="cytoplasm">
<specieAttribute specieClass="complex" massBalance="off" totalAmount="variable" decomposition="on" initialAmount="" isVisible="true"/>
<listOfElements numberOfElements="2">
<specieReference specieID="10" name="CRP:cAMP" compartment="cytoplasm" stoichiometry="1" cx="758" cy="1142"/>
<specieReference specieID="84" name="CRPsite(ptsHp0)" compartment="cytoplasm" stoichiometry="1" cx="1297" cy="626"/>
</listOfElements>
</Specie>
<Specie specieID="90" name="CRP:cAMP:CRPsite(ptsGp2)" compartment="cytoplasm">
<specieAttribute specieClass="complex" massBalance="off" totalAmount="variable" decomposition="on" initialAmount="" isVisible="true"/>
<listOfElements numberOfElements="2">
<specieReference specieID="10" name="CRP:cAMP" compartment="cytoplasm" stoichiometry="1" cx="758" cy="1142"/>
<specieReference specieID="88" name="CRPsite(ptsGp2)" compartment="cytoplasm" stoichiometry="1" cx="1023" cy="498"/>
</listOfElements>
</Specie>
<Specie specieID="91" name="CRP:cAMP:CRPsite(ptsGp1)" compartment="cytoplasm">
<specieAttribute specieClass="complex" massBalance="off" totalAmount="variable" decomposition="on" initialAmount="" isVisible="true"/>
<listOfElements numberOfElements="2">
<specieReference specieID="10" name="CRP:cAMP" compartment="cytoplasm" stoichiometry="1" cx="758" cy="1142"/>
<specieReference specieID="89" name="CRPsite(ptsGp1)" compartment="cytoplasm" stoichiometry="1" cx="1030" cy="269"/>
</listOfElements>
</Specie>
<Specie specieID="102" name="Mlc:Mlcsite(mlcp1)" compartment="cytoplasm">
<specieAttribute specieClass="complex" massBalance="off" totalAmount="variable" decomposition="on" initialAmount="" isVisible="true"/>
<listOfElements numberOfElements="2">
<specieReference specieID="96" name="Mlc" compartment="cytoplasm" stoichiometry="1" cx="930" cy="902"/>
<specieReference specieID="100" name="Mlcsite(mlcp1)" compartment="cytoplasm" stoichiometry="1" cx="1378" cy="973"/>
</listOfElements>
</Specie>
<Specie specieID="103" name="Mlc:Mlcsite(mlcp2)" compartment="cytoplasm">
<specieAttribute specieClass="complex" massBalance="off" totalAmount="variable" decomposition="on" initialAmount="" isVisible="true"/>
<listOfElements numberOfElements="2">
<specieReference specieID="96" name="Mlc" compartment="cytoplasm" stoichiometry="1" cx="930" cy="902"/>
<specieReference specieID="101" name="Mlcsite(mlcp2)" compartment="cytoplasm" stoichiometry="1" cx="1263" cy="1059"/>
</listOfElements>
</Specie>
<Specie specieID="106" name="CRP:cAMP:CRPsite(ptsIp0)" compartment="cytoplasm">
<specieAttribute specieClass="complex" massBalance="off" totalAmount="variable" decomposition="on" initialAmount="" isVisible="true"/>
<listOfElements numberOfElements="2">
<specieReference specieID="10" name="CRP:cAMP" compartment="cytoplasm" stoichiometry="1" cx="758" cy="1142"/>
<specieReference specieID="105" name="CRPsite(ptsIp0)" compartment="cytoplasm" stoichiometry="1" cx="213" cy="574"/>
</listOfElements>
</Specie>
<Specie specieID="109" name="Mlc:Mlcsite(ptsHp0)" compartment="cytoplasm">
<specieAttribute specieClass="complex" massBalance="off" totalAmount="variable" decomposition="on" initialAmount="" isVisible="true"/>
<listOfElements numberOfElements="2">
<specieReference specieID="96" name="Mlc" compartment="cytoplasm" stoichiometry="1" cx="930" cy="902"/>
<specieReference specieID="107" name="Mlcsite(ptsHp0)" compartment="cytoplasm" stoichiometry="1" cx="1299" cy="692"/>
</listOfElements>
</Specie>
<Specie specieID="110" name="Mlc:Mlcsite(ptsIp0)" compartment="cytoplasm">
<specieAttribute specieClass="complex" massBalance="off" totalAmount="variable" decomposition="on" initialAmount="" isVisible="true"/>
<listOfElements numberOfElements="2">
<specieReference specieID="96" name="Mlc" compartment="cytoplasm" stoichiometry="1" cx="930" cy="902"/>
<specieReference specieID="108" name="Mlcsite(ptsIp0)" compartment="cytoplasm" stoichiometry="1" cx="146" cy="627"/>
</listOfElements>
</Specie>
<Specie specieID="113" name="Mlc:Mlcsite(ptsGp2)" compartment="cytoplasm">
<specieAttribute specieClass="complex" massBalance="off" totalAmount="variable" decomposition="on" initialAmount="" isVisible="true"/>
<listOfElements numberOfElements="2">
<specieReference specieID="96" name="Mlc" compartment="cytoplasm" stoichiometry="1" cx="930" cy="902"/>
<specieReference specieID="111" name="Mlcsite(ptsGp2)" compartment="cytoplasm" stoichiometry="1" cx="1148" cy="499"/>
</listOfElements>
</Specie>
<Specie specieID="114" name="Mlc:Mlcsite(ptsGp1)" compartment="cytoplasm">
<specieAttribute specieClass="complex" massBalance="off" totalAmount="variable" decomposition="on" initialAmount="" isVisible="true"/>
<listOfElements numberOfElements="2">
<specieReference specieID="96" name="Mlc" compartment="cytoplasm" stoichiometry="1" cx="930" cy="902"/>
<specieReference specieID="112" name="Mlcsite(ptsGp1)" compartment="cytoplasm" stoichiometry="1" cx="1160" cy="269"/>
</listOfElements>
</Specie>
<Specie specieID="115" name="IIBC:Mlc" compartment="cytoplasm">
<specieAttribute specieClass="complex" massBalance="off" totalAmount="variable" decomposition="on" initialAmount="" isVisible="true"/>
<listOfElements numberOfElements="2">
<specieReference specieID="52" name="IIBC" compartment="cytoplasm" stoichiometry="1" cx="775" cy="355"/>
<specieReference specieID="96" name="Mlc" compartment="cytoplasm" stoichiometry="1" cx="930" cy="902"/>
</listOfElements>
</Specie>
<Specie specieID="118" name="CRP:cAMP:CRPsite(mlcp1)" compartment="cytoplasm">
<specieAttribute specieClass="complex" massBalance="off" totalAmount="variable" decomposition="on" initialAmount="" isVisible="true"/>
<listOfElements numberOfElements="2">
<specieReference specieID="10" name="CRP:cAMP" compartment="cytoplasm" stoichiometry="1" cx="758" cy="1142"/>
<specieReference specieID="116" name="CRPsite(mlcp1)" compartment="cytoplasm" stoichiometry="1" cx="1369" cy="1043"/>
</listOfElements>
</Specie>
<Specie specieID="119" name="CRP:cAMP:CRPsite(mlcp2)" compartment="cytoplasm">
<specieAttribute specieClass="complex" massBalance="off" totalAmount="variable" decomposition="on" isVisible="true"/>
<listOfElements numberOfElements="2">
<specieReference specieID="10" name="CRP:cAMP" compartment="cytoplasm" stoichiometry="1" cx="758" cy="1142"/>
<specieReference specieID="117" name="CRPsite(mlcp2)" compartment="cytoplasm" stoichiometry="1" cx="1253" cy="1017"/>
</listOfElements>
</Specie>
</listOfSpecies>
<listOfReactions layer="gene" numberOfReactions="27">
<Reaction reactionID="27" groupID="1" reactionType="transcription" isConvertible="true" reactionName="#27" isVisible="true" modifierReactionEquation="CRP:cAMP:CRPsite(cyaA) -|| cyaA -&gt; mRNA(cyaA)">
<listOfReactants numberOfReactants="1">
<specieReference specieID="1" name="cyaA" compartment="cytoplasm" stoichiometry="1" cx="510" cy="1093"/>
</listOfReactants>
<listOfProducts numberOfProducts="1">
<specieReference specieID="2" name="mRNA(cyaA)" compartment="cytoplasm" stoichiometry="1" cx="651" cy="1037"/>
</listOfProducts>
<listOfModifiers numberOfModifiers="1">
<modifierSpecieReference specieID="21" name="CRP:cAMP:CRPsite(cyaA)" compartment="cytoplasm" stoichiometry="1" cx="611" cy="1141" modifierType="inhibitor" isTotal="true">
<lineLocation index="0" x1="611" y1="1141" x2="579" y2="1058" connectSegmentPoint="0"/>
</modifierSpecieReference>
</listOfModifiers>
<lineLocation index="0" x1="532" y1="1079" x2="651" y2="1037" connectSegmentPoint="0"/>
</Reaction>
<Reaction reactionID="23" groupID="3" reactionType="transcription" isConvertible="true" reactionName="#23" isVisible="true" modifierReactionEquation="CRP:cAMP:CRPsiteI(crp) -|| crp -&gt; mRNA(crp)">
<listOfReactants numberOfReactants="1">
<specieReference specieID="4" name="crp" compartment="cytoplasm" stoichiometry="1" cx="616" cy="1331"/>
</listOfReactants>
<listOfProducts numberOfProducts="1">
<specieReference specieID="5" name="mRNA(crp)" compartment="cytoplasm" stoichiometry="1" cx="701" cy="1311"/>
</listOfProducts>
<listOfModifiers numberOfModifiers="1">
<modifierSpecieReference specieID="19" name="CRP:cAMP:CRPsiteI(crp)" compartment="cytoplasm" stoichiometry="1" cx="457" cy="1253" modifierType="inhibitor" isTotal="true">
<lineLocation index="0" x1="457" y1="1253" x2="657" y2="1314" connectSegmentPoint="0"/>
</modifierSpecieReference>
</listOfModifiers>
<lineLocation index="0" x1="638" y1="1317" x2="701" y2="1311" connectSegmentPoint="0"/>
</Reaction>
<Reaction reactionID="24" groupID="3" reactionType="transcription" isConvertible="true" reactionName="#24" isVisible="true" modifierReactionEquation="CRP:cAMP:CRPsiteiI(crp) -&gt;&gt; crp -&gt; mRNA(crp)">
<listOfReactants numberOfReactants="1">
<specieReference specieID="4" name="crp" compartment="cytoplasm" stoichiometry="1" cx="616" cy="1331"/>
</listOfReactants>
<listOfProducts numberOfProducts="1">
<specieReference specieID="5" name="mRNA(crp)" compartment="cytoplasm" stoichiometry="1" cx="701" cy="1311"/>
</listOfProducts>
<listOfModifiers numberOfModifiers="1">
<modifierSpecieReference specieID="18" name="CRP:cAMP:CRPsiteiI(crp)" compartment="cytoplasm" stoichiometry="1" cx="360" cy="1262" modifierType="activator" isTotal="true">
<lineLocation index="0" x1="360" y1="1262" x2="657" y2="1314" connectSegmentPoint="0"/>
</modifierSpecieReference>
</listOfModifiers>
<lineLocation index="0" x1="638" y1="1317" x2="701" y2="1311" connectSegmentPoint="0"/>
</Reaction>
<Reaction reactionID="5" groupID="5" reactionType="translation" isConvertible="true" reactionName="#5" isVisible="true" modifierReactionEquation="mRNA(crp) -&gt; CRP">
<listOfReactants numberOfReactants="1">
<specieReference specieID="5" name="mRNA(crp)" compartment="cytoplasm" stoichiometry="1" cx="701" cy="1311"/>
</listOfReactants>
<listOfProducts numberOfProducts="1">
<specieReference specieID="6" name="CRP" compartment="cytoplasm" stoichiometry="1" cx="701" cy="1217"/>
</listOfProducts>
<lineLocation index="0" x1="701" y1="1311" x2="701" y2="1217" connectSegmentPoint="0"/>
</Reaction>
<Reaction reactionID="16" groupID="16" reactionType="translation" isConvertible="true" reactionName="#16" isVisible="true" modifierReactionEquation="mRNA(cyaA) -&gt; CYA">
<listOfReactants numberOfReactants="1">
<specieReference specieID="2" name="mRNA(cyaA)" compartment="cytoplasm" stoichiometry="1" cx="651" cy="1037"/>
</listOfReactants>
<listOfProducts numberOfProducts="1">
<specieReference specieID="3" name="CYA" compartment="cytoplasm" stoichiometry="1" cx="800" cy="1033"/>
</listOfProducts>
<lineLocation index="0" x1="651" y1="1037" x2="800" y2="1033" connectSegmentPoint="0"/>
</Reaction>
<Reaction reactionID="49" groupID="49" reactionType="transcription" isConvertible="true" reactionName="#49" isVisible="true" modifierReactionEquation="crp_basal -&gt; mRNA(crp)">
<listOfReactants numberOfReactants="1">
<specieReference specieID="40" name="crp_basal" compartment="cytoplasm" stoichiometry="1" cx="616" cy="1388"/>
</listOfReactants>
<listOfProducts numberOfProducts="1">
<specieReference specieID="5" name="mRNA(crp)" compartment="cytoplasm" stoichiometry="1" cx="701" cy="1311"/>
</listOfProducts>
<lineLocation index="0" x1="638" y1="1374" x2="701" y2="1311" connectSegmentPoint="0"/>
</Reaction>
<Reaction reactionID="51" groupID="51" reactionType="transcription" isConvertible="true" reactionName="#51" isVisible="true" modifierReactionEquation="cyaA_basal -&gt; mRNA(cyaA)">
<listOfReactants numberOfReactants="1">
<specieReference specieID="42" name="cyaA_basal" compartment="cytoplasm" stoichiometry="1" cx="509" cy="1023"/>
</listOfReactants>
<listOfProducts numberOfProducts="1">
<specieReference specieID="2" name="mRNA(cyaA)" compartment="cytoplasm" stoichiometry="1" cx="651" cy="1037"/>
</listOfProducts>
<lineLocation index="0" x1="531" y1="1009" x2="651" y2="1037" connectSegmentPoint="0"/>
</Reaction>
<Reaction reactionID="71" groupID="71" reactionType="translation" isConvertible="true" reactionName="#71" isVisible="true" modifierReactionEquation="mRNA(ptsG) -&gt; IIBC">
<listOfReactants numberOfReactants="1">
<specieReference specieID="69" name="mRNA(ptsG)" compartment="cytoplasm" stoichiometry="1" cx="878" cy="355"/>
</listOfReactants>
<listOfProducts numberOfProducts="1">
<specieReference specieID="52" name="IIBC" compartment="cytoplasm" stoichiometry="1" cx="775" cy="355"/>
</listOfProducts>
<lineLocation index="0" x1="878" y1="355" x2="775" y2="355" connectSegmentPoint="0"/>
</Reaction>
<Reaction reactionID="72" groupID="72" reactionType="translation" isConvertible="true" reactionName="#72" isVisible="true" modifierReactionEquation="mRNA(crr) -&gt; IIA">
<listOfReactants numberOfReactants="1">
<specieReference specieID="68" name="mRNA(crr)" compartment="cytoplasm" stoichiometry="1" cx="433" cy="452"/>
</listOfReactants>
<listOfProducts numberOfProducts="1">
<specieReference specieID="51" name="IIA" compartment="cytoplasm" stoichiometry="1" cx="555" cy="452"/>
</listOfProducts>
<lineLocation index="0" x1="433" y1="452" x2="555" y2="452" connectSegmentPoint="0"/>
</Reaction>
<Reaction reactionID="73" groupID="73" reactionType="translation" isConvertible="true" reactionName="#73" isVisible="true" modifierReactionEquation="mRNA(ptsH) -&gt; HPr">
<listOfReactants numberOfReactants="1">
<specieReference specieID="70" name="mRNA(ptsH)" compartment="cytoplasm" stoichiometry="1" cx="1138" cy="571"/>
</listOfReactants>
<listOfProducts numberOfProducts="1">
<specieReference specieID="50" name="HPr" compartment="cytoplasm" stoichiometry="1" cx="784" cy="570"/>
</listOfProducts>
<lineLocation index="0" x1="1138" y1="571" x2="784" y2="570" connectSegmentPoint="0"/>
</Reaction>
<Reaction reactionID="74" groupID="74" reactionType="translation" isConvertible="true" reactionName="#74" isVisible="true" modifierReactionEquation="mRNA(ptsI) -&gt; EI">
<listOfReactants numberOfReactants="1">
<specieReference specieID="71" name="mRNA(ptsI)" compartment="cytoplasm" stoichiometry="1" cx="437" cy="683"/>
</listOfReactants>
<listOfProducts numberOfProducts="1">
<specieReference specieID="49" name="EI" compartment="cytoplasm" stoichiometry="1" cx="557" cy="684"/>
</listOfProducts>
<lineLocation index="0" x1="437" y1="683" x2="557" y2="684" connectSegmentPoint="0"/>
</Reaction>
<Reaction reactionID="75" groupID="75" reactionType="transcription" isConvertible="true" reactionName="#75" isVisible="true" modifierReactionEquation="crr -&gt; mRNA(crr)">
<listOfReactants numberOfReactants="1">
<specieReference specieID="72" name="crr" compartment="cytoplasm" stoichiometry="1" cx="314" cy="466"/>
</listOfReactants>
<listOfProducts numberOfProducts="1">
<specieReference specieID="68" name="mRNA(crr)" compartment="cytoplasm" stoichiometry="1" cx="433" cy="452"/>
</listOfProducts>
<lineLocation index="0" x1="336" y1="452" x2="433" y2="452" connectSegmentPoint="0"/>
</Reaction>
<Reaction reactionID="102" groupID="76" reactionType="transcription" isConvertible="true" reactionName="#102" isVisible="true" modifierReactionEquation="CRP:cAMP:CRPsite(ptsIp1) -&gt;&gt; ptsIp1 -&gt; mRNA(ptsI)">
<listOfReactants numberOfReactants="1">
<specieReference specieID="73" name="ptsIp1" compartment="cytoplasm" stoichiometry="1" cx="308" cy="697"/>
</listOfReactants>
<listOfProducts numberOfProducts="1">
<specieReference specieID="71" name="mRNA(ptsI)" compartment="cytoplasm" stoichiometry="1" cx="437" cy="683"/>
</listOfProducts>
<listOfModifiers numberOfModifiers="1">
<modifierSpecieReference specieID="83" name="CRP:cAMP:CRPsite(ptsIp1)" compartment="cytoplasm" stoichiometry="1" cx="394" cy="737" modifierType="activator" isTotal="true">
<lineLocation index="0" x1="394" y1="737" x2="371" y2="683" connectSegmentPoint="0"/>
</modifierSpecieReference>
</listOfModifiers>
<lineLocation index="0" x1="330" y1="683" x2="437" y2="683" connectSegmentPoint="0"/>
</Reaction>
<Reaction reactionID="94" groupID="78" reactionType="transcription" isConvertible="true" reactionName="#94" isVisible="true" modifierReactionEquation="CRP:cAMP:CRPsite(ptsHp0) -&gt;&gt; ptsHp0 -&gt; mRNA(ptsH)">
<listOfReactants numberOfReactants="1">
<specieReference specieID="75" name="ptsHp0" compartment="cytoplasm" stoichiometry="1" cx="1300" cy="583"/>
</listOfReactants>
<listOfProducts numberOfProducts="1">
<specieReference specieID="70" name="mRNA(ptsH)" compartment="cytoplasm" stoichiometry="1" cx="1138" cy="571"/>
</listOfProducts>
<listOfModifiers numberOfModifiers="1">
<modifierSpecieReference specieID="87" name="CRP:cAMP:CRPsite(ptsHp0)" compartment="cytoplasm" stoichiometry="1" cx="1212" cy="619" modifierType="activator" isTotal="true">
<lineLocation index="0" x1="1212" y1="619" x2="1242" y2="570" connectSegmentPoint="0"/>
</modifierSpecieReference>
</listOfModifiers>
<lineLocation index="0" x1="1322" y1="569" x2="1138" y2="571" connectSegmentPoint="0"/>
</Reaction>
<Reaction reactionID="119" groupID="78" reactionType="transcription" isConvertible="true" reactionName="#119" isVisible="true" modifierReactionEquation="Mlc:Mlcsite(ptsHp0) -|| ptsHp0 -&gt; mRNA(ptsH)">
<listOfReactants numberOfReactants="1">
<specieReference specieID="75" name="ptsHp0" compartment="cytoplasm" stoichiometry="1" cx="1300" cy="583"/>
</listOfReactants>
<listOfProducts numberOfProducts="1">
<specieReference specieID="70" name="mRNA(ptsH)" compartment="cytoplasm" stoichiometry="1" cx="1138" cy="571"/>
</listOfProducts>
<listOfModifiers numberOfModifiers="1">
<modifierSpecieReference specieID="109" name="Mlc:Mlcsite(ptsHp0)" compartment="cytoplasm" stoichiometry="1" cx="1221" cy="732" modifierType="inhibitor" isTotal="true">
<lineLocation index="0" x1="1221" y1="732" x2="1242" y2="570" connectSegmentPoint="0"/>
</modifierSpecieReference>
</listOfModifiers>
<lineLocation index="0" x1="1322" y1="569" x2="1138" y2="571" connectSegmentPoint="0"/>
</Reaction>
<Reaction reactionID="92" groupID="79" reactionType="transcription" isConvertible="true" reactionName="#92" isVisible="true" modifierReactionEquation="CRP:cAMP:CRPsite(ptsHp1) -&gt;&gt; ptsHp1 -&gt; mRNA(ptsH)">
<listOfReactants numberOfReactants="1">
<specieReference specieID="76" name="ptsHp1" compartment="cytoplasm" stoichiometry="1" cx="1115" cy="632"/>
</listOfReactants>
<listOfProducts numberOfProducts="1">
<specieReference specieID="70" name="mRNA(ptsH)" compartment="cytoplasm" stoichiometry="1" cx="1138" cy="571"/>
</listOfProducts>
<listOfModifiers numberOfModifiers="1">
<modifierSpecieReference specieID="86" name="CRP:cAMP:CRPsite(ptsHp1)" compartment="cytoplasm" stoichiometry="1" cx="1061" cy="652" modifierType="activator" isTotal="true">
<lineLocation index="0" x1="1061" y1="652" x2="1137" y2="599" connectSegmentPoint="0"/>
</modifierSpecieReference>
</listOfModifiers>
<lineLocation index="0" x1="1137" y1="618" x2="1138" y2="571" connectSegmentPoint="0"/>
</Reaction>
<Reaction reactionID="100" groupID="80" reactionType="transcription" isConvertible="true" reactionName="#100" isVisible="true" modifierReactionEquation="CRP:cAMP:CRPsite(ptsGp1) -&gt;&gt; ptsGp1 -&gt; mRNA(ptsG)">
<listOfReactants numberOfReactants="1">
<specieReference specieID="77" name="ptsGp1" compartment="cytoplasm" stoichiometry="1" cx="1037" cy="368"/>
</listOfReactants>
<listOfProducts numberOfProducts="1">
<specieReference specieID="69" name="mRNA(ptsG)" compartment="cytoplasm" stoichiometry="1" cx="878" cy="355"/>
</listOfProducts>
<listOfModifiers numberOfModifiers="1">
<modifierSpecieReference specieID="91" name="CRP:cAMP:CRPsite(ptsGp1)" compartment="cytoplasm" stoichiometry="1" cx="1098" cy="315" modifierType="activator" isTotal="true">
<lineLocation index="0" x1="1098" y1="315" x2="981" y2="354" connectSegmentPoint="0"/>
</modifierSpecieReference>
</listOfModifiers>
<lineLocation index="0" x1="1059" y1="354" x2="878" y2="355" connectSegmentPoint="0"/>
</Reaction>
<Reaction reactionID="127" groupID="80" reactionType="transcription" isConvertible="true" reactionName="#127" isVisible="true" modifierReactionEquation="Mlc:Mlcsite(ptsGp1) -|| ptsGp1 -&gt; mRNA(ptsG)">
<listOfReactants numberOfReactants="1">
<specieReference specieID="77" name="ptsGp1" compartment="cytoplasm" stoichiometry="1" cx="1037" cy="368"/>
</listOfReactants>
<listOfProducts numberOfProducts="1">
<specieReference specieID="69" name="mRNA(ptsG)" compartment="cytoplasm" stoichiometry="1" cx="878" cy="355"/>
</listOfProducts>
<listOfModifiers numberOfModifiers="1">
<modifierSpecieReference specieID="114" name="Mlc:Mlcsite(ptsGp1)" compartment="cytoplasm" stoichiometry="1" cx="1189" cy="320" modifierType="inhibitor" isTotal="true">
<lineLocation index="0" x1="1189" y1="320" x2="981" y2="354" connectSegmentPoint="0"/>
</modifierSpecieReference>
</listOfModifiers>
<lineLocation index="0" x1="1059" y1="354" x2="878" y2="355" connectSegmentPoint="0"/>
</Reaction>
<Reaction reactionID="99" groupID="81" reactionType="transcription" isConvertible="true" reactionName="#99" isVisible="true" modifierReactionEquation="CRP:cAMP:CRPsite(ptsGp2) -&gt;&gt; ptsGp2 -&gt; mRNA(ptsG)">
<listOfReactants numberOfReactants="1">
<specieReference specieID="78" name="ptsGp2" compartment="cytoplasm" stoichiometry="1" cx="1038" cy="461"/>
</listOfReactants>
<listOfProducts numberOfProducts="1">
<specieReference specieID="69" name="mRNA(ptsG)" compartment="cytoplasm" stoichiometry="1" cx="878" cy="355"/>
</listOfProducts>
<listOfModifiers numberOfModifiers="1">
<modifierSpecieReference specieID="90" name="CRP:cAMP:CRPsite(ptsGp2)" compartment="cytoplasm" stoichiometry="1" cx="911" cy="448" modifierType="activator" isTotal="true">
<lineLocation index="0" x1="911" y1="448" x2="981" y2="401" connectSegmentPoint="0"/>
</modifierSpecieReference>
</listOfModifiers>
<lineLocation index="0" x1="1060" y1="447" x2="878" y2="355" connectSegmentPoint="0"/>
</Reaction>
<Reaction reactionID="125" groupID="81" reactionType="transcription" isConvertible="true" reactionName="#125" isVisible="true" modifierReactionEquation="Mlc:Mlcsite(ptsGp2) -|| ptsGp2 -&gt; mRNA(ptsG)">
<listOfReactants numberOfReactants="1">
<specieReference specieID="78" name="ptsGp2" compartment="cytoplasm" stoichiometry="1" cx="1038" cy="461"/>
</listOfReactants>
<listOfProducts numberOfProducts="1">
<specieReference specieID="69" name="mRNA(ptsG)" compartment="cytoplasm" stoichiometry="1" cx="878" cy="355"/>
</listOfProducts>
<listOfModifiers numberOfModifiers="1">
<modifierSpecieReference specieID="113" name="Mlc:Mlcsite(ptsGp2)" compartment="cytoplasm" stoichiometry="1" cx="935" cy="543" modifierType="inhibitor" isTotal="true">
<lineLocation index="0" x1="935" y1="543" x2="981" y2="401" connectSegmentPoint="0"/>
</modifierSpecieReference>
</listOfModifiers>
<lineLocation index="0" x1="1060" y1="447" x2="878" y2="355" connectSegmentPoint="0"/>
</Reaction>
<Reaction reactionID="108" groupID="103" reactionType="transcription" isConvertible="true" reactionName="#108" isVisible="true" modifierReactionEquation="Mlc:Mlcsite(mlcp1) -|| mlcp1 -&gt; mlc">
<listOfReactants numberOfReactants="1">
<specieReference specieID="98" name="mlcp1" compartment="cytoplasm" stoichiometry="1" cx="1384" cy="916"/>
</listOfReactants>
<listOfProducts numberOfProducts="1">
<specieReference specieID="97" name="mlc" compartment="cytoplasm" stoichiometry="1" cx="1287" cy="904"/>
</listOfProducts>
<listOfModifiers numberOfModifiers="1">
<modifierSpecieReference specieID="102" name="Mlc:Mlcsite(mlcp1)" compartment="cytoplasm" stoichiometry="1" cx="1347" cy="783" modifierType="inhibitor" isTotal="true">
<lineLocation index="0" x1="1347" y1="783" x2="1359" y2="903" connectSegmentPoint="0"/>
</modifierSpecieReference>
</listOfModifiers>
<lineLocation index="0" x1="1406" y1="902" x2="1287" y2="904" connectSegmentPoint="0"/>
</Reaction>
<Reaction reactionID="132" groupID="103" reactionType="transcription" isConvertible="true" reactionName="#132" isVisible="true" modifierReactionEquation="CRP:cAMP:CRPsite(mlcp1) -|| mlcp1 -&gt; mlc">
<listOfReactants numberOfReactants="1">
<specieReference specieID="98" name="mlcp1" compartment="cytoplasm" stoichiometry="1" cx="1384" cy="916"/>
</listOfReactants>
<listOfProducts numberOfProducts="1">
<specieReference specieID="97" name="mlc" compartment="cytoplasm" stoichiometry="1" cx="1287" cy="904"/>
</listOfProducts>
<listOfModifiers numberOfModifiers="1">
<modifierSpecieReference specieID="118" name="CRP:cAMP:CRPsite(mlcp1)" compartment="cytoplasm" stoichiometry="1" cx="1437" cy="799" modifierType="inhibitor" isTotal="true">
<lineLocation index="0" x1="1437" y1="799" x2="1359" y2="903" connectSegmentPoint="0"/>
</modifierSpecieReference>
</listOfModifiers>
<lineLocation index="0" x1="1406" y1="902" x2="1287" y2="904" connectSegmentPoint="0"/>
</Reaction>
<Reaction reactionID="134" groupID="104" reactionType="transcription" isConvertible="true" reactionName="#134" isVisible="true" modifierReactionEquation="CRP:cAMP:CRPsite(mlcp2) -&gt;&gt; mlcp2 -&gt; mlc">
<listOfReactants numberOfReactants="1">
<specieReference specieID="99" name="mlcp2" compartment="cytoplasm" stoichiometry="1" cx="1268" cy="978"/>
</listOfReactants>
<listOfProducts numberOfProducts="1">
<specieReference specieID="97" name="mlc" compartment="cytoplasm" stoichiometry="1" cx="1287" cy="904"/>
</listOfProducts>
<listOfModifiers numberOfModifiers="1">
<modifierSpecieReference specieID="119" name="CRP:cAMP:CRPsite(mlcp2)" compartment="cytoplasm" stoichiometry="1" cx="1124" cy="1083" modifierType="activator" isTotal="true">
<lineLocation index="0" x1="1124" y1="1083" x2="1288" y2="939" connectSegmentPoint="0"/>
</modifierSpecieReference>
</listOfModifiers>
<lineLocation index="0" x1="1290" y1="964" x2="1287" y2="904" connectSegmentPoint="0"/>
</Reaction>
<Reaction reactionID="135" groupID="104" reactionType="transcription" isConvertible="true" reactionName="#135" isVisible="true" modifierReactionEquation="Mlc:Mlcsite(mlcp2) -|| mlcp2 -&gt; mlc">
<listOfReactants numberOfReactants="1">
<specieReference specieID="99" name="mlcp2" compartment="cytoplasm" stoichiometry="1" cx="1268" cy="978"/>
</listOfReactants>
<listOfProducts numberOfProducts="1">
<specieReference specieID="97" name="mlc" compartment="cytoplasm" stoichiometry="1" cx="1287" cy="904"/>
</listOfProducts>
<listOfModifiers numberOfModifiers="1">
<modifierSpecieReference specieID="103" name="Mlc:Mlcsite(mlcp2)" compartment="cytoplasm" stoichiometry="1" cx="1161" cy="1013" modifierType="inhibitor" isTotal="true">
<lineLocation index="0" x1="1161" y1="1013" x2="1288" y2="939" connectSegmentPoint="0"/>
</modifierSpecieReference>
</listOfModifiers>
<lineLocation index="0" x1="1290" y1="964" x2="1287" y2="904" connectSegmentPoint="0"/>
</Reaction>
<Reaction reactionID="111" groupID="111" reactionType="translation" isConvertible="true" reactionName="#111" isVisible="true" modifierReactionEquation="mlc -&gt; Mlc">
<listOfReactants numberOfReactants="1">
<specieReference specieID="97" name="mlc" compartment="cytoplasm" stoichiometry="1" cx="1287" cy="904"/>
</listOfReactants>
<listOfProducts numberOfProducts="1">
<specieReference specieID="96" name="Mlc" compartment="cytoplasm" stoichiometry="1" cx="930" cy="902"/>
</listOfProducts>
<lineLocation index="0" x1="1287" y1="904" x2="930" y2="902" connectSegmentPoint="0"/>
</Reaction>
<Reaction reactionID="115" groupID="112" reactionType="transcription" isConvertible="true" reactionName="#115" isVisible="true" modifierReactionEquation="CRP:cAMP:CRPsite(ptsIp0) -&gt;&gt; ptsIp0 -&gt; mRNA(ptsI)">
<listOfReactants numberOfReactants="1">
<specieReference specieID="104" name="ptsIp0" compartment="cytoplasm" stoichiometry="1" cx="301" cy="573"/>
</listOfReactants>
<listOfProducts numberOfProducts="1">
<specieReference specieID="71" name="mRNA(ptsI)" compartment="cytoplasm" stoichiometry="1" cx="437" cy="683"/>
</listOfProducts>
<listOfModifiers numberOfModifiers="1">
<modifierSpecieReference specieID="106" name="CRP:cAMP:CRPsite(ptsIp0)" compartment="cytoplasm" stoichiometry="1" cx="238" cy="632" modifierType="activator" isTotal="true">
<lineLocation index="0" x1="238" y1="632" x2="380" y2="588" connectSegmentPoint="0"/>
</modifierSpecieReference>
</listOfModifiers>
<lineLocation index="0" x1="323" y1="559" x2="437" y2="683" connectSegmentPoint="0">
<segmentStatus counter="1" x="437" y="618"/>
</lineLocation>
</Reaction>
<Reaction reactionID="121" groupID="112" reactionType="transcription" isConvertible="true" reactionName="#121" isVisible="true" modifierReactionEquation="Mlc:Mlcsite(ptsIp0) -|| ptsIp0 -&gt; mRNA(ptsI)">
<listOfReactants numberOfReactants="1">
<specieReference specieID="104" name="ptsIp0" compartment="cytoplasm" stoichiometry="1" cx="301" cy="573"/>
</listOfReactants>
<listOfProducts numberOfProducts="1">
<specieReference specieID="71" name="mRNA(ptsI)" compartment="cytoplasm" stoichiometry="1" cx="437" cy="683"/>
</listOfProducts>
<listOfModifiers numberOfModifiers="1">
<modifierSpecieReference specieID="110" name="Mlc:Mlcsite(ptsIp0)" compartment="cytoplasm" stoichiometry="1" cx="181" cy="705" modifierType="inhibitor" isTotal="true">
<lineLocation index="0" x1="181" y1="705" x2="380" y2="588" connectSegmentPoint="0"/>
</modifierSpecieReference>
</listOfModifiers>
<lineLocation index="0" x1="323" y1="559" x2="437" y2="683" connectSegmentPoint="0">
<segmentStatus counter="1" x="437" y="618"/>
</lineLocation>
</Reaction>
</listOfReactions>
<listOfReactions layer="protein" numberOfReactions="29">
<Reaction reactionID="8" groupID="8" reactionType="binding" isConvertible="true" reactionName="#8" isVisible="true" modifierReactionEquation="CRP + cAMP &lt;-&gt; CRP:cAMP">
<listOfReactants numberOfReactants="2">
<specieReference specieID="6" name="CRP" compartment="cytoplasm" stoichiometry="1" cx="701" cy="1217">
<lineLocation index="0" x1="758" y1="1142" x2="701" y2="1217" connectSegmentPoint="0"/>
</specieReference>
<specieReference specieID="8" name="cAMP" compartment="cytoplasm" stoichiometry="1" cx="889" cy="1142">
<lineLocation index="0" x1="758" y1="1142" x2="889" y2="1142" connectSegmentPoint="0"/>
</specieReference>
</listOfReactants>
<listOfProducts numberOfProducts="1">
<specieReference specieID="10" name="CRP:cAMP" compartment="cytoplasm" stoichiometry="1" cx="758" cy="1142"/>
</listOfProducts>
<multiArmsReaction cx="758" cy="1142"/>
</Reaction>
<Reaction reactionID="20" groupID="20" reactionType="binding" isConvertible="true" reactionName="#20" isVisible="true" modifierReactionEquation="CRP:cAMP + CRPsiteiI(crp) &lt;-&gt; CRP:cAMP:CRPsiteiI(crp)">
<listOfReactants numberOfReactants="2">
<specieReference specieID="10" name="CRP:cAMP" compartment="cytoplasm" stoichiometry="1" cx="758" cy="1142">
<lineLocation index="0" x1="360" y1="1262" x2="758" y2="1142" connectSegmentPoint="0"/>
</specieReference>
<specieReference specieID="15" name="CRPsiteiI(crp)" compartment="cytoplasm" stoichiometry="1" cx="361" cy="1325">
<lineLocation index="0" x1="360" y1="1262" x2="361" y2="1325" connectSegmentPoint="0"/>
</specieReference>
</listOfReactants>
<listOfProducts numberOfProducts="1">
<specieReference specieID="18" name="CRP:cAMP:CRPsiteiI(crp)" compartment="cytoplasm" stoichiometry="1" cx="360" cy="1262"/>
</listOfProducts>
<multiArmsReaction cx="360" cy="1262"/>
</Reaction>
<Reaction reactionID="21" groupID="21" reactionType="binding" isConvertible="true" reactionName="#21" isVisible="true" modifierReactionEquation="CRP:cAMP + CRPsiteI(crp) &lt;-&gt; CRP:cAMP:CRPsiteI(crp)">
<listOfReactants numberOfReactants="2">
<specieReference specieID="10" name="CRP:cAMP" compartment="cytoplasm" stoichiometry="1" cx="758" cy="1142">
<lineLocation index="0" x1="457" y1="1253" x2="758" y2="1142" connectSegmentPoint="0"/>
</specieReference>
<specieReference specieID="16" name="CRPsiteI(crp)" compartment="cytoplasm" stoichiometry="1" cx="457" cy="1327">
<lineLocation index="0" x1="457" y1="1253" x2="457" y2="1327" connectSegmentPoint="0"/>
</specieReference>
</listOfReactants>
<listOfProducts numberOfProducts="1">
<specieReference specieID="19" name="CRP:cAMP:CRPsiteI(crp)" compartment="cytoplasm" stoichiometry="1" cx="457" cy="1253"/>
</listOfProducts>
<multiArmsReaction cx="457" cy="1253"/>
</Reaction>
<Reaction reactionID="26" groupID="26" reactionType="binding" isConvertible="true" reactionName="#26" isVisible="true" modifierReactionEquation="CRP:cAMP + CRPsite(cyaA) &lt;-&gt; CRP:cAMP:CRPsite(cyaA)">
<listOfReactants numberOfReactants="2">
<specieReference specieID="10" name="CRP:cAMP" compartment="cytoplasm" stoichiometry="1" cx="758" cy="1142">
<lineLocation index="0" x1="611" y1="1141" x2="758" y2="1142" connectSegmentPoint="0"/>
</specieReference>
<specieReference specieID="20" name="CRPsite(cyaA)" compartment="cytoplasm" stoichiometry="1" cx="509" cy="1139">
<lineLocation index="0" x1="611" y1="1141" x2="509" y2="1139" connectSegmentPoint="0"/>
</specieReference>
</listOfReactants>
<listOfProducts numberOfProducts="1">
<specieReference specieID="21" name="CRP:cAMP:CRPsite(cyaA)" compartment="cytoplasm" stoichiometry="1" cx="611" cy="1141"/>
</listOfProducts>
<multiArmsReaction cx="611" cy="1141"/>
</Reaction>
<Reaction reactionID="53" groupID="53" reactionType="binding" isConvertible="true" reactionName="#53" isVisible="true" modifierReactionEquation="CRP:cAMP + CRPsite(genome) &lt;-&gt; CRP:cAMP:CRPsite(genome)">
<listOfReactants numberOfReactants="2">
<specieReference specieID="10" name="CRP:cAMP" compartment="cytoplasm" stoichiometry="1" cx="758" cy="1142">
<lineLocation index="0" x1="811" y1="1294" x2="758" y2="1142" connectSegmentPoint="0"/>
</specieReference>
<specieReference specieID="43" name="CRPsite(genome)" compartment="cytoplasm" stoichiometry="1" cx="775" cy="1404">
<lineLocation index="0" x1="811" y1="1294" x2="775" y2="1404" connectSegmentPoint="0"/>
</specieReference>
</listOfReactants>
<listOfProducts numberOfProducts="1">
<specieReference specieID="44" name="CRP:cAMP:CRPsite(genome)" compartment="cytoplasm" stoichiometry="1" cx="811" cy="1294"/>
</listOfProducts>
<multiArmsReaction cx="811" cy="1294"/>
</Reaction>
<Reaction reactionID="56" groupID="56" reactionType="reversible_conversion_regarding_multicomponent" isConvertible="true" reactionName="#56" isVisible="true" modifierReactionEquation="Pyr + EI &lt;&gt; PEP + EI-P">
<listOfReactants numberOfReactants="2">
<specieReference specieID="48" name="Pyr" compartment="cytoplasm" stoichiometry="1" cx="551" cy="785">
<lineLocation index="0" x1="664" y1="743" x2="551" y2="785" connectSegmentPoint="0"/>
</specieReference>
<specieReference specieID="49" name="EI" compartment="cytoplasm" stoichiometry="1" cx="557" cy="684">
<lineLocation index="0" x1="664" y1="743" x2="557" y2="684" connectSegmentPoint="0"/>
</specieReference>
</listOfReactants>
<listOfProducts numberOfProducts="2">
<specieReference specieID="47" name="PEP" compartment="cytoplasm" stoichiometry="1" cx="774" cy="793">
<lineLocation index="0" x1="664" y1="743" x2="774" y2="793" connectSegmentPoint="0"/>
</specieReference>
<specieReference specieID="54" name="EI-P" compartment="cytoplasm" stoichiometry="1" cx="779" cy="684">
<lineLocation index="0" x1="664" y1="743" x2="779" y2="684" connectSegmentPoint="0"/>
</specieReference>
</listOfProducts>
<multiArmsReaction cx="664" cy="743"/>
</Reaction>
<Reaction reactionID="61" groupID="61" reactionType="homo_association_or_modification_with_stoichiometric_changes" isConvertible="true" reactionName="#61" isVisible="true" modifierReactionEquation="EI + P &gt; EI-P">
<listOfReactants numberOfReactants="2">
<specieReference specieID="49" name="EI" compartment="cytoplasm" stoichiometry="1" cx="557" cy="684"/>
<specieReference specieID="120" name="P" compartment="cytoplasm" stoichiometry="1" cx="-1" cy="-1">
<lineLocation index="0" x1="0" y1="0" x2="0" y2="0" connectSegmentPoint="0"/>
</specieReference>
</listOfReactants>
<listOfProducts numberOfProducts="1">
<specieReference specieID="54" name="EI-P" compartment="cytoplasm" stoichiometry="1" cx="779" cy="684"/>
</listOfProducts>
<lineLocation index="0" x1="557" y1="684" x2="779" y2="684" connectSegmentPoint="0"/>
</Reaction>
<Reaction reactionID="63" groupID="63" reactionType="homo_association_or_modification_with_stoichiometric_changes" isConvertible="true" reactionName="#63" isVisible="true" modifierReactionEquation="HPr + P &gt; HPr-P">
<listOfReactants numberOfReactants="2">
<specieReference specieID="50" name="HPr" compartment="cytoplasm" stoichiometry="1" cx="784" cy="570"/>
<specieReference specieID="120" name="P" compartment="cytoplasm" stoichiometry="1" cx="-1" cy="-1">
<lineLocation index="0" x1="0" y1="0" x2="0" y2="0" connectSegmentPoint="0"/>
</specieReference>
</listOfReactants>
<listOfProducts numberOfProducts="1">
<specieReference specieID="56" name="HPr-P" compartment="cytoplasm" stoichiometry="1" cx="547" cy="568"/>
</listOfProducts>
<lineLocation index="0" x1="784" y1="570" x2="547" y2="568" connectSegmentPoint="0"/>
</Reaction>
<Reaction reactionID="64" groupID="64" reactionType="reversible_conversion_regarding_multicomponent" isConvertible="true" reactionName="#64" isVisible="true" modifierReactionEquation="HPr + EI-P &lt;&gt; EI + HPr-P">
<listOfReactants numberOfReactants="2">
<specieReference specieID="50" name="HPr" compartment="cytoplasm" stoichiometry="1" cx="784" cy="570">
<lineLocation index="0" x1="664" y1="624" x2="784" y2="570" connectSegmentPoint="0"/>
</specieReference>
<specieReference specieID="54" name="EI-P" compartment="cytoplasm" stoichiometry="1" cx="779" cy="684">
<lineLocation index="0" x1="664" y1="624" x2="779" y2="684" connectSegmentPoint="0"/>
</specieReference>
</listOfReactants>
<listOfProducts numberOfProducts="2">
<specieReference specieID="49" name="EI" compartment="cytoplasm" stoichiometry="1" cx="557" cy="684">
<lineLocation index="0" x1="664" y1="624" x2="557" y2="684" connectSegmentPoint="0"/>
</specieReference>
<specieReference specieID="56" name="HPr-P" compartment="cytoplasm" stoichiometry="1" cx="547" cy="568">
<lineLocation index="0" x1="664" y1="624" x2="547" y2="568" connectSegmentPoint="0"/>
</specieReference>
</listOfProducts>
<multiArmsReaction cx="664" cy="624"/>
</Reaction>
<Reaction reactionID="65" groupID="65" reactionType="homo_association_or_modification_with_stoichiometric_changes" isConvertible="true" reactionName="#65" isVisible="true" modifierReactionEquation="IIA + P &gt; IIA-P">
<listOfReactants numberOfReactants="2">
<specieReference specieID="51" name="IIA" compartment="cytoplasm" stoichiometry="1" cx="555" cy="452"/>
<specieReference specieID="120" name="P" compartment="cytoplasm" stoichiometry="1" cx="-1" cy="-1">
<lineLocation index="0" x1="0" y1="0" x2="0" y2="0" connectSegmentPoint="0"/>
</specieReference>
</listOfReactants>
<listOfProducts numberOfProducts="1">
<specieReference specieID="58" name="IIA-P" compartment="cytoplasm" stoichiometry="1" cx="779" cy="452"/>
</listOfProducts>
<lineLocation index="0" x1="555" y1="452" x2="779" y2="452" connectSegmentPoint="0"/>
</Reaction>
<Reaction reactionID="66" groupID="66" reactionType="reversible_conversion_regarding_multicomponent" isConvertible="true" reactionName="#66" isVisible="true" modifierReactionEquation="IIA + HPr-P &lt;&gt; HPr + IIA-P">
<listOfReactants numberOfReactants="2">
<specieReference specieID="51" name="IIA" compartment="cytoplasm" stoichiometry="1" cx="555" cy="452">
<lineLocation index="0" x1="667" y1="503" x2="555" y2="452" connectSegmentPoint="0"/>
</specieReference>
<specieReference specieID="56" name="HPr-P" compartment="cytoplasm" stoichiometry="1" cx="547" cy="568">
<lineLocation index="0" x1="667" y1="503" x2="547" y2="568" connectSegmentPoint="0"/>
</specieReference>
</listOfReactants>
<listOfProducts numberOfProducts="2">
<specieReference specieID="50" name="HPr" compartment="cytoplasm" stoichiometry="1" cx="784" cy="570">
<lineLocation index="0" x1="667" y1="503" x2="784" y2="570" connectSegmentPoint="0"/>
</specieReference>
<specieReference specieID="58" name="IIA-P" compartment="cytoplasm" stoichiometry="1" cx="779" cy="452">
<lineLocation index="0" x1="667" y1="503" x2="779" y2="452" connectSegmentPoint="0"/>
</specieReference>
</listOfProducts>
<multiArmsReaction cx="667" cy="503"/>
</Reaction>
<Reaction reactionID="67" groupID="67" reactionType="homo_association_or_modification_with_stoichiometric_changes" isConvertible="true" reactionName="#67" isVisible="true" modifierReactionEquation="IIBC + P &gt; IIBC-P">
<listOfReactants numberOfReactants="2">
<specieReference specieID="52" name="IIBC" compartment="cytoplasm" stoichiometry="1" cx="775" cy="355"/>
<specieReference specieID="120" name="P" compartment="cytoplasm" stoichiometry="1" cx="-1" cy="-1">
<lineLocation index="0" x1="0" y1="0" x2="0" y2="0" connectSegmentPoint="0"/>
</specieReference>
</listOfReactants>
<listOfProducts numberOfProducts="1">
<specieReference specieID="60" name="IIBC-P" compartment="cytoplasm" stoichiometry="1" cx="550" cy="352"/>
</listOfProducts>
<lineLocation index="0" x1="775" y1="355" x2="550" y2="352" connectSegmentPoint="0"/>
</Reaction>
<Reaction reactionID="68" groupID="68" reactionType="reversible_conversion_regarding_multicomponent" isConvertible="true" reactionName="#68" isVisible="true" modifierReactionEquation="IIBC + IIA-P &lt;&gt; IIA + IIBC-P">
<listOfReactants numberOfReactants="2">
<specieReference specieID="52" name="IIBC" compartment="cytoplasm" stoichiometry="1" cx="775" cy="355">
<lineLocation index="0" x1="667" y1="403" x2="775" y2="355" connectSegmentPoint="0"/>
</specieReference>
<specieReference specieID="58" name="IIA-P" compartment="cytoplasm" stoichiometry="1" cx="779" cy="452">
<lineLocation index="0" x1="667" y1="403" x2="779" y2="452" connectSegmentPoint="0"/>
</specieReference>
</listOfReactants>
<listOfProducts numberOfProducts="2">
<specieReference specieID="51" name="IIA" compartment="cytoplasm" stoichiometry="1" cx="555" cy="452">
<lineLocation index="0" x1="667" y1="403" x2="555" y2="452" connectSegmentPoint="0"/>
</specieReference>
<specieReference specieID="60" name="IIBC-P" compartment="cytoplasm" stoichiometry="1" cx="550" cy="352">
<lineLocation index="0" x1="667" y1="403" x2="550" y2="352" connectSegmentPoint="0"/>
</specieReference>
</listOfProducts>
<multiArmsReaction cx="667" cy="403"/>
</Reaction>
<Reaction reactionID="69" groupID="69" reactionType="reversible_conversion_regarding_multicomponent" isConvertible="true" reactionName="#69" isVisible="true" modifierReactionEquation="IIBC-P + Glucose &lt;&gt; IIBC + Glc6P">
<listOfReactants numberOfReactants="2">
<specieReference specieID="60" name="IIBC-P" compartment="cytoplasm" stoichiometry="1" cx="550" cy="352">
<lineLocation index="0" x1="665" y1="281" x2="550" y2="352" connectSegmentPoint="0"/>
</specieReference>
<specieReference specieID="62" name="Glucose" compartment="cytoplasm" stoichiometry="1" cx="555" cy="243">
<lineLocation index="0" x1="665" y1="281" x2="555" y2="243" connectSegmentPoint="0"/>
</specieReference>
</listOfReactants>
<listOfProducts numberOfProducts="2">
<specieReference specieID="52" name="IIBC" compartment="cytoplasm" stoichiometry="1" cx="775" cy="355">
<lineLocation index="0" x1="665" y1="281" x2="775" y2="355" connectSegmentPoint="0"/>
</specieReference>
<specieReference specieID="63" name="Glc6P" compartment="cytoplasm" stoichiometry="1" cx="775" cy="236">
<lineLocation index="0" x1="665" y1="281" x2="775" y2="236" connectSegmentPoint="0"/>
</specieReference>
</listOfProducts>
<multiArmsReaction cx="665" cy="281"/>
</Reaction>
<Reaction reactionID="87" groupID="87" reactionType="binding" isConvertible="true" reactionName="#87" isVisible="true" modifierReactionEquation="CRP:cAMP + CRPsite(ptsIp1) &lt;-&gt; CRP:cAMP:CRPsite(ptsIp1)">
<listOfReactants numberOfReactants="2">
<specieReference specieID="10" name="CRP:cAMP" compartment="cytoplasm" stoichiometry="1" cx="758" cy="1142">
<lineLocation index="0" x1="394" y1="737" x2="758" y2="1142" connectSegmentPoint="0"/>
</specieReference>
<specieReference specieID="82" name="CRPsite(ptsIp1)" compartment="cytoplasm" stoichiometry="1" cx="311" cy="845">
<lineLocation index="0" x1="394" y1="737" x2="311" y2="845" connectSegmentPoint="0"/>
</specieReference>
</listOfReactants>
<listOfProducts numberOfProducts="1">
<specieReference specieID="83" name="CRP:cAMP:CRPsite(ptsIp1)" compartment="cytoplasm" stoichiometry="1" cx="394" cy="737"/>
</listOfProducts>
<multiArmsReaction cx="394" cy="737"/>
</Reaction>
<Reaction reactionID="91" groupID="91" reactionType="binding" isConvertible="true" reactionName="#91" isVisible="true" modifierReactionEquation="CRP:cAMP + CRPsite(ptsHp1) &lt;-&gt; CRP:cAMP:CRPsite(ptsHp1)">
<listOfReactants numberOfReactants="2">
<specieReference specieID="10" name="CRP:cAMP" compartment="cytoplasm" stoichiometry="1" cx="758" cy="1142">
<lineLocation index="0" x1="1061" y1="652" x2="758" y2="1142" connectSegmentPoint="0">
<segmentStatus counter="1" x="1021" y="936"/>
</lineLocation>
</specieReference>
<specieReference specieID="85" name="CRPsite(ptsHp1)" compartment="cytoplasm" stoichiometry="1" cx="1116" cy="684">
<lineLocation index="0" x1="1061" y1="652" x2="1116" y2="684" connectSegmentPoint="0"/>
</specieReference>
</listOfReactants>
<listOfProducts numberOfProducts="1">
<specieReference specieID="86" name="CRP:cAMP:CRPsite(ptsHp1)" compartment="cytoplasm" stoichiometry="1" cx="1061" cy="652"/>
</listOfProducts>
<multiArmsReaction cx="1061" cy="652"/>
</Reaction>
<Reaction reactionID="93" groupID="93" reactionType="binding" isConvertible="true" reactionName="#93" isVisible="true" modifierReactionEquation="CRP:cAMP + CRPsite(ptsHp0) &lt;-&gt; CRP:cAMP:CRPsite(ptsHp0)">
<listOfReactants numberOfReactants="2">
<specieReference specieID="10" name="CRP:cAMP" compartment="cytoplasm" stoichiometry="1" cx="758" cy="1142">
<lineLocation index="0" x1="1212" y1="619" x2="758" y2="1142" connectSegmentPoint="0">
<segmentStatus counter="1" x="1153" y="918"/>
</lineLocation>
</specieReference>
<specieReference specieID="84" name="CRPsite(ptsHp0)" compartment="cytoplasm" stoichiometry="1" cx="1297" cy="626">
<lineLocation index="0" x1="1212" y1="619" x2="1297" y2="626" connectSegmentPoint="0"/>
</specieReference>
</listOfReactants>
<listOfProducts numberOfProducts="1">
<specieReference specieID="87" name="CRP:cAMP:CRPsite(ptsHp0)" compartment="cytoplasm" stoichiometry="1" cx="1212" cy="619"/>
</listOfProducts>
<multiArmsReaction cx="1212" cy="619"/>
</Reaction>
<Reaction reactionID="97" groupID="97" reactionType="binding" isConvertible="true" reactionName="#97" isVisible="true" modifierReactionEquation="CRP:cAMP + CRPsite(ptsGp2) &lt;-&gt; CRP:cAMP:CRPsite(ptsGp2)">
<listOfReactants numberOfReactants="2">
<specieReference specieID="10" name="CRP:cAMP" compartment="cytoplasm" stoichiometry="1" cx="758" cy="1142">
<lineLocation index="0" x1="911" y1="448" x2="758" y2="1142" connectSegmentPoint="0"/>
</specieReference>
<specieReference specieID="88" name="CRPsite(ptsGp2)" compartment="cytoplasm" stoichiometry="1" cx="1023" cy="498">
<lineLocation index="0" x1="911" y1="448" x2="1023" y2="498" connectSegmentPoint="0"/>
</specieReference>
</listOfReactants>
<listOfProducts numberOfProducts="1">
<specieReference specieID="90" name="CRP:cAMP:CRPsite(ptsGp2)" compartment="cytoplasm" stoichiometry="1" cx="911" cy="448"/>
</listOfProducts>
<multiArmsReaction cx="911" cy="448"/>
</Reaction>
<Reaction reactionID="98" groupID="98" reactionType="binding" isConvertible="true" reactionName="#98" isVisible="true" modifierReactionEquation="CRP:cAMP + CRPsite(ptsGp1) &lt;-&gt; CRP:cAMP:CRPsite(ptsGp1)">
<listOfReactants numberOfReactants="2">
<specieReference specieID="10" name="CRP:cAMP" compartment="cytoplasm" stoichiometry="1" cx="758" cy="1142">
<lineLocation index="0" x1="1098" y1="315" x2="758" y2="1142" connectSegmentPoint="0"/>
</specieReference>
<specieReference specieID="89" name="CRPsite(ptsGp1)" compartment="cytoplasm" stoichiometry="1" cx="1030" cy="269">
<lineLocation index="0" x1="1098" y1="315" x2="1030" y2="269" connectSegmentPoint="0"/>
</specieReference>
</listOfReactants>
<listOfProducts numberOfProducts="1">
<specieReference specieID="91" name="CRP:cAMP:CRPsite(ptsGp1)" compartment="cytoplasm" stoichiometry="1" cx="1098" cy="315"/>
</listOfProducts>
<multiArmsReaction cx="1098" cy="315"/>
</Reaction>
<Reaction reactionID="107" groupID="107" reactionType="binding" isConvertible="true" reactionName="#107" isVisible="true" modifierReactionEquation="Mlc + Mlcsite(mlcp1) &lt;-&gt; Mlc:Mlcsite(mlcp1)">
<listOfReactants numberOfReactants="2">
<specieReference specieID="96" name="Mlc" compartment="cytoplasm" stoichiometry="1" cx="930" cy="902">
<lineLocation index="0" x1="1347" y1="783" x2="930" y2="902" connectSegmentPoint="0"/>
</specieReference>
<specieReference specieID="100" name="Mlcsite(mlcp1)" compartment="cytoplasm" stoichiometry="1" cx="1378" cy="973">
<lineLocation index="0" x1="1347" y1="783" x2="1378" y2="973" connectSegmentPoint="0"/>
</specieReference>
</listOfReactants>
<listOfProducts numberOfProducts="1">
<specieReference specieID="102" name="Mlc:Mlcsite(mlcp1)" compartment="cytoplasm" stoichiometry="1" cx="1347" cy="783"/>
</listOfProducts>
<multiArmsReaction cx="1347" cy="783"/>
</Reaction>
<Reaction reactionID="109" groupID="109" reactionType="binding" isConvertible="true" reactionName="#109" isVisible="true" modifierReactionEquation="Mlc + Mlcsite(mlcp2) &lt;-&gt; Mlc:Mlcsite(mlcp2)">
<listOfReactants numberOfReactants="2">
<specieReference specieID="96" name="Mlc" compartment="cytoplasm" stoichiometry="1" cx="930" cy="902">
<lineLocation index="0" x1="1161" y1="1013" x2="930" y2="902" connectSegmentPoint="0"/>
</specieReference>
<specieReference specieID="101" name="Mlcsite(mlcp2)" compartment="cytoplasm" stoichiometry="1" cx="1263" cy="1059">
<lineLocation index="0" x1="1161" y1="1013" x2="1263" y2="1059" connectSegmentPoint="0"/>
</specieReference>
</listOfReactants>
<listOfProducts numberOfProducts="1">
<specieReference specieID="103" name="Mlc:Mlcsite(mlcp2)" compartment="cytoplasm" stoichiometry="1" cx="1161" cy="1013"/>
</listOfProducts>
<multiArmsReaction cx="1161" cy="1013"/>
</Reaction>
<Reaction reactionID="114" groupID="114" reactionType="binding" isConvertible="true" reactionName="#114" isVisible="true" modifierReactionEquation="CRP:cAMP + CRPsite(ptsIp0) &lt;-&gt; CRP:cAMP:CRPsite(ptsIp0)">
<listOfReactants numberOfReactants="2">
<specieReference specieID="10" name="CRP:cAMP" compartment="cytoplasm" stoichiometry="1" cx="758" cy="1142">
<lineLocation index="0" x1="238" y1="632" x2="758" y2="1142" connectSegmentPoint="0">
<segmentStatus counter="1" x="299" y="1009"/>
</lineLocation>
</specieReference>
<specieReference specieID="105" name="CRPsite(ptsIp0)" compartment="cytoplasm" stoichiometry="1" cx="213" cy="574">
<lineLocation index="0" x1="238" y1="632" x2="213" y2="574" connectSegmentPoint="0"/>
</specieReference>
</listOfReactants>
<listOfProducts numberOfProducts="1">
<specieReference specieID="106" name="CRP:cAMP:CRPsite(ptsIp0)" compartment="cytoplasm" stoichiometry="1" cx="238" cy="632"/>
</listOfProducts>
<multiArmsReaction cx="238" cy="632"/>
</Reaction>
<Reaction reactionID="118" groupID="118" reactionType="binding" isConvertible="true" reactionName="#118" isVisible="true" modifierReactionEquation="Mlc + Mlcsite(ptsHp0) &lt;-&gt; Mlc:Mlcsite(ptsHp0)">
<listOfReactants numberOfReactants="2">
<specieReference specieID="96" name="Mlc" compartment="cytoplasm" stoichiometry="1" cx="930" cy="902">
<lineLocation index="0" x1="1221" y1="732" x2="930" y2="902" connectSegmentPoint="0"/>
</specieReference>
<specieReference specieID="107" name="Mlcsite(ptsHp0)" compartment="cytoplasm" stoichiometry="1" cx="1299" cy="692">
<lineLocation index="0" x1="1221" y1="732" x2="1299" y2="692" connectSegmentPoint="0"/>
</specieReference>
</listOfReactants>
<listOfProducts numberOfProducts="1">
<specieReference specieID="109" name="Mlc:Mlcsite(ptsHp0)" compartment="cytoplasm" stoichiometry="1" cx="1221" cy="732"/>
</listOfProducts>
<multiArmsReaction cx="1221" cy="732"/>
</Reaction>
<Reaction reactionID="120" groupID="120" reactionType="binding" isConvertible="true" reactionName="#120" isVisible="true" modifierReactionEquation="Mlc + Mlcsite(ptsIp0) &lt;-&gt; Mlc:Mlcsite(ptsIp0)">
<listOfReactants numberOfReactants="2">
<specieReference specieID="96" name="Mlc" compartment="cytoplasm" stoichiometry="1" cx="930" cy="902">
<lineLocation index="0" x1="181" y1="705" x2="930" y2="902" connectSegmentPoint="0"/>
</specieReference>
<specieReference specieID="108" name="Mlcsite(ptsIp0)" compartment="cytoplasm" stoichiometry="1" cx="146" cy="627">
<lineLocation index="0" x1="181" y1="705" x2="146" y2="627" connectSegmentPoint="0"/>
</specieReference>
</listOfReactants>
<listOfProducts numberOfProducts="1">
<specieReference specieID="110" name="Mlc:Mlcsite(ptsIp0)" compartment="cytoplasm" stoichiometry="1" cx="181" cy="705"/>
</listOfProducts>
<multiArmsReaction cx="181" cy="705"/>
</Reaction>
<Reaction reactionID="124" groupID="124" reactionType="binding" isConvertible="true" reactionName="#124" isVisible="true" modifierReactionEquation="Mlc + Mlcsite(ptsGp2) &lt;-&gt; Mlc:Mlcsite(ptsGp2)">
<listOfReactants numberOfReactants="2">
<specieReference specieID="96" name="Mlc" compartment="cytoplasm" stoichiometry="1" cx="930" cy="902">
<lineLocation index="0" x1="935" y1="543" x2="930" y2="902" connectSegmentPoint="0"/>
</specieReference>
<specieReference specieID="111" name="Mlcsite(ptsGp2)" compartment="cytoplasm" stoichiometry="1" cx="1148" cy="499">
<lineLocation index="0" x1="935" y1="543" x2="1148" y2="499" connectSegmentPoint="0"/>
</specieReference>
</listOfReactants>
<listOfProducts numberOfProducts="1">
<specieReference specieID="113" name="Mlc:Mlcsite(ptsGp2)" compartment="cytoplasm" stoichiometry="1" cx="935" cy="543"/>
</listOfProducts>
<multiArmsReaction cx="935" cy="543"/>
</Reaction>
<Reaction reactionID="126" groupID="126" reactionType="binding" isConvertible="true" reactionName="#126" isVisible="true" modifierReactionEquation="Mlc + Mlcsite(ptsGp1) &lt;-&gt; Mlc:Mlcsite(ptsGp1)">
<listOfReactants numberOfReactants="2">
<specieReference specieID="96" name="Mlc" compartment="cytoplasm" stoichiometry="1" cx="930" cy="902">
<lineLocation index="0" x1="1189" y1="320" x2="930" y2="902" connectSegmentPoint="0"/>
</specieReference>
<specieReference specieID="112" name="Mlcsite(ptsGp1)" compartment="cytoplasm" stoichiometry="1" cx="1160" cy="269">
<lineLocation index="0" x1="1189" y1="320" x2="1160" y2="269" connectSegmentPoint="0"/>
</specieReference>
</listOfReactants>
<listOfProducts numberOfProducts="1">
<specieReference specieID="114" name="Mlc:Mlcsite(ptsGp1)" compartment="cytoplasm" stoichiometry="1" cx="1189" cy="320"/>
</listOfProducts>
<multiArmsReaction cx="1189" cy="320"/>
</Reaction>
<Reaction reactionID="128" groupID="128" reactionType="binding" isConvertible="true" reactionName="#128" isVisible="true" modifierReactionEquation="IIBC + Mlc &lt;-&gt; IIBC:Mlc">
<listOfReactants numberOfReactants="2">
<specieReference specieID="52" name="IIBC" compartment="cytoplasm" stoichiometry="1" cx="775" cy="355">
<lineLocation index="0" x1="656" y1="901" x2="775" y2="355" connectSegmentPoint="0"/>
</specieReference>
<specieReference specieID="96" name="Mlc" compartment="cytoplasm" stoichiometry="1" cx="930" cy="902">
<lineLocation index="0" x1="656" y1="901" x2="930" y2="902" connectSegmentPoint="0"/>
</specieReference>
</listOfReactants>
<listOfProducts numberOfProducts="1">
<specieReference specieID="115" name="IIBC:Mlc" compartment="cytoplasm" stoichiometry="1" cx="656" cy="901"/>
</listOfProducts>
<multiArmsReaction cx="656" cy="901"/>
</Reaction>
<Reaction reactionID="131" groupID="131" reactionType="binding" isConvertible="true" reactionName="#131" isVisible="true" modifierReactionEquation="CRP:cAMP + CRPsite(mlcp1) &lt;-&gt; CRP:cAMP:CRPsite(mlcp1)">
<listOfReactants numberOfReactants="2">
<specieReference specieID="10" name="CRP:cAMP" compartment="cytoplasm" stoichiometry="1" cx="758" cy="1142">
<lineLocation index="0" x1="1437" y1="799" x2="758" y2="1142" connectSegmentPoint="0"/>
</specieReference>
<specieReference specieID="116" name="CRPsite(mlcp1)" compartment="cytoplasm" stoichiometry="1" cx="1369" cy="1043">
<lineLocation index="0" x1="1437" y1="799" x2="1369" y2="1043" connectSegmentPoint="0"/>
</specieReference>
</listOfReactants>
<listOfProducts numberOfProducts="1">
<specieReference specieID="118" name="CRP:cAMP:CRPsite(mlcp1)" compartment="cytoplasm" stoichiometry="1" cx="1437" cy="799"/>
</listOfProducts>
<multiArmsReaction cx="1437" cy="799"/>
</Reaction>
<Reaction reactionID="133" groupID="133" reactionType="binding" isConvertible="true" reactionName="#133" isVisible="true" modifierReactionEquation="CRP:cAMP + CRPsite(mlcp2) &lt;-&gt; CRP:cAMP:CRPsite(mlcp2)">
<listOfReactants numberOfReactants="2">
<specieReference specieID="10" name="CRP:cAMP" compartment="cytoplasm" stoichiometry="1" cx="758" cy="1142">
<lineLocation index="0" x1="1124" y1="1083" x2="758" y2="1142" connectSegmentPoint="0"/>
</specieReference>
<specieReference specieID="117" name="CRPsite(mlcp2)" compartment="cytoplasm" stoichiometry="1" cx="1253" cy="1017">
<lineLocation index="0" x1="1124" y1="1083" x2="1253" y2="1017" connectSegmentPoint="0"/>
</specieReference>
</listOfReactants>
<listOfProducts numberOfProducts="1">
<specieReference specieID="119" name="CRP:cAMP:CRPsite(mlcp2)" compartment="cytoplasm" stoichiometry="1" cx="1124" cy="1083"/>
</listOfProducts>
<multiArmsReaction cx="1124" cy="1083"/>
</Reaction>
</listOfReactions>
<listOfReactions layer="metabolic" numberOfReactions="3">
<Reaction reactionID="48" groupID="48" reactionType="degradation" isConvertible="true" reactionName="#48" isVisible="true" modifierReactionEquation="cAMP -&gt; &amp;">
<listOfReactants numberOfReactants="1">
<specieReference specieID="8" name="cAMP" compartment="cytoplasm" stoichiometry="1" cx="889" cy="1142"/>
</listOfReactants>
<lineLocation index="0" x1="889" y1="1142" x2="964" y2="1144" connectSegmentPoint="0"/>
</Reaction>
<Reaction reactionID="7" groupID="6" reactionType="irreversible_conversion" isConvertible="true" reactionName="#7" isVisible="true" modifierReactionEquation="CYA -() ATP &gt; cAMP">
<listOfReactants numberOfReactants="1">
<specieReference specieID="7" name="ATP" compartment="cytoplasm" stoichiometry="1" cx="889" cy="974"/>
</listOfReactants>
<listOfProducts numberOfProducts="1">
<specieReference specieID="8" name="cAMP" compartment="cytoplasm" stoichiometry="1" cx="889" cy="1142"/>
</listOfProducts>
<listOfModifiers numberOfModifiers="1">
<modifierSpecieReference specieID="3" name="CYA" compartment="cytoplasm" stoichiometry="1" cx="800" cy="1033" modifierType="enzyme" isTotal="true">
<lineLocation index="0" x1="800" y1="1033" x2="889" y2="1033" connectSegmentPoint="0"/>
</modifierSpecieReference>
</listOfModifiers>
<modifierComplex>
<specieReference specieID="9" name="ATP:CYA" compartment="cytoplasm" stoichiometry="1" cx="-1" cy="-1"/>
</modifierComplex>
<lineLocation index="0" x1="889" y1="974" x2="889" y2="1142" connectSegmentPoint="0"/>
</Reaction>
<Reaction reactionID="70" groupID="70" reactionType="degradation" isConvertible="true" reactionName="#70" isVisible="true" modifierReactionEquation="Glc6P -&gt; &amp;">
<listOfReactants numberOfReactants="1">
<specieReference specieID="63" name="Glc6P" compartment="cytoplasm" stoichiometry="1" cx="775" cy="236"/>
</listOfReactants>
<lineLocation index="0" x1="775" y1="236" x2="855" y2="236" connectSegmentPoint="0"/>
</Reaction>
</listOfReactions>
</model>
</sanac>
