<?xml version="1.0" encoding="utf-8"?>
<Project>
   <Project FileName="C:\Users\nayaks16\AppData\Local\Temp\5\sbiotp002436.mat" Version="4.2">
      <ProjectModels>
         <Model UUID="Model">
            <CustomSettingsTop ComponentTypesCount="0" Location="top" Type="diagram"/>
            <CustomSettingsBottom ComponentTypes0="5" ComponentTypes1="6" ComponentTypes2="7" ComponentTypesCount="3" Location="bottom" Type="table"/>
            <SimulationViewer SimulateOnChange="true" TunableParameterMaxValue="20.0" TunableParameterMinValue="20.0" ViewerInitialized="true">
               <AxisPanel AxesColor="-1" AxesType="line" Grid="true" GridColor="-1710619" LegendPosition="1" NumToPlot="1000" Overlay="false" PlotAll="false" Rulers="true" ScaleYData="false" ShowLegend="true" XDirection="false" XLimMode="auto" XRulerMax="0.0" XRulerMin="0.0" YDirection="false" YLimMode="auto" YRulerMax="0.0" YRulerMin="0.0">
                  <Line Description="" IsValid="true" LineColor="-16776961" LineStyle="1" LineWidth="1.0" Marker="none" MarkerEdgeColor="-16777216" MarkerInterval="1" MarkerSize="4.0" Name="TF" PartiallyQualifiedName="blood.TF" Plot="true" Type="State"/>
                  <Line Description="" IsValid="true" LineColor="-16744448" LineStyle="1" LineWidth="1.0" Marker="none" MarkerEdgeColor="-16777216" MarkerInterval="1" MarkerSize="4.0" Name="TF_VII" PartiallyQualifiedName="blood.TF_VII" Plot="true" Type="State"/>
                  <Line Description="" IsValid="true" LineColor="-65536" LineStyle="1" LineWidth="1.0" Marker="none" MarkerEdgeColor="-16777216" MarkerInterval="1" MarkerSize="4.0" Name="VII" PartiallyQualifiedName="blood.VII" Plot="true" Type="State"/>
                  <Line Description="" IsValid="true" LineColor="-16728129" LineStyle="1" LineWidth="1.0" Marker="none" MarkerEdgeColor="-16777216" MarkerInterval="1" MarkerSize="4.0" Name="TF_VIIa" PartiallyQualifiedName="blood.TF_VIIa" Plot="true" Type="State"/>
                  <Line Description="" IsValid="true" LineColor="-4259649" LineStyle="1" LineWidth="1.0" Marker="none" MarkerEdgeColor="-16777216" MarkerInterval="1" MarkerSize="4.0" Name="VIIa" PartiallyQualifiedName="blood.VIIa" Plot="true" Type="State"/>
                  <Line Description="" IsValid="true" LineColor="-4210944" LineStyle="1" LineWidth="1.0" Marker="none" MarkerEdgeColor="-16777216" MarkerInterval="1" MarkerSize="4.0" Name="Xa" PartiallyQualifiedName="blood.Xa" Plot="true" Type="State"/>
                  <Line Description="" IsValid="true" LineColor="-12566464" LineStyle="1" LineWidth="1.0" Marker="none" MarkerEdgeColor="-16777216" MarkerInterval="1" MarkerSize="4.0" Name="IIa" PartiallyQualifiedName="blood.IIa" Plot="true" Type="State"/>
                  <Line Description="" IsValid="true" LineColor="-16776961" LineStyle="1" LineWidth="1.0" Marker="none" MarkerEdgeColor="-16777216" MarkerInterval="1" MarkerSize="4.0" Name="TF_VIIa_X" PartiallyQualifiedName="blood.TF_VIIa_X" Plot="true" Type="State"/>
                  <Line Description="" IsValid="true" LineColor="-16744448" LineStyle="1" LineWidth="1.0" Marker="none" MarkerEdgeColor="-16777216" MarkerInterval="1" MarkerSize="4.0" Name="X" PartiallyQualifiedName="blood.X" Plot="true" Type="State"/>
                  <Line Description="" IsValid="true" LineColor="-65536" LineStyle="1" LineWidth="1.0" Marker="none" MarkerEdgeColor="-16777216" MarkerInterval="1" MarkerSize="4.0" Name="TF_VIIa_Xa" PartiallyQualifiedName="blood.TF_VIIa_Xa" Plot="true" Type="State"/>
                  <Line Description="" IsValid="true" LineColor="-16728129" LineStyle="1" LineWidth="1.0" Marker="none" MarkerEdgeColor="-16777216" MarkerInterval="1" MarkerSize="4.0" Name="IX" PartiallyQualifiedName="blood.IX" Plot="true" Type="State"/>
                  <Line Description="" IsValid="true" LineColor="-4259649" LineStyle="1" LineWidth="1.0" Marker="none" MarkerEdgeColor="-16777216" MarkerInterval="1" MarkerSize="4.0" Name="TF_VIIa_IX" PartiallyQualifiedName="blood.TF_VIIa_IX" Plot="true" Type="State"/>
                  <Line Description="" IsValid="true" LineColor="-4210944" LineStyle="1" LineWidth="1.0" Marker="none" MarkerEdgeColor="-16777216" MarkerInterval="1" MarkerSize="4.0" Name="IXa" PartiallyQualifiedName="blood.IXa" Plot="true" Type="State"/>
                  <Line Description="" IsValid="true" LineColor="-12566464" LineStyle="1" LineWidth="1.0" Marker="none" MarkerEdgeColor="-16777216" MarkerInterval="1" MarkerSize="4.0" Name="II" PartiallyQualifiedName="blood.II" Plot="true" Type="State"/>
                  <Line Description="" IsValid="true" LineColor="-16776961" LineStyle="1" LineWidth="1.0" Marker="none" MarkerEdgeColor="-16777216" MarkerInterval="1" MarkerSize="4.0" Name="VIII" PartiallyQualifiedName="blood.VIII" Plot="true" Type="State"/>
                  <Line Description="" IsValid="true" LineColor="-16744448" LineStyle="1" LineWidth="1.0" Marker="none" MarkerEdgeColor="-16777216" MarkerInterval="1" MarkerSize="4.0" Name="VIIIa" PartiallyQualifiedName="blood.VIIIa" Plot="true" Type="State"/>
                  <Line Description="" IsValid="true" LineColor="-65536" LineStyle="1" LineWidth="1.0" Marker="none" MarkerEdgeColor="-16777216" MarkerInterval="1" MarkerSize="4.0" Name="IXa_VIIIa" PartiallyQualifiedName="blood.IXa_VIIIa" Plot="true" Type="State"/>
                  <Line Description="" IsValid="true" LineColor="-16728129" LineStyle="1" LineWidth="1.0" Marker="none" MarkerEdgeColor="-16777216" MarkerInterval="1" MarkerSize="4.0" Name="IXa_VIIIa_X" PartiallyQualifiedName="blood.IXa_VIIIa_X" Plot="true" Type="State"/>
                  <Line Description="" IsValid="true" LineColor="-4259649" LineStyle="1" LineWidth="1.0" Marker="none" MarkerEdgeColor="-16777216" MarkerInterval="1" MarkerSize="4.0" Name="VIIIa1_L" PartiallyQualifiedName="blood.VIIIa1_L" Plot="true" Type="State"/>
                  <Line Description="" IsValid="true" LineColor="-4210944" LineStyle="1" LineWidth="1.0" Marker="none" MarkerEdgeColor="-16777216" MarkerInterval="1" MarkerSize="4.0" Name="VIIIa2" PartiallyQualifiedName="blood.VIIIa2" Plot="true" Type="State"/>
                  <Line Description="" IsValid="true" LineColor="-12566464" LineStyle="1" LineWidth="1.0" Marker="none" MarkerEdgeColor="-16777216" MarkerInterval="1" MarkerSize="4.0" Name="V" PartiallyQualifiedName="blood.V" Plot="true" Type="State"/>
                  <Line Description="" IsValid="true" LineColor="-16776961" LineStyle="1" LineWidth="1.0" Marker="none" MarkerEdgeColor="-16777216" MarkerInterval="1" MarkerSize="4.0" Name="Va" PartiallyQualifiedName="blood.Va" Plot="true" Type="State"/>
                  <Line Description="" IsValid="true" LineColor="-16744448" LineStyle="1" LineWidth="1.0" Marker="none" MarkerEdgeColor="-16777216" MarkerInterval="1" MarkerSize="4.0" Name="Xa_Va" PartiallyQualifiedName="blood.Xa_Va" Plot="true" Type="State"/>
                  <Line Description="" IsValid="true" LineColor="-65536" LineStyle="1" LineWidth="1.0" Marker="none" MarkerEdgeColor="-16777216" MarkerInterval="1" MarkerSize="4.0" Name="Xa_Va_II" PartiallyQualifiedName="blood.Xa_Va_II" Plot="true" Type="State"/>
                  <Line Description="" IsValid="true" LineColor="-16728129" LineStyle="1" LineWidth="1.0" Marker="none" MarkerEdgeColor="-16777216" MarkerInterval="1" MarkerSize="4.0" Name="mIIa" PartiallyQualifiedName="blood.mIIa" Plot="true" Type="State"/>
                  <Line Description="" IsValid="true" LineColor="-4259649" LineStyle="1" LineWidth="1.0" Marker="none" MarkerEdgeColor="-16777216" MarkerInterval="1" MarkerSize="4.0" Name="TFPI" PartiallyQualifiedName="blood.TFPI" Plot="true" Type="State"/>
                  <Line Description="" IsValid="true" LineColor="-4210944" LineStyle="1" LineWidth="1.0" Marker="none" MarkerEdgeColor="-16777216" MarkerInterval="1" MarkerSize="4.0" Name="Xa_TFPI" PartiallyQualifiedName="blood.Xa_TFPI" Plot="true" Type="State"/>
                  <Line Description="" IsValid="true" LineColor="-12566464" LineStyle="1" LineWidth="1.0" Marker="none" MarkerEdgeColor="-16777216" MarkerInterval="1" MarkerSize="4.0" Name="TF_VIIa_Xa_TFPI" PartiallyQualifiedName="blood.TF_VIIa_Xa_TFPI" Plot="true" Type="State"/>
                  <Line Description="" IsValid="true" LineColor="-16776961" LineStyle="1" LineWidth="1.0" Marker="none" MarkerEdgeColor="-16777216" MarkerInterval="1" MarkerSize="4.0" Name="ATIII" PartiallyQualifiedName="blood.ATIII" Plot="true" Type="State"/>
                  <Line Description="" IsValid="true" LineColor="-16744448" LineStyle="1" LineWidth="1.0" Marker="none" MarkerEdgeColor="-16777216" MarkerInterval="1" MarkerSize="4.0" Name="Xa_ATIII" PartiallyQualifiedName="blood.Xa_ATIII" Plot="true" Type="State"/>
                  <Line Description="" IsValid="true" LineColor="-65536" LineStyle="1" LineWidth="1.0" Marker="none" MarkerEdgeColor="-16777216" MarkerInterval="1" MarkerSize="4.0" Name="mIIa_ATIII" PartiallyQualifiedName="blood.mIIa_ATIII" Plot="true" Type="State"/>
                  <Line Description="" IsValid="true" LineColor="-16728129" LineStyle="1" LineWidth="1.0" Marker="none" MarkerEdgeColor="-16777216" MarkerInterval="1" MarkerSize="4.0" Name="IXa_ATIII" PartiallyQualifiedName="blood.IXa_ATIII" Plot="true" Type="State"/>
                  <Line Description="" IsValid="true" LineColor="-4259649" LineStyle="1" LineWidth="1.0" Marker="none" MarkerEdgeColor="-16777216" MarkerInterval="1" MarkerSize="4.0" Name="IIa_ATIII" PartiallyQualifiedName="blood.IIa_ATIII" Plot="true" Type="State"/>
                  <Line Description="" IsValid="true" LineColor="-4210944" LineStyle="1" LineWidth="1.0" Marker="none" MarkerEdgeColor="-16777216" MarkerInterval="1" MarkerSize="4.0" Name="TF_VIIa_ATIII" PartiallyQualifiedName="blood.TF_VIIa_ATIII" Plot="true" Type="State"/>
                  <Line Description="" IsValid="true" LineColor="-12566464" LineStyle="1" LineWidth="1.0" Marker="none" MarkerEdgeColor="-16777216" MarkerInterval="1" MarkerSize="4.0" Name="CA" PartiallyQualifiedName="blood.CA" Plot="true" Type="State"/>
                  <Line Description="" IsValid="true" LineColor="-16776961" LineStyle="1" LineWidth="1.0" Marker="none" MarkerEdgeColor="-16777216" MarkerInterval="1" MarkerSize="4.0" Name="XII" PartiallyQualifiedName="blood.XII" Plot="true" Type="State"/>
                  <Line Description="" IsValid="true" LineColor="-16744448" LineStyle="1" LineWidth="1.0" Marker="none" MarkerEdgeColor="-16777216" MarkerInterval="1" MarkerSize="4.0" Name="XIIa" PartiallyQualifiedName="blood.XIIa" Plot="true" Type="State"/>
                  <Line Description="" IsValid="true" LineColor="-65536" LineStyle="1" LineWidth="1.0" Marker="none" MarkerEdgeColor="-16777216" MarkerInterval="1" MarkerSize="4.0" Name="PK" PartiallyQualifiedName="blood.PK" Plot="true" Type="State"/>
                  <Line Description="" IsValid="true" LineColor="-16728129" LineStyle="1" LineWidth="1.0" Marker="none" MarkerEdgeColor="-16777216" MarkerInterval="1" MarkerSize="4.0" Name="XIIa_PK" PartiallyQualifiedName="blood.XIIa_PK" Plot="true" Type="State"/>
                  <Line Description="" IsValid="true" LineColor="-4259649" LineStyle="1" LineWidth="1.0" Marker="none" MarkerEdgeColor="-16777216" MarkerInterval="1" MarkerSize="4.0" Name="K" PartiallyQualifiedName="blood.K" Plot="true" Type="State"/>
                  <Line Description="" IsValid="true" LineColor="-4210944" LineStyle="1" LineWidth="1.0" Marker="none" MarkerEdgeColor="-16777216" MarkerInterval="1" MarkerSize="4.0" Name="XII_K" PartiallyQualifiedName="blood.XII_K" Plot="true" Type="State"/>
                  <Line Description="" IsValid="true" LineColor="-12566464" LineStyle="1" LineWidth="1.0" Marker="none" MarkerEdgeColor="-16777216" MarkerInterval="1" MarkerSize="4.0" Name="XIIa_ATIII" PartiallyQualifiedName="blood.XIIa_ATIII" Plot="true" Type="State"/>
                  <Line Description="" IsValid="true" LineColor="-16776961" LineStyle="1" LineWidth="1.0" Marker="none" MarkerEdgeColor="-16777216" MarkerInterval="1" MarkerSize="4.0" Name="XI" PartiallyQualifiedName="blood.XI" Plot="true" Type="State"/>
                  <Line Description="" IsValid="true" LineColor="-16744448" LineStyle="1" LineWidth="1.0" Marker="none" MarkerEdgeColor="-16777216" MarkerInterval="1" MarkerSize="4.0" Name="XIa" PartiallyQualifiedName="blood.XIa" Plot="true" Type="State"/>
                  <Line Description="" IsValid="true" LineColor="-65536" LineStyle="1" LineWidth="1.0" Marker="none" MarkerEdgeColor="-16777216" MarkerInterval="1" MarkerSize="4.0" Name="XIIa_XI" PartiallyQualifiedName="blood.XIIa_XI" Plot="true" Type="State"/>
                  <Line Description="" IsValid="true" LineColor="-16728129" LineStyle="1" LineWidth="1.0" Marker="none" MarkerEdgeColor="-16777216" MarkerInterval="1" MarkerSize="4.0" Name="XIa_ATIII" PartiallyQualifiedName="blood.XIa_ATIII" Plot="true" Type="State"/>
                  <Line Description="" IsValid="true" LineColor="-4259649" LineStyle="1" LineWidth="1.0" Marker="none" MarkerEdgeColor="-16777216" MarkerInterval="1" MarkerSize="4.0" Name="XIa_IX" PartiallyQualifiedName="blood.XIa_IX" Plot="true" Type="State"/>
                  <Line Description="" IsValid="true" LineColor="-4210944" LineStyle="1" LineWidth="1.0" Marker="none" MarkerEdgeColor="-16777216" MarkerInterval="1" MarkerSize="4.0" Name="IXa_X" PartiallyQualifiedName="blood.IXa_X" Plot="true" Type="State"/>
                  <Line Description="" IsValid="true" LineColor="-12566464" LineStyle="1" LineWidth="1.0" Marker="none" MarkerEdgeColor="-16777216" MarkerInterval="1" MarkerSize="4.0" Name="VIIa_X" PartiallyQualifiedName="blood.VIIa_X" Plot="true" Type="State"/>
                  <Line Description="" IsValid="true" LineColor="-16776961" LineStyle="1" LineWidth="1.0" Marker="none" MarkerEdgeColor="-16777216" MarkerInterval="1" MarkerSize="4.0" Name="IIa_12mIIa" PartiallyQualifiedName="blood.IIa_12mIIa" Plot="true" Type="State"/>
                  <Line Description="" IsValid="true" LineColor="-16744448" LineStyle="1" LineWidth="1.0" Marker="none" MarkerEdgeColor="-16777216" MarkerInterval="1" MarkerSize="4.0" Name="Tmod" PartiallyQualifiedName="blood.Tmod" Plot="true" Type="State"/>
                  <Line Description="" IsValid="true" LineColor="-65536" LineStyle="1" LineWidth="1.0" Marker="none" MarkerEdgeColor="-16777216" MarkerInterval="1" MarkerSize="4.0" Name="IIa_Tmod" PartiallyQualifiedName="blood.IIa_Tmod" Plot="true" Type="State"/>
                  <Line Description="" IsValid="true" LineColor="-16728129" LineStyle="1" LineWidth="1.0" Marker="none" MarkerEdgeColor="-16777216" MarkerInterval="1" MarkerSize="4.0" Name="PC" PartiallyQualifiedName="blood.PC" Plot="true" Type="State"/>
                  <Line Description="" IsValid="true" LineColor="-4259649" LineStyle="1" LineWidth="1.0" Marker="none" MarkerEdgeColor="-16777216" MarkerInterval="1" MarkerSize="4.0" Name="IIa_Tmod_PC" PartiallyQualifiedName="blood.IIa_Tmod_PC" Plot="true" Type="State"/>
                  <Line Description="" IsValid="true" LineColor="-4210944" LineStyle="1" LineWidth="1.0" Marker="none" MarkerEdgeColor="-16777216" MarkerInterval="1" MarkerSize="4.0" Name="APC" PartiallyQualifiedName="blood.APC" Plot="true" Type="State"/>
                  <Line Description="" IsValid="true" LineColor="-12566464" LineStyle="1" LineWidth="1.0" Marker="none" MarkerEdgeColor="-16777216" MarkerInterval="1" MarkerSize="4.0" Name="Fg" PartiallyQualifiedName="blood.Fg" Plot="true" Type="State"/>
                  <Line Description="" IsValid="true" LineColor="-16776961" LineStyle="1" LineWidth="1.0" Marker="none" MarkerEdgeColor="-16777216" MarkerInterval="1" MarkerSize="4.0" Name="F" PartiallyQualifiedName="blood.F" Plot="true" Type="State"/>
                  <Line Description="" IsValid="true" LineColor="-16744448" LineStyle="1" LineWidth="1.0" Marker="none" MarkerEdgeColor="-16777216" MarkerInterval="1" MarkerSize="4.0" Name="APC_Va" PartiallyQualifiedName="blood.APC_Va" Plot="true" Type="State"/>
                  <Line Description="" IsValid="true" LineColor="-65536" LineStyle="1" LineWidth="1.0" Marker="none" MarkerEdgeColor="-16777216" MarkerInterval="1" MarkerSize="4.0" Name="APC_VIIIa" PartiallyQualifiedName="blood.APC_VIIIa" Plot="true" Type="State"/>
                  <Line Description="" IsValid="true" LineColor="-16728129" LineStyle="1" LineWidth="1.0" Marker="none" MarkerEdgeColor="-16777216" MarkerInterval="1" MarkerSize="4.0" Name="Va_deg" PartiallyQualifiedName="blood.Va_deg" Plot="true" Type="State"/>
                  <Line Description="" IsValid="true" LineColor="-4259649" LineStyle="1" LineWidth="1.0" Marker="none" MarkerEdgeColor="-16777216" MarkerInterval="1" MarkerSize="4.0" Name="VIIIa_deg" PartiallyQualifiedName="blood.VIIIa_deg" Plot="true" Type="State"/>
                  <Line Description="" IsValid="true" LineColor="-4210944" LineStyle="1" LineWidth="1.0" Marker="none" MarkerEdgeColor="-16777216" MarkerInterval="1" MarkerSize="4.0" Name="APC_IXa_VIIIa" PartiallyQualifiedName="blood.APC_IXa_VIIIa" Plot="true" Type="State"/>
                  <Line Description="" IsValid="true" LineColor="-12566464" LineStyle="1" LineWidth="1.0" Marker="none" MarkerEdgeColor="-16777216" MarkerInterval="1" MarkerSize="4.0" Name="APC_IXa_VIIIa_X" PartiallyQualifiedName="blood.APC_IXa_VIIIa_X" Plot="true" Type="State"/>
                  <Line Description="" IsValid="true" LineColor="-16776961" LineStyle="1" LineWidth="1.0" Marker="none" MarkerEdgeColor="-16777216" MarkerInterval="1" MarkerSize="4.0" Name="Xa_VIII" PartiallyQualifiedName="blood.Xa_VIII" Plot="true" Type="State"/>
                  <Line Description="" IsValid="true" LineColor="-16744448" LineStyle="1" LineWidth="1.0" Marker="none" MarkerEdgeColor="-16777216" MarkerInterval="1" MarkerSize="4.0" Name="F12" PartiallyQualifiedName="blood.F12" Plot="true" Type="State"/>
                  <Line Description="" IsValid="true" LineColor="-65536" LineStyle="1" LineWidth="1.0" Marker="none" MarkerEdgeColor="-16777216" MarkerInterval="1" MarkerSize="4.0" Name="F12_deg" PartiallyQualifiedName="blood.F12_deg" Plot="true" Type="State"/>
                  <Line Description="" IsValid="true" LineColor="-16728129" LineStyle="1" LineWidth="1.0" Marker="none" MarkerEdgeColor="-16777216" MarkerInterval="1" MarkerSize="4.0" Name="k55" PartiallyQualifiedName="k55" Plot="true" Type="State"/>
                  <Line Description="" IsValid="true" LineColor="-4259649" LineStyle="1" LineWidth="1.0" Marker="none" MarkerEdgeColor="-16777216" MarkerInterval="1" MarkerSize="4.0" Name="Dilution" PartiallyQualifiedName="Dilution" Plot="true" Type="State"/>
                  <Line Description="" IsValid="true" LineColor="-4210944" LineStyle="1" LineWidth="1.0" Marker="none" MarkerEdgeColor="-16777216" MarkerInterval="1" MarkerSize="4.0" Name="Xa_ss" PartiallyQualifiedName="Xa_ss" Plot="true" Type="State"/>
               </AxisPanel>
            </SimulationViewer>
         </Model>
      </ProjectModels>
      <Tasks>
         <Task Category="Report" Count="3" Name="Report" SaveName="Report" TaskName="task2">
            <Table>
               <ReportElement IncludeZeroRows="false" ModelSelected="Coagulation_Systems_Model_Nayak_et_al" ModelSelectedIndex="0" ReportElementType="Model Overview Table" Selected="true">
                  <ModelOverviewDesc Caption="Model Overview" Heading="" IncludeNumbering="true" IncludeRows="true" Name="" ShowCaption="true" ShowHeading="true"/>
               </ReportElement>
               <ReportElement ModelSelected="Coagulation_Systems_Model_Nayak_et_al" ModelSelectedIndex="0" ReportElementType="Model Contents Table" Selected="true">
                  <SelectedTypes Types="{9,4,3,6,7,5}"/>
                  <ModelContentsTable>
                     <Compartment Selected="true" SelectedProperties="Name, Owner, Capacity, CapacityUnits"/>
                     <Species Selected="true" SelectedProperties="Name, Scope, InitialAmount, InitialAmountUnits"/>
                     <Reaction Selected="true" SelectedProperties="Reaction, ReactionRate, Active"/>
                     <Rule Selected="true" SelectedProperties="Rule, RuleType, Active"/>
                     <Event Selected="true" SelectedProperties="Trigger, EventFcns"/>
                     <Parameter Selected="true" SelectedProperties="Name, Value, ValueUnits"/>
                  </ModelContentsTable>
                  <ModelContentsDescription SelectedTypes="{9,4,3,6,7,5}">
                     <Compartments Caption="Compartments" Heading="" IncludeNumbering="true" IncludeRows="true" Name="Compartments" ShowCaption="true" ShowHeading="true"/>
                     <Species Caption="Species" Heading="" IncludeNumbering="true" IncludeRows="true" Name="Species" ShowCaption="true" ShowHeading="true"/>
                     <Reactions Caption="Reactions" Heading="" IncludeNumbering="true" IncludeRows="true" Name="Reactions" ShowCaption="true" ShowHeading="true"/>
                     <Rules Caption="Rules" Heading="" IncludeNumbering="true" IncludeRows="true" Name="Rules" ShowCaption="true" ShowHeading="true"/>
                     <Events Caption="Events" Heading="" IncludeNumbering="true" IncludeRows="true" Name="Events" ShowCaption="true" ShowHeading="true"/>
                     <Parameters Caption="Parameters" Heading="" IncludeNumbering="true" IncludeRows="true" Name="Parameters" ShowCaption="true" ShowHeading="true"/>
                  </ModelContentsDescription>
               </ReportElement>
               <ReportElement ModelSelected="Coagulation_Systems_Model_Nayak_et_al" ModelSelectedIndex="0" ReportElementType="Model Equations" Selected="true"/>
               <ReportElement ModelSelected="Coagulation_Systems_Model_Nayak_et_al" ModelSelectedIndex="0" ReportElementType="Variants Table" Selected="true" VariantSelected="aPTT assay stage I">
                  <VariantDesc Caption="Variant aPTT assay stage I Contents" Heading="" IncludeNumbering="true" IncludeRows="true" Name="" ShowCaption="true" ShowHeading="true"/>
               </ReportElement>
            </Table>
         </Task>
      </Tasks>
      <ExternalData/>
      <PlotTypes/>
   </Project>
</Project>