{
	"FROG_date":	"28-Apr-2022",
	"FROG_version":	"1.0",
	"FROG_curators":	"Yu Chen",
"FROG_software":{
	"name":	"FBC-Curation-Matlab",
	"version":	"1.0",
	"url":	"https://github.com/RamanLab/fbc_curation_matlab/",
},
"software":{
	"name":	"CobraToolbox",
	"version":	"3.0",
	"url":	"https://opencobra.github.io/cobratoolbox/stable/",
},
"solver":{
	"name":	"gurobi",
	"url":	"Null"
},
	"model.filename":	"yeast-GEM.xml",
	"model.md5":	"e9c0ccf8b5312d4fa7a44e24f40efe86",
	"environment":	", No active display",
}