{
	"FROG_date":	"18-Apr-2022",
	"FROG_version":	"1.0",
	"FROG_curators":	"Dohyeon Kim",
"FROG_software":{
	"name":	"FBC-Curation-Matlab",
	"version":	"1.0",
	"url":	"https://github.com/RamanLab/fbc_curation_matlab/",
},
"software":{
	"name":	"CobraToolbox",
	"version":	"3.0",
	"url":	"https://opencobra.github.io/cobratoolbox/stable/",
},
"solver":{
	"name":	"gurobi",
	"url":	"Null"
},
	"model.filename":	"iDK1463",
	"model.md5":	"13f039d2500caa512fa4b8c364b9d8f0",
	"environment":	"Windows_NT, Version 10.0 (Build 19042)",
}