<?xml version="1.0" encoding="UTF-8"?>
<!-- Created by COPASI version 4.7 (Build 34) on 2012-04-28 00:45 with libSBML version 4.2.0. -->
<sbml xmlns="http://www.sbml.org/sbml/level2/version2" level="2" version="2">
  <model metaid="COPASI1" id="Model_1" name="New Model">
    <notes>
      <body xmlns="http://www.w3.org/1999/xhtml"/>
    </notes>
    <annotation>
      <COPASI xmlns="http://www.copasi.org/static/sbml">
        <rdf:RDF xmlns:dcterms="http://purl.org/dc/terms/" xmlns:rdf="http://www.w3.org/1999/02/22-rdf-syntax-ns#">
          <rdf:Description rdf:about="#COPASI1">
            <dcterms:created>
              <rdf:Description>
                <dcterms:W3CDTF>2011-07-20T15:39:03Z</dcterms:W3CDTF>
              </rdf:Description>
            </dcterms:created>
          </rdf:Description>
        </rdf:RDF>
      </COPASI>
    </annotation>
    <listOfFunctionDefinitions>
      <functionDefinition id="function_4_1_1" name="function_4_1_1">
        <math xmlns="http://www.w3.org/1998/Math/MathML">
          <lambda>
            <bvar>
              <ci> k1 </ci>
            </bvar>
            <bvar>
              <ci> parameter_1 </ci>
            </bvar>
            <bvar>
              <ci> species_1 </ci>
            </bvar>
            <bvar>
              <ci> species_11 </ci>
            </bvar>
            <apply>
              <divide/>
              <apply>
                <times/>
                <ci> k1 </ci>
                <ci> species_11 </ci>
                <ci> species_1 </ci>
              </apply>
              <apply>
                <plus/>
                <ci> parameter_1 </ci>
                <ci> species_1 </ci>
              </apply>
            </apply>
          </lambda>
        </math>
      </functionDefinition>
      <functionDefinition id="function_4_2_1" name="function_4_2_1">
        <math xmlns="http://www.w3.org/1998/Math/MathML">
          <lambda>
            <bvar>
              <ci> k2a </ci>
            </bvar>
            <bvar>
              <ci> parameter_11 </ci>
            </bvar>
            <bvar>
              <ci> parameter_2 </ci>
            </bvar>
            <bvar>
              <ci> parameter_5 </ci>
            </bvar>
            <bvar>
              <ci> parameter_6 </ci>
            </bvar>
            <bvar>
              <ci> species_1 </ci>
            </bvar>
            <bvar>
              <ci> species_2 </ci>
            </bvar>
            <bvar>
              <ci> species_3 </ci>
            </bvar>
            <bvar>
              <ci> species_4 </ci>
            </bvar>
            <bvar>
              <ci> species_5 </ci>
            </bvar>
            <bvar>
              <ci> species_9 </ci>
            </bvar>
            <apply>
              <divide/>
              <apply>
                <divide/>
                <apply>
                  <times/>
                  <ci> k2a </ci>
                  <ci> species_2 </ci>
                  <ci> species_9 </ci>
                </apply>
                <ci> parameter_2 </ci>
              </apply>
              <apply>
                <plus/>
                <cn> 1 </cn>
                <apply>
                  <divide/>
                  <ci> species_2 </ci>
                  <ci> parameter_2 </ci>
                </apply>
                <apply>
                  <divide/>
                  <ci> species_1 </ci>
                  <ci> parameter_11 </ci>
                </apply>
                <apply>
                  <divide/>
                  <ci> species_5 </ci>
                  <ci> parameter_5 </ci>
                </apply>
                <apply>
                  <divide/>
                  <ci> species_4 </ci>
                  <ci> parameter_6 </ci>
                </apply>
                <apply>
                  <divide/>
                  <ci> species_3 </ci>
                  <ci> parameter_11 </ci>
                </apply>
              </apply>
            </apply>
          </lambda>
        </math>
      </functionDefinition>
      <functionDefinition id="function_4_3_1" name="function_4_3_1">
        <math xmlns="http://www.w3.org/1998/Math/MathML">
          <lambda>
            <bvar>
              <ci> k3 </ci>
            </bvar>
            <bvar>
              <ci> parameter_3 </ci>
            </bvar>
            <bvar>
              <ci> parameter_4 </ci>
            </bvar>
            <bvar>
              <ci> species_2 </ci>
            </bvar>
            <bvar>
              <ci> species_3 </ci>
            </bvar>
            <bvar>
              <ci> species_4 </ci>
            </bvar>
            <apply>
              <divide/>
              <apply>
                <divide/>
                <apply>
                  <times/>
                  <ci> k3 </ci>
                  <ci> species_2 </ci>
                  <ci> species_3 </ci>
                </apply>
                <ci> parameter_3 </ci>
              </apply>
              <apply>
                <plus/>
                <cn> 1 </cn>
                <apply>
                  <divide/>
                  <ci> species_3 </ci>
                  <ci> parameter_3 </ci>
                </apply>
                <apply>
                  <divide/>
                  <ci> species_4 </ci>
                  <ci> parameter_4 </ci>
                </apply>
              </apply>
            </apply>
          </lambda>
        </math>
      </functionDefinition>
      <functionDefinition id="function_4_4_1" name="function_4_4_1">
        <math xmlns="http://www.w3.org/1998/Math/MathML">
          <lambda>
            <bvar>
              <ci> k4 </ci>
            </bvar>
            <bvar>
              <ci> parameter_3 </ci>
            </bvar>
            <bvar>
              <ci> parameter_4 </ci>
            </bvar>
            <bvar>
              <ci> species_2 </ci>
            </bvar>
            <bvar>
              <ci> species_3 </ci>
            </bvar>
            <bvar>
              <ci> species_4 </ci>
            </bvar>
            <apply>
              <divide/>
              <apply>
                <divide/>
                <apply>
                  <times/>
                  <ci> k4 </ci>
                  <ci> species_2 </ci>
                  <ci> species_4 </ci>
                </apply>
                <ci> parameter_4 </ci>
              </apply>
              <apply>
                <plus/>
                <cn> 1 </cn>
                <apply>
                  <divide/>
                  <ci> species_3 </ci>
                  <ci> parameter_3 </ci>
                </apply>
                <apply>
                  <divide/>
                  <ci> species_4 </ci>
                  <ci> parameter_4 </ci>
                </apply>
              </apply>
            </apply>
          </lambda>
        </math>
      </functionDefinition>
      <functionDefinition id="function_4_5_1" name="function_4_5_1">
        <math xmlns="http://www.w3.org/1998/Math/MathML">
          <lambda>
            <bvar>
              <ci> k5a </ci>
            </bvar>
            <bvar>
              <ci> k5b </ci>
            </bvar>
            <bvar>
              <ci> parameter_10 </ci>
            </bvar>
            <bvar>
              <ci> parameter_11 </ci>
            </bvar>
            <bvar>
              <ci> parameter_12 </ci>
            </bvar>
            <bvar>
              <ci> parameter_13 </ci>
            </bvar>
            <bvar>
              <ci> parameter_14 </ci>
            </bvar>
            <bvar>
              <ci> parameter_2 </ci>
            </bvar>
            <bvar>
              <ci> parameter_5 </ci>
            </bvar>
            <bvar>
              <ci> parameter_6 </ci>
            </bvar>
            <bvar>
              <ci> parameter_9 </ci>
            </bvar>
            <bvar>
              <ci> species_1 </ci>
            </bvar>
            <bvar>
              <ci> species_10 </ci>
            </bvar>
            <bvar>
              <ci> species_2 </ci>
            </bvar>
            <bvar>
              <ci> species_3 </ci>
            </bvar>
            <bvar>
              <ci> species_4 </ci>
            </bvar>
            <bvar>
              <ci> species_5 </ci>
            </bvar>
            <bvar>
              <ci> species_6 </ci>
            </bvar>
            <bvar>
              <ci> species_7 </ci>
            </bvar>
            <bvar>
              <ci> species_8 </ci>
            </bvar>
            <bvar>
              <ci> species_9 </ci>
            </bvar>
            <apply>
              <plus/>
              <apply>
                <divide/>
                <apply>
                  <divide/>
                  <apply>
                    <times/>
                    <ci> k5a </ci>
                    <ci> species_9 </ci>
                    <ci> species_5 </ci>
                  </apply>
                  <ci> parameter_5 </ci>
                </apply>
                <apply>
                  <plus/>
                  <cn> 1 </cn>
                  <apply>
                    <divide/>
                    <ci> species_2 </ci>
                    <ci> parameter_2 </ci>
                  </apply>
                  <apply>
                    <divide/>
                    <ci> species_1 </ci>
                    <ci> parameter_11 </ci>
                  </apply>
                  <apply>
                    <divide/>
                    <ci> species_5 </ci>
                    <ci> parameter_5 </ci>
                  </apply>
                  <apply>
                    <divide/>
                    <ci> species_4 </ci>
                    <ci> parameter_6 </ci>
                  </apply>
                  <apply>
                    <divide/>
                    <ci> species_3 </ci>
                    <ci> parameter_11 </ci>
                  </apply>
                </apply>
              </apply>
              <apply>
                <divide/>
                <apply>
                  <divide/>
                  <apply>
                    <times/>
                    <ci> k5b </ci>
                    <ci> species_10 </ci>
                    <ci> species_5 </ci>
                  </apply>
                  <ci> parameter_13 </ci>
                </apply>
                <apply>
                  <plus/>
                  <cn> 1 </cn>
                  <apply>
                    <divide/>
                    <ci> species_5 </ci>
                    <ci> parameter_13 </ci>
                  </apply>
                  <apply>
                    <divide/>
                    <ci> species_4 </ci>
                    <ci> parameter_14 </ci>
                  </apply>
                  <apply>
                    <divide/>
                    <ci> species_3 </ci>
                    <ci> parameter_12 </ci>
                  </apply>
                  <apply>
                    <divide/>
                    <ci> species_6 </ci>
                    <ci> parameter_12 </ci>
                  </apply>
                  <apply>
                    <divide/>
                    <ci> species_7 </ci>
                    <ci> parameter_10 </ci>
                  </apply>
                  <apply>
                    <divide/>
                    <ci> species_8 </ci>
                    <ci> parameter_9 </ci>
                  </apply>
                </apply>
              </apply>
            </apply>
          </lambda>
        </math>
      </functionDefinition>
      <functionDefinition id="function_4_6_1" name="function_4_6_1">
        <math xmlns="http://www.w3.org/1998/Math/MathML">
          <lambda>
            <bvar>
              <ci> k6a </ci>
            </bvar>
            <bvar>
              <ci> k6b </ci>
            </bvar>
            <bvar>
              <ci> parameter_10 </ci>
            </bvar>
            <bvar>
              <ci> parameter_11 </ci>
            </bvar>
            <bvar>
              <ci> parameter_12 </ci>
            </bvar>
            <bvar>
              <ci> parameter_13 </ci>
            </bvar>
            <bvar>
              <ci> parameter_14 </ci>
            </bvar>
            <bvar>
              <ci> parameter_2 </ci>
            </bvar>
            <bvar>
              <ci> parameter_5 </ci>
            </bvar>
            <bvar>
              <ci> parameter_6 </ci>
            </bvar>
            <bvar>
              <ci> parameter_9 </ci>
            </bvar>
            <bvar>
              <ci> species_1 </ci>
            </bvar>
            <bvar>
              <ci> species_10 </ci>
            </bvar>
            <bvar>
              <ci> species_2 </ci>
            </bvar>
            <bvar>
              <ci> species_3 </ci>
            </bvar>
            <bvar>
              <ci> species_4 </ci>
            </bvar>
            <bvar>
              <ci> species_5 </ci>
            </bvar>
            <bvar>
              <ci> species_6 </ci>
            </bvar>
            <bvar>
              <ci> species_7 </ci>
            </bvar>
            <bvar>
              <ci> species_8 </ci>
            </bvar>
            <bvar>
              <ci> species_9 </ci>
            </bvar>
            <apply>
              <plus/>
              <apply>
                <divide/>
                <apply>
                  <divide/>
                  <apply>
                    <times/>
                    <ci> k6a </ci>
                    <ci> species_9 </ci>
                    <ci> species_4 </ci>
                  </apply>
                  <ci> parameter_6 </ci>
                </apply>
                <apply>
                  <plus/>
                  <cn> 1 </cn>
                  <apply>
                    <divide/>
                    <ci> species_2 </ci>
                    <ci> parameter_2 </ci>
                  </apply>
                  <apply>
                    <divide/>
                    <ci> species_1 </ci>
                    <ci> parameter_11 </ci>
                  </apply>
                  <apply>
                    <divide/>
                    <ci> species_5 </ci>
                    <ci> parameter_5 </ci>
                  </apply>
                  <apply>
                    <divide/>
                    <ci> species_4 </ci>
                    <ci> parameter_6 </ci>
                  </apply>
                  <apply>
                    <divide/>
                    <ci> species_3 </ci>
                    <ci> parameter_11 </ci>
                  </apply>
                </apply>
              </apply>
              <apply>
                <divide/>
                <apply>
                  <divide/>
                  <apply>
                    <times/>
                    <ci> k6b </ci>
                    <ci> species_10 </ci>
                    <ci> species_4 </ci>
                  </apply>
                  <ci> parameter_14 </ci>
                </apply>
                <apply>
                  <plus/>
                  <cn> 1 </cn>
                  <apply>
                    <divide/>
                    <ci> species_5 </ci>
                    <ci> parameter_13 </ci>
                  </apply>
                  <apply>
                    <divide/>
                    <ci> species_4 </ci>
                    <ci> parameter_14 </ci>
                  </apply>
                  <apply>
                    <divide/>
                    <ci> species_3 </ci>
                    <ci> parameter_12 </ci>
                  </apply>
                  <apply>
                    <divide/>
                    <ci> species_6 </ci>
                    <ci> parameter_12 </ci>
                  </apply>
                  <apply>
                    <divide/>
                    <ci> species_7 </ci>
                    <ci> parameter_10 </ci>
                  </apply>
                  <apply>
                    <divide/>
                    <ci> species_8 </ci>
                    <ci> parameter_9 </ci>
                  </apply>
                </apply>
              </apply>
            </apply>
          </lambda>
        </math>
      </functionDefinition>
      <functionDefinition id="function_4_7_1" name="function_4_7_1">
        <math xmlns="http://www.w3.org/1998/Math/MathML">
          <lambda>
            <bvar>
              <ci> k7 </ci>
            </bvar>
            <bvar>
              <ci> parameter_7 </ci>
            </bvar>
            <bvar>
              <ci> parameter_8 </ci>
            </bvar>
            <bvar>
              <ci> species_5 </ci>
            </bvar>
            <bvar>
              <ci> species_6 </ci>
            </bvar>
            <bvar>
              <ci> species_7 </ci>
            </bvar>
            <apply>
              <divide/>
              <apply>
                <divide/>
                <apply>
                  <times/>
                  <ci> k7 </ci>
                  <ci> species_5 </ci>
                  <ci> species_6 </ci>
                </apply>
                <ci> parameter_7 </ci>
              </apply>
              <apply>
                <plus/>
                <cn> 1 </cn>
                <apply>
                  <divide/>
                  <ci> species_6 </ci>
                  <ci> parameter_7 </ci>
                </apply>
                <apply>
                  <divide/>
                  <ci> species_7 </ci>
                  <ci> parameter_8 </ci>
                </apply>
              </apply>
            </apply>
          </lambda>
        </math>
      </functionDefinition>
      <functionDefinition id="function_4_8_1" name="function_4_8_1">
        <math xmlns="http://www.w3.org/1998/Math/MathML">
          <lambda>
            <bvar>
              <ci> k7 </ci>
            </bvar>
            <bvar>
              <ci> parameter_7 </ci>
            </bvar>
            <bvar>
              <ci> parameter_8 </ci>
            </bvar>
            <bvar>
              <ci> species_5 </ci>
            </bvar>
            <bvar>
              <ci> species_6 </ci>
            </bvar>
            <bvar>
              <ci> species_7 </ci>
            </bvar>
            <apply>
              <divide/>
              <apply>
                <divide/>
                <apply>
                  <times/>
                  <ci> k7 </ci>
                  <ci> species_5 </ci>
                  <ci> species_7 </ci>
                </apply>
                <ci> parameter_8 </ci>
              </apply>
              <apply>
                <plus/>
                <cn> 1 </cn>
                <apply>
                  <divide/>
                  <ci> species_6 </ci>
                  <ci> parameter_7 </ci>
                </apply>
                <apply>
                  <divide/>
                  <ci> species_7 </ci>
                  <ci> parameter_8 </ci>
                </apply>
              </apply>
            </apply>
          </lambda>
        </math>
      </functionDefinition>
      <functionDefinition id="function_4_9_1" name="function_4_9_1">
        <math xmlns="http://www.w3.org/1998/Math/MathML">
          <lambda>
            <bvar>
              <ci> k9b </ci>
            </bvar>
            <bvar>
              <ci> parameter_10 </ci>
            </bvar>
            <bvar>
              <ci> parameter_12 </ci>
            </bvar>
            <bvar>
              <ci> parameter_13 </ci>
            </bvar>
            <bvar>
              <ci> parameter_14 </ci>
            </bvar>
            <bvar>
              <ci> parameter_9 </ci>
            </bvar>
            <bvar>
              <ci> species_10 </ci>
            </bvar>
            <bvar>
              <ci> species_3 </ci>
            </bvar>
            <bvar>
              <ci> species_4 </ci>
            </bvar>
            <bvar>
              <ci> species_5 </ci>
            </bvar>
            <bvar>
              <ci> species_6 </ci>
            </bvar>
            <bvar>
              <ci> species_7 </ci>
            </bvar>
            <bvar>
              <ci> species_8 </ci>
            </bvar>
            <apply>
              <divide/>
              <apply>
                <divide/>
                <apply>
                  <times/>
                  <ci> k9b </ci>
                  <ci> species_10 </ci>
                  <ci> species_8 </ci>
                </apply>
                <ci> parameter_9 </ci>
              </apply>
              <apply>
                <plus/>
                <cn> 1 </cn>
                <apply>
                  <divide/>
                  <ci> species_5 </ci>
                  <ci> parameter_13 </ci>
                </apply>
                <apply>
                  <divide/>
                  <ci> species_4 </ci>
                  <ci> parameter_14 </ci>
                </apply>
                <apply>
                  <divide/>
                  <ci> species_3 </ci>
                  <ci> parameter_12 </ci>
                </apply>
                <apply>
                  <divide/>
                  <ci> species_6 </ci>
                  <ci> parameter_12 </ci>
                </apply>
                <apply>
                  <divide/>
                  <ci> species_7 </ci>
                  <ci> parameter_10 </ci>
                </apply>
                <apply>
                  <divide/>
                  <ci> species_8 </ci>
                  <ci> parameter_9 </ci>
                </apply>
              </apply>
            </apply>
          </lambda>
        </math>
      </functionDefinition>
      <functionDefinition id="function_4_10_1" name="function_4_10_1">
        <math xmlns="http://www.w3.org/1998/Math/MathML">
          <lambda>
            <bvar>
              <ci> k10b </ci>
            </bvar>
            <bvar>
              <ci> parameter_10 </ci>
            </bvar>
            <bvar>
              <ci> parameter_12 </ci>
            </bvar>
            <bvar>
              <ci> parameter_13 </ci>
            </bvar>
            <bvar>
              <ci> parameter_14 </ci>
            </bvar>
            <bvar>
              <ci> parameter_9 </ci>
            </bvar>
            <bvar>
              <ci> species_10 </ci>
            </bvar>
            <bvar>
              <ci> species_3 </ci>
            </bvar>
            <bvar>
              <ci> species_4 </ci>
            </bvar>
            <bvar>
              <ci> species_5 </ci>
            </bvar>
            <bvar>
              <ci> species_6 </ci>
            </bvar>
            <bvar>
              <ci> species_7 </ci>
            </bvar>
            <bvar>
              <ci> species_8 </ci>
            </bvar>
            <apply>
              <divide/>
              <apply>
                <divide/>
                <apply>
                  <times/>
                  <ci> k10b </ci>
                  <ci> species_10 </ci>
                  <ci> species_7 </ci>
                </apply>
                <ci> parameter_10 </ci>
              </apply>
              <apply>
                <plus/>
                <cn> 1 </cn>
                <apply>
                  <divide/>
                  <ci> species_5 </ci>
                  <ci> parameter_13 </ci>
                </apply>
                <apply>
                  <divide/>
                  <ci> species_4 </ci>
                  <ci> parameter_14 </ci>
                </apply>
                <apply>
                  <divide/>
                  <ci> species_3 </ci>
                  <ci> parameter_12 </ci>
                </apply>
                <apply>
                  <divide/>
                  <ci> species_6 </ci>
                  <ci> parameter_12 </ci>
                </apply>
                <apply>
                  <divide/>
                  <ci> species_7 </ci>
                  <ci> parameter_10 </ci>
                </apply>
                <apply>
                  <divide/>
                  <ci> species_8 </ci>
                  <ci> parameter_9 </ci>
                </apply>
              </apply>
            </apply>
          </lambda>
        </math>
      </functionDefinition>
    </listOfFunctionDefinitions>
    <listOfUnitDefinitions>
      <unitDefinition id="volume" name="volume">
        <listOfUnits>
          <unit kind="litre" scale="-3"/>
        </listOfUnits>
      </unitDefinition>
      <unitDefinition id="substance" name="substance">
        <listOfUnits>
          <unit kind="mole" scale="-9"/>
        </listOfUnits>
      </unitDefinition>
    </listOfUnitDefinitions>
    <listOfCompartments>
      <compartment metaid="COPASI2" id="compartment_1" name="compartment" size="1">
        <annotation>
          <COPASI xmlns="http://www.copasi.org/static/sbml">
            <rdf:RDF xmlns:dcterms="http://purl.org/dc/terms/" xmlns:rdf="http://www.w3.org/1999/02/22-rdf-syntax-ns#">
              <rdf:Description rdf:about="#COPASI2">
                <dcterms:created>
                  <rdf:Description>
                    <dcterms:W3CDTF>2011-10-28T13:33:55Z</dcterms:W3CDTF>
                  </rdf:Description>
                </dcterms:created>
              </rdf:Description>
            </rdf:RDF>
          </COPASI>
        </annotation>
      </compartment>
      <compartment metaid="COPASI3" id="compartment_2" name="No Name" size="1">
        <annotation>
          <COPASI xmlns="http://www.copasi.org/static/sbml">
            <rdf:RDF xmlns:dcterms="http://purl.org/dc/terms/" xmlns:rdf="http://www.w3.org/1999/02/22-rdf-syntax-ns#">
              <rdf:Description rdf:about="#COPASI3">
                <dcterms:created>
                  <rdf:Description>
                    <dcterms:W3CDTF>2011-10-28T13:34:03Z</dcterms:W3CDTF>
                  </rdf:Description>
                </dcterms:created>
              </rdf:Description>
            </rdf:RDF>
          </COPASI>
        </annotation>
      </compartment>
    </listOfCompartments>
    <listOfSpecies>
      <species id="species_1" name="MKKK" compartment="compartment_1" initialConcentration="300"/>
      <species id="species_2" name="MKKK_P" compartment="compartment_1" initialConcentration="0"/>
      <species id="species_3" name="MKK" compartment="compartment_1" initialConcentration="1199.99994221325"/>
      <species id="species_4" name="MKK_P" compartment="compartment_1" initialConcentration="0"/>
      <species id="species_5" name="MKK_PP" compartment="compartment_1" initialConcentration="0"/>
      <species metaid="COPASI4" id="species_6" name="MK" compartment="compartment_1" initialConcentration="1199.99994221325">
        <annotation>
          <COPASI xmlns="http://www.copasi.org/static/sbml">
            <rdf:RDF xmlns:dcterms="http://purl.org/dc/terms/" xmlns:rdf="http://www.w3.org/1999/02/22-rdf-syntax-ns#">
              <rdf:Description rdf:about="#COPASI4">
                <dcterms:created>
                  <rdf:Description>
                    <dcterms:W3CDTF>2011-07-20T16:46:42Z</dcterms:W3CDTF>
                  </rdf:Description>
                </dcterms:created>
              </rdf:Description>
            </rdf:RDF>
          </COPASI>
        </annotation>
      </species>
      <species id="species_7" name="MK_P" compartment="compartment_1" initialConcentration="0"/>
      <species id="species_8" name="MK_PP" compartment="compartment_1" initialConcentration="0"/>
      <species metaid="COPASI5" id="species_9" name="P1" compartment="compartment_1" initialConcentration="100">
        <annotation>
          <COPASI xmlns="http://www.copasi.org/static/sbml">
            <rdf:RDF xmlns:dcterms="http://purl.org/dc/terms/" xmlns:rdf="http://www.w3.org/1999/02/22-rdf-syntax-ns#">
              <rdf:Description rdf:about="#COPASI5">
                <dcterms:created>
                  <rdf:Description>
                    <dcterms:W3CDTF>2011-01-27T15:05:52Z</dcterms:W3CDTF>
                  </rdf:Description>
                </dcterms:created>
              </rdf:Description>
            </rdf:RDF>
          </COPASI>
        </annotation>
      </species>
      <species metaid="COPASI6" id="species_10" name="P2" compartment="compartment_1" initialConcentration="200">
        <annotation>
          <COPASI xmlns="http://www.copasi.org/static/sbml">
            <rdf:RDF xmlns:dcterms="http://purl.org/dc/terms/" xmlns:rdf="http://www.w3.org/1999/02/22-rdf-syntax-ns#">
              <rdf:Description rdf:about="#COPASI6">
                <dcterms:created>
                  <rdf:Description>
                    <dcterms:W3CDTF>2011-01-27T15:05:54Z</dcterms:W3CDTF>
                  </rdf:Description>
                </dcterms:created>
              </rdf:Description>
            </rdf:RDF>
          </COPASI>
        </annotation>
      </species>
      <species id="species_11" name="Sig" compartment="compartment_1" initialConcentration="9.99999951844375"/>
    </listOfSpecies>
    <listOfParameters>
      <parameter metaid="COPASI7" id="parameter_1" name="K1" value="30">
        <annotation>
          <COPASI xmlns="http://www.copasi.org/static/sbml">
            <rdf:RDF xmlns:dcterms="http://purl.org/dc/terms/" xmlns:rdf="http://www.w3.org/1999/02/22-rdf-syntax-ns#">
              <rdf:Description rdf:about="#COPASI7">
                <dcterms:created>
                  <rdf:Description>
                    <dcterms:W3CDTF>2011-12-21T15:50:20Z</dcterms:W3CDTF>
                  </rdf:Description>
                </dcterms:created>
              </rdf:Description>
            </rdf:RDF>
          </COPASI>
        </annotation>
      </parameter>
      <parameter metaid="COPASI8" id="parameter_2" name="K2a" value="30">
        <annotation>
          <COPASI xmlns="http://www.copasi.org/static/sbml">
            <rdf:RDF xmlns:dcterms="http://purl.org/dc/terms/" xmlns:rdf="http://www.w3.org/1999/02/22-rdf-syntax-ns#">
              <rdf:Description rdf:about="#COPASI8">
                <dcterms:created>
                  <rdf:Description>
                    <dcterms:W3CDTF>2011-12-21T15:50:28Z</dcterms:W3CDTF>
                  </rdf:Description>
                </dcterms:created>
              </rdf:Description>
            </rdf:RDF>
          </COPASI>
        </annotation>
      </parameter>
      <parameter metaid="COPASI9" id="parameter_3" name="K3" value="30">
        <annotation>
          <COPASI xmlns="http://www.copasi.org/static/sbml">
            <rdf:RDF xmlns:dcterms="http://purl.org/dc/terms/" xmlns:rdf="http://www.w3.org/1999/02/22-rdf-syntax-ns#">
              <rdf:Description rdf:about="#COPASI9">
                <dcterms:created>
                  <rdf:Description>
                    <dcterms:W3CDTF>2011-12-21T15:50:35Z</dcterms:W3CDTF>
                  </rdf:Description>
                </dcterms:created>
              </rdf:Description>
            </rdf:RDF>
          </COPASI>
        </annotation>
      </parameter>
      <parameter metaid="COPASI10" id="parameter_4" name="K4" value="30">
        <annotation>
          <COPASI xmlns="http://www.copasi.org/static/sbml">
            <rdf:RDF xmlns:dcterms="http://purl.org/dc/terms/" xmlns:rdf="http://www.w3.org/1999/02/22-rdf-syntax-ns#">
              <rdf:Description rdf:about="#COPASI10">
                <dcterms:created>
                  <rdf:Description>
                    <dcterms:W3CDTF>2011-12-21T15:50:44Z</dcterms:W3CDTF>
                  </rdf:Description>
                </dcterms:created>
              </rdf:Description>
            </rdf:RDF>
          </COPASI>
        </annotation>
      </parameter>
      <parameter metaid="COPASI11" id="parameter_5" name="K5a" value="30">
        <annotation>
          <COPASI xmlns="http://www.copasi.org/static/sbml">
            <rdf:RDF xmlns:dcterms="http://purl.org/dc/terms/" xmlns:rdf="http://www.w3.org/1999/02/22-rdf-syntax-ns#">
              <rdf:Description rdf:about="#COPASI11">
                <dcterms:created>
                  <rdf:Description>
                    <dcterms:W3CDTF>2011-12-21T15:50:52Z</dcterms:W3CDTF>
                  </rdf:Description>
                </dcterms:created>
              </rdf:Description>
            </rdf:RDF>
          </COPASI>
        </annotation>
      </parameter>
      <parameter metaid="COPASI12" id="parameter_6" name="K6a" value="30">
        <annotation>
          <COPASI xmlns="http://www.copasi.org/static/sbml">
            <rdf:RDF xmlns:dcterms="http://purl.org/dc/terms/" xmlns:rdf="http://www.w3.org/1999/02/22-rdf-syntax-ns#">
              <rdf:Description rdf:about="#COPASI12">
                <dcterms:created>
                  <rdf:Description>
                    <dcterms:W3CDTF>2011-12-21T15:50:59Z</dcterms:W3CDTF>
                  </rdf:Description>
                </dcterms:created>
              </rdf:Description>
            </rdf:RDF>
          </COPASI>
        </annotation>
      </parameter>
      <parameter metaid="COPASI13" id="parameter_7" name="K7" value="30">
        <annotation>
          <COPASI xmlns="http://www.copasi.org/static/sbml">
            <rdf:RDF xmlns:dcterms="http://purl.org/dc/terms/" xmlns:rdf="http://www.w3.org/1999/02/22-rdf-syntax-ns#">
              <rdf:Description rdf:about="#COPASI13">
                <dcterms:created>
                  <rdf:Description>
                    <dcterms:W3CDTF>2011-12-21T15:51:07Z</dcterms:W3CDTF>
                  </rdf:Description>
                </dcterms:created>
              </rdf:Description>
            </rdf:RDF>
          </COPASI>
        </annotation>
      </parameter>
      <parameter metaid="COPASI14" id="parameter_8" name="K8" value="30">
        <annotation>
          <COPASI xmlns="http://www.copasi.org/static/sbml">
            <rdf:RDF xmlns:dcterms="http://purl.org/dc/terms/" xmlns:rdf="http://www.w3.org/1999/02/22-rdf-syntax-ns#">
              <rdf:Description rdf:about="#COPASI14">
                <dcterms:created>
                  <rdf:Description>
                    <dcterms:W3CDTF>2011-12-21T15:51:16Z</dcterms:W3CDTF>
                  </rdf:Description>
                </dcterms:created>
              </rdf:Description>
            </rdf:RDF>
          </COPASI>
        </annotation>
      </parameter>
      <parameter metaid="COPASI15" id="parameter_9" name="K9b" value="30">
        <annotation>
          <COPASI xmlns="http://www.copasi.org/static/sbml">
            <rdf:RDF xmlns:dcterms="http://purl.org/dc/terms/" xmlns:rdf="http://www.w3.org/1999/02/22-rdf-syntax-ns#">
              <rdf:Description rdf:about="#COPASI15">
                <dcterms:created>
                  <rdf:Description>
                    <dcterms:W3CDTF>2011-12-21T15:51:24Z</dcterms:W3CDTF>
                  </rdf:Description>
                </dcterms:created>
              </rdf:Description>
            </rdf:RDF>
          </COPASI>
        </annotation>
      </parameter>
      <parameter metaid="COPASI16" id="parameter_10" name="K10b" value="30">
        <annotation>
          <COPASI xmlns="http://www.copasi.org/static/sbml">
            <rdf:RDF xmlns:dcterms="http://purl.org/dc/terms/" xmlns:rdf="http://www.w3.org/1999/02/22-rdf-syntax-ns#">
              <rdf:Description rdf:about="#COPASI16">
                <dcterms:created>
                  <rdf:Description>
                    <dcterms:W3CDTF>2011-12-21T15:51:32Z</dcterms:W3CDTF>
                  </rdf:Description>
                </dcterms:created>
              </rdf:Description>
            </rdf:RDF>
          </COPASI>
        </annotation>
      </parameter>
      <parameter metaid="COPASI17" id="parameter_11" name="Kse1" value="3e+051">
        <annotation>
          <COPASI xmlns="http://www.copasi.org/static/sbml">
            <rdf:RDF xmlns:dcterms="http://purl.org/dc/terms/" xmlns:rdf="http://www.w3.org/1999/02/22-rdf-syntax-ns#">
              <rdf:Description rdf:about="#COPASI17">
                <dcterms:created>
                  <rdf:Description>
                    <dcterms:W3CDTF>2011-12-21T15:51:40Z</dcterms:W3CDTF>
                  </rdf:Description>
                </dcterms:created>
              </rdf:Description>
            </rdf:RDF>
          </COPASI>
        </annotation>
      </parameter>
      <parameter metaid="COPASI18" id="parameter_12" name="Kse2" value="3e+051">
        <annotation>
          <COPASI xmlns="http://www.copasi.org/static/sbml">
            <rdf:RDF xmlns:dcterms="http://purl.org/dc/terms/" xmlns:rdf="http://www.w3.org/1999/02/22-rdf-syntax-ns#">
              <rdf:Description rdf:about="#COPASI18">
                <dcterms:created>
                  <rdf:Description>
                    <dcterms:W3CDTF>2011-12-21T15:51:51Z</dcterms:W3CDTF>
                  </rdf:Description>
                </dcterms:created>
              </rdf:Description>
            </rdf:RDF>
          </COPASI>
        </annotation>
      </parameter>
      <parameter metaid="COPASI19" id="parameter_13" name="K5b" value="30">
        <annotation>
          <COPASI xmlns="http://www.copasi.org/static/sbml">
            <rdf:RDF xmlns:dcterms="http://purl.org/dc/terms/" xmlns:rdf="http://www.w3.org/1999/02/22-rdf-syntax-ns#">
              <rdf:Description rdf:about="#COPASI19">
                <dcterms:created>
                  <rdf:Description>
                    <dcterms:W3CDTF>2011-12-21T16:13:28Z</dcterms:W3CDTF>
                  </rdf:Description>
                </dcterms:created>
              </rdf:Description>
            </rdf:RDF>
          </COPASI>
        </annotation>
      </parameter>
      <parameter metaid="COPASI20" id="parameter_14" name="K6b" value="30">
        <annotation>
          <COPASI xmlns="http://www.copasi.org/static/sbml">
            <rdf:RDF xmlns:dcterms="http://purl.org/dc/terms/" xmlns:rdf="http://www.w3.org/1999/02/22-rdf-syntax-ns#">
              <rdf:Description rdf:about="#COPASI20">
                <dcterms:created>
                  <rdf:Description>
                    <dcterms:W3CDTF>2011-12-21T16:13:43Z</dcterms:W3CDTF>
                  </rdf:Description>
                </dcterms:created>
              </rdf:Description>
            </rdf:RDF>
          </COPASI>
        </annotation>
      </parameter>
    </listOfParameters>
    <listOfReactions>
      <reaction metaid="COPASI22" id="reaction_1" name="1" reversible="false">
        <annotation>
          <COPASI xmlns="http://www.copasi.org/static/sbml">
            <rdf:RDF xmlns:dcterms="http://purl.org/dc/terms/" xmlns:rdf="http://www.w3.org/1999/02/22-rdf-syntax-ns#">
              <rdf:Description rdf:about="#COPASI22">
                <dcterms:created>
                  <rdf:Description>
                    <dcterms:W3CDTF>2011-07-20T15:41:12Z</dcterms:W3CDTF>
                  </rdf:Description>
                </dcterms:created>
              </rdf:Description>
            </rdf:RDF>
          </COPASI>
        </annotation>
        <listOfReactants>
          <speciesReference species="species_1"/>
        </listOfReactants>
        <listOfProducts>
          <speciesReference species="species_2"/>
        </listOfProducts>
        <listOfModifiers>
          <modifierSpeciesReference species="species_11"/>
        </listOfModifiers>
        <kineticLaw>
          <math xmlns="http://www.w3.org/1998/Math/MathML">
            <apply>
              <times/>
              <ci> compartment_1 </ci>
              <apply>
                <ci> function_4_1_1 </ci>
                <ci> k1 </ci>
                <ci> parameter_1 </ci>
                <ci> species_1 </ci>
                <ci> species_11 </ci>
              </apply>
            </apply>
          </math>
          <listOfParameters>
            <parameter id="k1" name="k1" value="0.2"/>
          </listOfParameters>
        </kineticLaw>
      </reaction>
      <reaction metaid="COPASI23" id="reaction_2" name="2" reversible="false">
        <annotation>
          <COPASI xmlns="http://www.copasi.org/static/sbml">
            <rdf:RDF xmlns:dcterms="http://purl.org/dc/terms/" xmlns:rdf="http://www.w3.org/1999/02/22-rdf-syntax-ns#">
              <rdf:Description rdf:about="#COPASI23">
                <dcterms:created>
                  <rdf:Description>
                    <dcterms:W3CDTF>2011-07-20T16:11:12Z</dcterms:W3CDTF>
                  </rdf:Description>
                </dcterms:created>
              </rdf:Description>
            </rdf:RDF>
          </COPASI>
        </annotation>
        <listOfReactants>
          <speciesReference species="species_2"/>
        </listOfReactants>
        <listOfProducts>
          <speciesReference species="species_1"/>
        </listOfProducts>
        <listOfModifiers>
          <modifierSpeciesReference species="species_1"/>
          <modifierSpeciesReference species="species_9"/>
          <modifierSpeciesReference species="species_5"/>
          <modifierSpeciesReference species="species_4"/>
          <modifierSpeciesReference species="species_3"/>
        </listOfModifiers>
        <kineticLaw>
          <math xmlns="http://www.w3.org/1998/Math/MathML">
            <apply>
              <times/>
              <ci> compartment_1 </ci>
              <apply>
                <ci> function_4_2_1 </ci>
                <ci> k2a </ci>
                <ci> parameter_11 </ci>
                <ci> parameter_2 </ci>
                <ci> parameter_5 </ci>
                <ci> parameter_6 </ci>
                <ci> species_1 </ci>
                <ci> species_2 </ci>
                <ci> species_3 </ci>
                <ci> species_4 </ci>
                <ci> species_5 </ci>
                <ci> species_9 </ci>
              </apply>
            </apply>
          </math>
          <listOfParameters>
            <parameter id="k2a" name="k2a" value="0.01"/>
          </listOfParameters>
        </kineticLaw>
      </reaction>
      <reaction metaid="COPASI24" id="reaction_3" name="3" reversible="false">
        <annotation>
          <COPASI xmlns="http://www.copasi.org/static/sbml">
            <rdf:RDF xmlns:dcterms="http://purl.org/dc/terms/" xmlns:rdf="http://www.w3.org/1999/02/22-rdf-syntax-ns#">
              <rdf:Description rdf:about="#COPASI24">
                <dcterms:created>
                  <rdf:Description>
                    <dcterms:W3CDTF>2011-07-20T16:12:18Z</dcterms:W3CDTF>
                  </rdf:Description>
                </dcterms:created>
              </rdf:Description>
            </rdf:RDF>
          </COPASI>
        </annotation>
        <listOfReactants>
          <speciesReference species="species_3"/>
        </listOfReactants>
        <listOfProducts>
          <speciesReference species="species_4"/>
        </listOfProducts>
        <listOfModifiers>
          <modifierSpeciesReference species="species_2"/>
          <modifierSpeciesReference species="species_4"/>
        </listOfModifiers>
        <kineticLaw>
          <math xmlns="http://www.w3.org/1998/Math/MathML">
            <apply>
              <times/>
              <ci> compartment_1 </ci>
              <apply>
                <ci> function_4_3_1 </ci>
                <ci> k3 </ci>
                <ci> parameter_3 </ci>
                <ci> parameter_4 </ci>
                <ci> species_2 </ci>
                <ci> species_3 </ci>
                <ci> species_4 </ci>
              </apply>
            </apply>
          </math>
          <listOfParameters>
            <parameter id="k3" name="k3" value="0.1"/>
          </listOfParameters>
        </kineticLaw>
      </reaction>
      <reaction metaid="COPASI25" id="reaction_4" name="4" reversible="false">
        <annotation>
          <COPASI xmlns="http://www.copasi.org/static/sbml">
            <rdf:RDF xmlns:dcterms="http://purl.org/dc/terms/" xmlns:rdf="http://www.w3.org/1999/02/22-rdf-syntax-ns#">
              <rdf:Description rdf:about="#COPASI25">
                <dcterms:created>
                  <rdf:Description>
                    <dcterms:W3CDTF>2011-07-20T16:16:51Z</dcterms:W3CDTF>
                  </rdf:Description>
                </dcterms:created>
              </rdf:Description>
            </rdf:RDF>
          </COPASI>
        </annotation>
        <listOfReactants>
          <speciesReference species="species_4"/>
        </listOfReactants>
        <listOfProducts>
          <speciesReference species="species_5"/>
        </listOfProducts>
        <listOfModifiers>
          <modifierSpeciesReference species="species_2"/>
          <modifierSpeciesReference species="species_3"/>
        </listOfModifiers>
        <kineticLaw>
          <math xmlns="http://www.w3.org/1998/Math/MathML">
            <apply>
              <times/>
              <ci> compartment_1 </ci>
              <apply>
                <ci> function_4_4_1 </ci>
                <ci> k4 </ci>
                <ci> parameter_3 </ci>
                <ci> parameter_4 </ci>
                <ci> species_2 </ci>
                <ci> species_3 </ci>
                <ci> species_4 </ci>
              </apply>
            </apply>
          </math>
          <listOfParameters>
            <parameter id="k4" name="k4" value="0.1"/>
          </listOfParameters>
        </kineticLaw>
      </reaction>
      <reaction metaid="COPASI26" id="reaction_5" name="5" reversible="false">
        <annotation>
          <COPASI xmlns="http://www.copasi.org/static/sbml">
            <rdf:RDF xmlns:dcterms="http://purl.org/dc/terms/" xmlns:rdf="http://www.w3.org/1999/02/22-rdf-syntax-ns#">
              <rdf:Description rdf:about="#COPASI26">
                <dcterms:created>
                  <rdf:Description>
                    <dcterms:W3CDTF>2011-07-20T16:19:35Z</dcterms:W3CDTF>
                  </rdf:Description>
                </dcterms:created>
              </rdf:Description>
            </rdf:RDF>
          </COPASI>
        </annotation>
        <listOfReactants>
          <speciesReference species="species_5"/>
        </listOfReactants>
        <listOfProducts>
          <speciesReference species="species_4"/>
        </listOfProducts>
        <listOfModifiers>
          <modifierSpeciesReference species="species_4"/>
          <modifierSpeciesReference species="species_7"/>
          <modifierSpeciesReference species="species_8"/>
          <modifierSpeciesReference species="species_9"/>
          <modifierSpeciesReference species="species_3"/>
          <modifierSpeciesReference species="species_6"/>
          <modifierSpeciesReference species="species_1"/>
          <modifierSpeciesReference species="species_2"/>
          <modifierSpeciesReference species="species_10"/>
        </listOfModifiers>
        <kineticLaw>
          <math xmlns="http://www.w3.org/1998/Math/MathML">
            <apply>
              <times/>
              <ci> compartment_1 </ci>
              <apply>
                <ci> function_4_5_1 </ci>
                <ci> k5a </ci>
                <ci> k5b </ci>
                <ci> parameter_10 </ci>
                <ci> parameter_11 </ci>
                <ci> parameter_12 </ci>
                <ci> parameter_13 </ci>
                <ci> parameter_14 </ci>
                <ci> parameter_2 </ci>
                <ci> parameter_5 </ci>
                <ci> parameter_6 </ci>
                <ci> parameter_9 </ci>
                <ci> species_1 </ci>
                <ci> species_10 </ci>
                <ci> species_2 </ci>
                <ci> species_3 </ci>
                <ci> species_4 </ci>
                <ci> species_5 </ci>
                <ci> species_6 </ci>
                <ci> species_7 </ci>
                <ci> species_8 </ci>
                <ci> species_9 </ci>
              </apply>
            </apply>
          </math>
          <listOfParameters>
            <parameter id="k5a" name="k5a" value="0.1"/>
            <parameter id="k5b" name="k5b" value="0.1"/>
          </listOfParameters>
        </kineticLaw>
      </reaction>
      <reaction metaid="COPASI27" id="reaction_6" name="6" reversible="false">
        <annotation>
          <COPASI xmlns="http://www.copasi.org/static/sbml">
            <rdf:RDF xmlns:dcterms="http://purl.org/dc/terms/" xmlns:rdf="http://www.w3.org/1999/02/22-rdf-syntax-ns#">
              <rdf:Description rdf:about="#COPASI27">
                <dcterms:created>
                  <rdf:Description>
                    <dcterms:W3CDTF>2011-07-20T16:21:49Z</dcterms:W3CDTF>
                  </rdf:Description>
                </dcterms:created>
              </rdf:Description>
            </rdf:RDF>
          </COPASI>
        </annotation>
        <listOfReactants>
          <speciesReference species="species_4"/>
        </listOfReactants>
        <listOfProducts>
          <speciesReference species="species_3"/>
        </listOfProducts>
        <listOfModifiers>
          <modifierSpeciesReference species="species_9"/>
          <modifierSpeciesReference species="species_5"/>
          <modifierSpeciesReference species="species_7"/>
          <modifierSpeciesReference species="species_8"/>
          <modifierSpeciesReference species="species_3"/>
          <modifierSpeciesReference species="species_6"/>
          <modifierSpeciesReference species="species_1"/>
          <modifierSpeciesReference species="species_2"/>
          <modifierSpeciesReference species="species_10"/>
        </listOfModifiers>
        <kineticLaw>
          <math xmlns="http://www.w3.org/1998/Math/MathML">
            <apply>
              <times/>
              <ci> compartment_1 </ci>
              <apply>
                <ci> function_4_6_1 </ci>
                <ci> k6a </ci>
                <ci> k6b </ci>
                <ci> parameter_10 </ci>
                <ci> parameter_11 </ci>
                <ci> parameter_12 </ci>
                <ci> parameter_13 </ci>
                <ci> parameter_14 </ci>
                <ci> parameter_2 </ci>
                <ci> parameter_5 </ci>
                <ci> parameter_6 </ci>
                <ci> parameter_9 </ci>
                <ci> species_1 </ci>
                <ci> species_10 </ci>
                <ci> species_2 </ci>
                <ci> species_3 </ci>
                <ci> species_4 </ci>
                <ci> species_5 </ci>
                <ci> species_6 </ci>
                <ci> species_7 </ci>
                <ci> species_8 </ci>
                <ci> species_9 </ci>
              </apply>
            </apply>
          </math>
          <listOfParameters>
            <parameter id="k6a" name="k6a" value="0.1"/>
            <parameter id="k6b" name="k6b" value="0.1"/>
          </listOfParameters>
        </kineticLaw>
      </reaction>
      <reaction metaid="COPASI28" id="reaction_7" name="7" reversible="false">
        <annotation>
          <COPASI xmlns="http://www.copasi.org/static/sbml">
            <rdf:RDF xmlns:dcterms="http://purl.org/dc/terms/" xmlns:rdf="http://www.w3.org/1999/02/22-rdf-syntax-ns#">
              <rdf:Description rdf:about="#COPASI28">
                <dcterms:created>
                  <rdf:Description>
                    <dcterms:W3CDTF>2011-07-20T16:24:50Z</dcterms:W3CDTF>
                  </rdf:Description>
                </dcterms:created>
              </rdf:Description>
            </rdf:RDF>
          </COPASI>
        </annotation>
        <listOfReactants>
          <speciesReference species="species_6"/>
        </listOfReactants>
        <listOfProducts>
          <speciesReference species="species_7"/>
        </listOfProducts>
        <listOfModifiers>
          <modifierSpeciesReference species="species_5"/>
          <modifierSpeciesReference species="species_7"/>
        </listOfModifiers>
        <kineticLaw>
          <math xmlns="http://www.w3.org/1998/Math/MathML">
            <apply>
              <times/>
              <ci> compartment_1 </ci>
              <apply>
                <ci> function_4_7_1 </ci>
                <ci> k7 </ci>
                <ci> parameter_7 </ci>
                <ci> parameter_8 </ci>
                <ci> species_5 </ci>
                <ci> species_6 </ci>
                <ci> species_7 </ci>
              </apply>
            </apply>
          </math>
          <listOfParameters>
            <parameter id="k7" name="k7" value="0.1"/>
          </listOfParameters>
        </kineticLaw>
      </reaction>
      <reaction metaid="COPASI29" id="reaction_8" name="8" reversible="false">
        <annotation>
          <COPASI xmlns="http://www.copasi.org/static/sbml">
            <rdf:RDF xmlns:dcterms="http://purl.org/dc/terms/" xmlns:rdf="http://www.w3.org/1999/02/22-rdf-syntax-ns#">
              <rdf:Description rdf:about="#COPASI29">
                <dcterms:created>
                  <rdf:Description>
                    <dcterms:W3CDTF>2011-07-20T16:29:05Z</dcterms:W3CDTF>
                  </rdf:Description>
                </dcterms:created>
              </rdf:Description>
            </rdf:RDF>
          </COPASI>
        </annotation>
        <listOfReactants>
          <speciesReference species="species_7"/>
        </listOfReactants>
        <listOfProducts>
          <speciesReference species="species_8"/>
        </listOfProducts>
        <listOfModifiers>
          <modifierSpeciesReference species="species_5"/>
          <modifierSpeciesReference species="species_6"/>
        </listOfModifiers>
        <kineticLaw>
          <math xmlns="http://www.w3.org/1998/Math/MathML">
            <apply>
              <times/>
              <ci> compartment_1 </ci>
              <apply>
                <ci> function_4_8_1 </ci>
                <ci> k7 </ci>
                <ci> parameter_7 </ci>
                <ci> parameter_8 </ci>
                <ci> species_5 </ci>
                <ci> species_6 </ci>
                <ci> species_7 </ci>
              </apply>
            </apply>
          </math>
          <listOfParameters>
            <parameter id="k7" name="k7" value="0.1"/>
          </listOfParameters>
        </kineticLaw>
      </reaction>
      <reaction metaid="COPASI30" id="reaction_9" name="9" reversible="false">
        <annotation>
          <COPASI xmlns="http://www.copasi.org/static/sbml">
            <rdf:RDF xmlns:dcterms="http://purl.org/dc/terms/" xmlns:rdf="http://www.w3.org/1999/02/22-rdf-syntax-ns#">
              <rdf:Description rdf:about="#COPASI30">
                <dcterms:created>
                  <rdf:Description>
                    <dcterms:W3CDTF>2011-07-20T16:30:03Z</dcterms:W3CDTF>
                  </rdf:Description>
                </dcterms:created>
              </rdf:Description>
            </rdf:RDF>
          </COPASI>
        </annotation>
        <listOfReactants>
          <speciesReference species="species_8"/>
        </listOfReactants>
        <listOfProducts>
          <speciesReference species="species_7"/>
        </listOfProducts>
        <listOfModifiers>
          <modifierSpeciesReference species="species_5"/>
          <modifierSpeciesReference species="species_4"/>
          <modifierSpeciesReference species="species_7"/>
          <modifierSpeciesReference species="species_3"/>
          <modifierSpeciesReference species="species_6"/>
          <modifierSpeciesReference species="species_10"/>
        </listOfModifiers>
        <kineticLaw>
          <math xmlns="http://www.w3.org/1998/Math/MathML">
            <apply>
              <times/>
              <ci> compartment_1 </ci>
              <apply>
                <ci> function_4_9_1 </ci>
                <ci> k9b </ci>
                <ci> parameter_10 </ci>
                <ci> parameter_12 </ci>
                <ci> parameter_13 </ci>
                <ci> parameter_14 </ci>
                <ci> parameter_9 </ci>
                <ci> species_10 </ci>
                <ci> species_3 </ci>
                <ci> species_4 </ci>
                <ci> species_5 </ci>
                <ci> species_6 </ci>
                <ci> species_7 </ci>
                <ci> species_8 </ci>
              </apply>
            </apply>
          </math>
          <listOfParameters>
            <parameter id="k9b" name="k9b" value="0.1"/>
          </listOfParameters>
        </kineticLaw>
      </reaction>
      <reaction metaid="COPASI31" id="reaction_10" name="10" reversible="false">
        <annotation>
          <COPASI xmlns="http://www.copasi.org/static/sbml">
            <rdf:RDF xmlns:dcterms="http://purl.org/dc/terms/" xmlns:rdf="http://www.w3.org/1999/02/22-rdf-syntax-ns#">
              <rdf:Description rdf:about="#COPASI31">
                <dcterms:created>
                  <rdf:Description>
                    <dcterms:W3CDTF>2011-07-20T16:43:10Z</dcterms:W3CDTF>
                  </rdf:Description>
                </dcterms:created>
              </rdf:Description>
            </rdf:RDF>
          </COPASI>
        </annotation>
        <listOfReactants>
          <speciesReference species="species_7"/>
        </listOfReactants>
        <listOfProducts>
          <speciesReference species="species_6"/>
        </listOfProducts>
        <listOfModifiers>
          <modifierSpeciesReference species="species_5"/>
          <modifierSpeciesReference species="species_4"/>
          <modifierSpeciesReference species="species_8"/>
          <modifierSpeciesReference species="species_3"/>
          <modifierSpeciesReference species="species_6"/>
          <modifierSpeciesReference species="species_10"/>
        </listOfModifiers>
        <kineticLaw>
          <math xmlns="http://www.w3.org/1998/Math/MathML">
            <apply>
              <times/>
              <ci> compartment_1 </ci>
              <apply>
                <ci> function_4_10_1 </ci>
                <ci> k10b </ci>
                <ci> parameter_10 </ci>
                <ci> parameter_12 </ci>
                <ci> parameter_13 </ci>
                <ci> parameter_14 </ci>
                <ci> parameter_9 </ci>
                <ci> species_10 </ci>
                <ci> species_3 </ci>
                <ci> species_4 </ci>
                <ci> species_5 </ci>
                <ci> species_6 </ci>
                <ci> species_7 </ci>
                <ci> species_8 </ci>
              </apply>
            </apply>
          </math>
          <listOfParameters>
            <parameter id="k10b" name="k10b" value="0.1"/>
          </listOfParameters>
        </kineticLaw>
      </reaction>
    </listOfReactions>
    <listOfEvents>
      <event metaid="COPASI21" id="event_1" name="event_1">
        <annotation>
          <COPASI xmlns="http://www.copasi.org/static/sbml">
            <rdf:RDF xmlns:dcterms="http://purl.org/dc/terms/" xmlns:rdf="http://www.w3.org/1999/02/22-rdf-syntax-ns#">
              <rdf:Description rdf:about="#COPASI21">
                <dcterms:created>
                  <rdf:Description>
                    <dcterms:W3CDTF>2012-04-28T00:42:05Z</dcterms:W3CDTF>
                  </rdf:Description>
                </dcterms:created>
              </rdf:Description>
            </rdf:RDF>
          </COPASI>
        </annotation>
        <trigger>
          <math xmlns="http://www.w3.org/1998/Math/MathML">
            <apply>
              <gt/>
              <csymbol encoding="text" definitionURL="http://www.sbml.org/sbml/symbols/time"> time </csymbol>
              <cn> 600 </cn>
            </apply>
          </math>
        </trigger>
        <listOfEventAssignments>
          <eventAssignment variable="species_11">
            <math xmlns="http://www.w3.org/1998/Math/MathML">
              <cn> 0 </cn>
            </math>
          </eventAssignment>
        </listOfEventAssignments>
      </event>
    </listOfEvents>
  </model>
</sbml>
