{
	"FROG_date":	"24-Apr-2022",
	"FROG_version":	"1.0",
	"FROG_curators":	"Gabriela Canto-Encalada",
"FROG_software":{
	"name":	"FBC-Curation-Matlab",
	"version":	"1.0",
	"url":	"https://github.com/RamanLab/fbc_curation_matlab/",
},
"software":{
	"name":	"CobraToolbox",
	"version":	"3.0",
	"url":	"https://opencobra.github.io/cobratoolbox/stable/",
},
"solver":{
	"name":	"gurobi",
	"url":	"Null"
},
	"model.filename":	"Nitrosomonas Europaea",
	"model.md5":	"4b603e2232483ea226407cf876ebed4b",
	"environment":	"Windows_NT, Version 10.0 (Build 19043)",
}