model	objective	reaction	flux	status	minimum	maximum
VvuMBEL943_update.xml	obj	R_EX_ACxt	1000.0	optimal	1000.0	1000.0
VvuMBEL943_update.xml	obj	R_EX_ADNxt	-14.977932	optimal	-19.816269	0.0
VvuMBEL943_update.xml	obj	R_EX_AKGxt	-1000.0	optimal	-1000.0	0.0
VvuMBEL943_update.xml	obj	R_EX_ALAxt	-673.965923	optimal	-1000.0	1000.0
VvuMBEL943_update.xml	obj	R_EX_ARGxt	-20.360171	optimal	-20.360171	-20.360171
VvuMBEL943_update.xml	obj	R_EX_ASNxt	-23.223319	optimal	-1000.0	-23.223319
VvuMBEL943_update.xml	obj	R_EX_ASPxt	1000.0	optimal	-385.871235	1000.0
VvuMBEL943_update.xml	obj	R_EX_BIOMASS	96.402322	optimal	96.402322	96.402322
VvuMBEL943_update.xml	obj	R_EX_CHOLINExt	0.0	optimal	0.0	0.0
VvuMBEL943_update.xml	obj	R_EX_CITxt	416.814216	optimal	-964.44155	1000.0
VvuMBEL943_update.xml	obj	R_EX_CO2xt	365.920456	optimal	-385.871235	1000.0
VvuMBEL943_update.xml	obj	R_EX_CTxt	0.0	optimal	0.0	0.0
VvuMBEL943_update.xml	obj	R_EX_CYSxt	-6.197705	optimal	-6.197705	-6.197705
VvuMBEL943_update.xml	obj	R_EX_CYTDxt	-16.013968	optimal	-31.932691	-16.013968
VvuMBEL943_update.xml	obj	R_EX_DALAxt	0.0	optimal	-997.589942	2.410058
VvuMBEL943_update.xml	obj	R_EX_DAxt	-4.838336	optimal	-19.816269	0.0
VvuMBEL943_update.xml	obj	R_EX_DCxt	-2.579051	optimal	-15.918723	0.0
VvuMBEL943_update.xml	obj	R_EX_DGLUxt	0.0	optimal	-1000.0	0.0
VvuMBEL943_update.xml	obj	R_EX_DGxt	0.0	optimal	-42.835794	0.0
VvuMBEL943_update.xml	obj	R_EX_DTxt	0.0	optimal	-2.579051	0.0
VvuMBEL943_update.xml	obj	R_EX_DUxt	0.0	optimal	-15.918723	0.0
VvuMBEL943_update.xml	obj	R_EX_FORMATExt	0.0	optimal	0.0	1000.0
VvuMBEL943_update.xml	obj	R_EX_FRUxt	0.0	optimal	-15.056982	0.0
VvuMBEL943_update.xml	obj	R_EX_FUMxt	-441.53852	optimal	-1000.0	3.819484
VvuMBEL943_update.xml	obj	R_EX_GL3Pxt	-1000.0	optimal	-1000.0	-1000.0
VvuMBEL943_update.xml	obj	R_EX_GLCxt	-36.243321	optimal	-47.244947	0.0
VvuMBEL943_update.xml	obj	R_EX_GLNxt	-41.326519	optimal	-1000.0	-41.326519
VvuMBEL943_update.xml	obj	R_EX_GLUCxt	0.0	optimal	-47.244947	0.0
VvuMBEL943_update.xml	obj	R_EX_GLUxt	-31.464947	optimal	-1000.0	1000.0
VvuMBEL943_update.xml	obj	R_EX_GLYCOLATExt	0.812672	optimal	0.812672	0.812672
VvuMBEL943_update.xml	obj	R_EX_GLYxt	148.217891	optimal	-933.086531	1000.0
VvuMBEL943_update.xml	obj	R_EX_GLxt	907.023816	optimal	-3.819484	1000.0
VvuMBEL943_update.xml	obj	R_EX_GSNxt	-23.019525	optimal	-42.835794	0.0
VvuMBEL943_update.xml	obj	R_EX_HISxt	-10.39217	optimal	-10.39217	-10.39217
VvuMBEL943_update.xml	obj	R_EX_HSERxt	-2.410058	optimal	-2.410058	-2.410058
VvuMBEL943_update.xml	obj	R_EX_ICITxt	0.0	optimal	-1000.0	0.0
VvuMBEL943_update.xml	obj	R_EX_ILExt	-25.397192	optimal	-25.397192	894.752126
VvuMBEL943_update.xml	obj	R_EX_IMALxt	0.0	optimal	0.0	0.0
VvuMBEL943_update.xml	obj	R_EX_LEUxt	-35.68332	optimal	-35.68332	657.252298
VvuMBEL943_update.xml	obj	R_EX_LYSxt	-19.776936	optimal	-19.776936	-19.776936
VvuMBEL943_update.xml	obj	R_EX_MALxt	-558.46148	optimal	-1000.0	3.819484
VvuMBEL943_update.xml	obj	R_EX_MELIxt	0.0	optimal	0.0	0.0
VvuMBEL943_update.xml	obj	R_EX_METxt	-6.680681	optimal	-6.680681	-6.680681
VvuMBEL943_update.xml	obj	R_EX_MLTxt	0.0	optimal	0.0	0.0
VvuMBEL943_update.xml	obj	R_EX_MNTxt	-11.001626	optimal	-47.244947	0.0
VvuMBEL943_update.xml	obj	R_EX_NAGAxt	0.0	optimal	0.0	0.0
VvuMBEL943_update.xml	obj	R_EX_NH3xt	0.0	optimal	-1000.0	1000.0
VvuMBEL943_update.xml	obj	R_EX_NO2xt	0.0	optimal	0.0	0.0
VvuMBEL943_update.xml	obj	R_EX_NO3xt	0.0	optimal	0.0	0.0
VvuMBEL943_update.xml	obj	R_EX_Naxt	0.0	optimal	0.0	0.0
VvuMBEL943_update.xml	obj	R_EX_O2xt	-500.0	optimal	-1000.0	-498.090258
VvuMBEL943_update.xml	obj	R_EX_ORNxt	0.0	optimal	-1000.0	0.0
VvuMBEL943_update.xml	obj	R_EX_PHExt	-15.005021	optimal	-516.914764	-15.005021
VvuMBEL943_update.xml	obj	R_EX_PIxt	911.903605	optimal	911.903605	1000.0
VvuMBEL943_update.xml	obj	R_EX_PROxt	-20.784341	optimal	-1000.0	-20.784341
VvuMBEL943_update.xml	obj	R_EX_PTRCxt	0.0	optimal	0.0	1000.0
VvuMBEL943_update.xml	obj	R_EX_SERxt	0.0	optimal	-1000.0	1000.0
VvuMBEL943_update.xml	obj	R_EX_SLACxt	0.0	optimal	-1000.0	0.0
VvuMBEL943_update.xml	obj	R_EX_SLFxt	0.0	optimal	0.0	0.0
VvuMBEL943_update.xml	obj	R_EX_SPRMDxt	0.0	optimal	0.0	0.0
VvuMBEL943_update.xml	obj	R_EX_SUCCxt	1000.0	optimal	996.180516	1000.0
VvuMBEL943_update.xml	obj	R_EX_SUCxt	0.0	optimal	0.0	0.0
VvuMBEL943_update.xml	obj	R_EX_THIAMINxt	0.0	optimal	0.0	0.0
VvuMBEL943_update.xml	obj	R_EX_THRxt	-710.928346	optimal	-1000.0	829.216851
VvuMBEL943_update.xml	obj	R_EX_TRExt	0.0	optimal	0.0	0.0
VvuMBEL943_update.xml	obj	R_EX_TRPxt	-5.779319	optimal	-5.779319	-5.779319
VvuMBEL943_update.xml	obj	R_EX_TYRxt	-6.097447	optimal	-6.097447	495.812295
VvuMBEL943_update.xml	obj	R_EX_URAxt	0.0	optimal	0.0	0.0
VvuMBEL943_update.xml	obj	R_EX_UREAxt	0.0	optimal	0.0	0.0
VvuMBEL943_update.xml	obj	R_EX_URIxt	-13.339671	optimal	-15.918723	0.0
VvuMBEL943_update.xml	obj	R_EX_VALxt	-38.222557	optimal	-731.158175	961.777443
VvuMBEL943_update.xml	obj	R_EX_VB12xt	0.0	optimal	0.0	0.0
VvuMBEL943_update.xml	obj	R_EX_XANxt	0.0	optimal	0.0	0.0
VvuMBEL943_update.xml	obj	R_EX_a_2PGxt	0.0	optimal	-88.096395	0.0
VvuMBEL943_update.xml	obj	R_EX_a_3PGxt	0.0	optimal	-88.096395	0.0
VvuMBEL943_update.xml	obj	R_R001	0.0	optimal	0.0	0.0
VvuMBEL943_update.xml	obj	R_R002	0.0	optimal	-1000.0	1000.0
VvuMBEL943_update.xml	obj	R_R003	0.0	optimal	0.0	0.0
VvuMBEL943_update.xml	obj	R_R004	0.0	optimal	-1000.0	1000.0
VvuMBEL943_update.xml	obj	R_R005	0.0	optimal	-1000.0	1000.0
VvuMBEL943_update.xml	obj	R_R006	6.176111	optimal	6.176111	6.176111
VvuMBEL943_update.xml	obj	R_R007	0.0	optimal	0.0	15.033605
VvuMBEL943_update.xml	obj	R_R008	0.0	optimal	0.0	0.0
VvuMBEL943_update.xml	obj	R_R009	0.0	optimal	0.0	15.033605
VvuMBEL943_update.xml	obj	R_R010	984.943018	optimal	984.943018	1000.0
VvuMBEL943_update.xml	obj	R_R011	1000.0	optimal	1000.0	1000.0
VvuMBEL943_update.xml	obj	R_R012	1000.0	optimal	0.0	1000.0
VvuMBEL943_update.xml	obj	R_R013	0.0	optimal	0.0	1000.0
VvuMBEL943_update.xml	obj	R_R014	92.976184	optimal	0.0	1000.0
VvuMBEL943_update.xml	obj	R_R015	92.976184	optimal	0.0	1000.0
VvuMBEL943_update.xml	obj	R_R016	0.0	optimal	0.0	1000.0
VvuMBEL943_update.xml	obj	R_R017	0.0	optimal	0.0	1000.0
VvuMBEL943_update.xml	obj	R_R018	0.0	optimal	0.0	0.0
VvuMBEL943_update.xml	obj	R_R019	0.0	optimal	0.0	0.0
VvuMBEL943_update.xml	obj	R_R020	1000.0	optimal	1000.0	1000.0
VvuMBEL943_update.xml	obj	R_R021	-171.839743	optimal	-1000.0	994.714453
VvuMBEL943_update.xml	obj	R_R022	0.0	optimal	0.0	0.0
VvuMBEL943_update.xml	obj	R_R023	0.0	optimal	0.0	0.0
VvuMBEL943_update.xml	obj	R_R024	416.814216	optimal	0.0	1000.0
VvuMBEL943_update.xml	obj	R_R025	0.0	optimal	-1000.0	1000.0
VvuMBEL943_update.xml	obj	R_R026	0.0	optimal	0.0	1000.0
VvuMBEL943_update.xml	obj	R_R027	1000.0	optimal	1000.0	1000.0
VvuMBEL943_update.xml	obj	R_R028	1000.0	optimal	1000.0	1000.0
VvuMBEL943_update.xml	obj	R_R029	997.589942	optimal	997.589942	997.589942
VvuMBEL943_update.xml	obj	R_R030	2.200865	optimal	1.029577	991.992944
VvuMBEL943_update.xml	obj	R_R031	1.171288	optimal	0.0	990.963367
VvuMBEL943_update.xml	obj	R_R032	0.0	optimal	0.0	990.963367
VvuMBEL943_update.xml	obj	R_R033	0.0	optimal	-1000.0	1000.0
VvuMBEL943_update.xml	obj	R_R034	0.0	optimal	-1000.0	1000.0
VvuMBEL943_update.xml	obj	R_R035	30.06721	optimal	0.0	90.201629
VvuMBEL943_update.xml	obj	R_R036	0.0	optimal	0.0	90.201629
VvuMBEL943_update.xml	obj	R_R037	30.06721	optimal	0.0	90.201629
VvuMBEL943_update.xml	obj	R_R038	0.0	optimal	0.0	90.201629
VvuMBEL943_update.xml	obj	R_R039	-4.152626	optimal	-34.219836	55.981793
VvuMBEL943_update.xml	obj	R_R040	1.648094	optimal	1.648094	31.715304
VvuMBEL943_update.xml	obj	R_R041	1.171288	optimal	1.171288	1.171288
VvuMBEL943_update.xml	obj	R_R042	51.337129	optimal	-1000.0	997.799135
VvuMBEL943_update.xml	obj	R_R043	0.618517	optimal	-14.415087	30.685727
VvuMBEL943_update.xml	obj	R_R044	-4.771144	optimal	-19.804749	25.296066
VvuMBEL943_update.xml	obj	R_R045	-0.649944	optimal	-15.683549	29.417265
VvuMBEL943_update.xml	obj	R_R046	0.0	optimal	0.0	45.100814
VvuMBEL943_update.xml	obj	R_R047	0.0	optimal	0.0	0.0
VvuMBEL943_update.xml	obj	R_R048	0.0	optimal	0.0	45.100814
VvuMBEL943_update.xml	obj	R_R049	30.06721	optimal	0.0	30.06721
VvuMBEL943_update.xml	obj	R_R050	0.0	optimal	0.0	0.0
VvuMBEL943_update.xml	obj	R_R051	0.0	optimal	0.0	47.244947
VvuMBEL943_update.xml	obj	R_R052	30.06721	optimal	0.0	30.06721
VvuMBEL943_update.xml	obj	R_R053	0.0	optimal	0.0	0.0
VvuMBEL943_update.xml	obj	R_R054	0.0	optimal	0.0	0.0
VvuMBEL943_update.xml	obj	R_R055	0.0	optimal	0.0	0.0
VvuMBEL943_update.xml	obj	R_R056	0.0	optimal	0.0	0.0
VvuMBEL943_update.xml	obj	R_R057	0.0	optimal	0.0	0.0
VvuMBEL943_update.xml	obj	R_R058	0.0	optimal	0.0	0.0
VvuMBEL943_update.xml	obj	R_R059	0.0	optimal	0.0	15.033605
VvuMBEL943_update.xml	obj	R_R060	0.0	optimal	0.0	15.056982
VvuMBEL943_update.xml	obj	R_R061	0.0	optimal	0.0	0.0
VvuMBEL943_update.xml	obj	R_R062	0.0	optimal	0.0	0.0
VvuMBEL943_update.xml	obj	R_R063	0.0	optimal	0.0	0.0
VvuMBEL943_update.xml	obj	R_R064	11.001626	optimal	0.0	47.244947
VvuMBEL943_update.xml	obj	R_R065	0.0	optimal	0.0	0.0
VvuMBEL943_update.xml	obj	R_R066	0.0	optimal	0.0	0.0
VvuMBEL943_update.xml	obj	R_R067	0.0	optimal	0.0	0.0
VvuMBEL943_update.xml	obj	R_R068	0.0	optimal	-1000.0	996.233947
VvuMBEL943_update.xml	obj	R_R069	0.0	optimal	0.0	0.0
VvuMBEL943_update.xml	obj	R_R070	0.0	optimal	-996.233947	1000.0
VvuMBEL943_update.xml	obj	R_R071	3.766053	optimal	-996.233947	1000.0
VvuMBEL943_update.xml	obj	R_R072	0.0	optimal	0.0	0.0
VvuMBEL943_update.xml	obj	R_R073	0.0	optimal	0.0	0.0
VvuMBEL943_update.xml	obj	R_R074	0.0	optimal	0.0	0.0
VvuMBEL943_update.xml	obj	R_R075	0.0	optimal	0.0	0.0
VvuMBEL943_update.xml	obj	R_R076	0.0	optimal	0.0	0.0
VvuMBEL943_update.xml	obj	R_R077	0.0	optimal	0.0	0.0
VvuMBEL943_update.xml	obj	R_R078	0.0	optimal	0.0	0.0
VvuMBEL943_update.xml	obj	R_R079	0.0	optimal	0.0	0.0
VvuMBEL943_update.xml	obj	R_R080	0.0	optimal	0.0	0.0
VvuMBEL943_update.xml	obj	R_R081	0.0	optimal	0.0	0.0
VvuMBEL943_update.xml	obj	R_R082	0.0	optimal	0.0	0.0
VvuMBEL943_update.xml	obj	R_R083	0.0	optimal	0.0	0.0
VvuMBEL943_update.xml	obj	R_R084	0.0	optimal	0.0	0.0
VvuMBEL943_update.xml	obj	R_R085	0.0	optimal	0.0	0.0
VvuMBEL943_update.xml	obj	R_R086	0.0	optimal	0.0	0.0
VvuMBEL943_update.xml	obj	R_R087	0.0	optimal	0.0	0.0
VvuMBEL943_update.xml	obj	R_R088	0.0	optimal	0.0	0.0
VvuMBEL943_update.xml	obj	R_R089	2.410058	optimal	2.410058	906.548842
VvuMBEL943_update.xml	obj	R_R090	2.410058	optimal	2.410058	906.548842
VvuMBEL943_update.xml	obj	R_R091	0.0	optimal	0.0	904.138784
VvuMBEL943_update.xml	obj	R_R092	0.0	optimal	0.0	0.0
VvuMBEL943_update.xml	obj	R_R093	0.0	optimal	0.0	0.0
VvuMBEL943_update.xml	obj	R_R094	0.0	optimal	0.0	0.0
VvuMBEL943_update.xml	obj	R_R095	0.0	optimal	0.0	0.0
VvuMBEL943_update.xml	obj	R_R096	0.0	optimal	0.0	0.0
VvuMBEL943_update.xml	obj	R_R097	0.0	optimal	0.0	0.0
VvuMBEL943_update.xml	obj	R_R098	0.0	optimal	0.0	0.0
VvuMBEL943_update.xml	obj	R_R099	0.0	optimal	0.0	0.0
VvuMBEL943_update.xml	obj	R_R100	0.0	optimal	0.0	0.0
VvuMBEL943_update.xml	obj	R_R101	0.0	optimal	0.0	0.0
VvuMBEL943_update.xml	obj	R_R102	0.0	optimal	0.0	0.0
VvuMBEL943_update.xml	obj	R_R103	0.0	optimal	0.0	0.0
VvuMBEL943_update.xml	obj	R_R104	5.285547	optimal	5.285547	963.959028
VvuMBEL943_update.xml	obj	R_R105	0.0	optimal	0.0	958.673481
VvuMBEL943_update.xml	obj	R_R106	-5.285547	optimal	-5.285547	-5.285547
VvuMBEL943_update.xml	obj	R_R107	0.0	optimal	0.0	0.0
VvuMBEL943_update.xml	obj	R_R108	0.0	optimal	0.0	0.0
VvuMBEL943_update.xml	obj	R_R109	0.0	optimal	0.0	0.0
VvuMBEL943_update.xml	obj	R_R110	-5.285547	optimal	-1000.0	994.714453
VvuMBEL943_update.xml	obj	R_R111	0.0	optimal	-1000.0	994.714453
VvuMBEL943_update.xml	obj	R_R112	0.0	optimal	0.0	0.0
VvuMBEL943_update.xml	obj	R_R113	-1000.0	optimal	-1000.0	-1000.0
VvuMBEL943_update.xml	obj	R_R114	1000.0	optimal	1000.0	1000.0
VvuMBEL943_update.xml	obj	R_R115	-5.285547	optimal	-5.285547	-5.285547
VvuMBEL943_update.xml	obj	R_R116	0.0	optimal	0.0	0.0
VvuMBEL943_update.xml	obj	R_R117	5.285547	optimal	5.285547	5.285547
VvuMBEL943_update.xml	obj	R_R118	0.0	optimal	0.0	0.0
VvuMBEL943_update.xml	obj	R_R119	0.0	optimal	-994.714453	1000.0
VvuMBEL943_update.xml	obj	R_R120	2.410058	optimal	2.410058	2.410058
VvuMBEL943_update.xml	obj	R_R121	2.410058	optimal	2.410058	2.410058
VvuMBEL943_update.xml	obj	R_R122	0.0	optimal	0.0	0.0
VvuMBEL943_update.xml	obj	R_R123	0.0	optimal	0.0	0.0
VvuMBEL943_update.xml	obj	R_R124	0.0	optimal	0.0	0.0
VvuMBEL943_update.xml	obj	R_R125	0.0	optimal	0.0	0.0
VvuMBEL943_update.xml	obj	R_R126	0.0	optimal	0.0	0.0
VvuMBEL943_update.xml	obj	R_R127	0.0	optimal	0.0	0.0
VvuMBEL943_update.xml	obj	R_R128	0.0	optimal	0.0	0.0
VvuMBEL943_update.xml	obj	R_R129	833.445804	optimal	-994.714453	1000.0
VvuMBEL943_update.xml	obj	R_R130	0.0	optimal	-1000.0	994.714453
VvuMBEL943_update.xml	obj	R_R131	0.0	optimal	-1000.0	994.714453
VvuMBEL943_update.xml	obj	R_R132	833.445804	optimal	-994.714453	1000.0
VvuMBEL943_update.xml	obj	R_R133	0.0	optimal	0.0	0.0
VvuMBEL943_update.xml	obj	R_R134	0.0	optimal	0.0	0.0
VvuMBEL943_update.xml	obj	R_R135	-1000.0	optimal	-1000.0	1000.0
VvuMBEL943_update.xml	obj	R_R136	0.0	optimal	-1000.0	1000.0
VvuMBEL943_update.xml	obj	R_R137	558.46148	optimal	-1000.0	1000.0
VvuMBEL943_update.xml	obj	R_R138	0.0	optimal	0.0	1000.0
VvuMBEL943_update.xml	obj	R_R139	-908.127315	optimal	-1000.0	-74.196137
VvuMBEL943_update.xml	obj	R_R140	0.0	optimal	0.0	3.819484
VvuMBEL943_update.xml	obj	R_R141	0.0	optimal	0.0	0.0
VvuMBEL943_update.xml	obj	R_R142	0.0	optimal	0.0	0.0
VvuMBEL943_update.xml	obj	R_R143	0.0	optimal	0.0	0.0
VvuMBEL943_update.xml	obj	R_R144	0.0	optimal	0.0	0.0
VvuMBEL943_update.xml	obj	R_R145	683.31806	optimal	-1000.0	1000.0
VvuMBEL943_update.xml	obj	R_R146	0.0	optimal	0.0	3.819484
VvuMBEL943_update.xml	obj	R_R147	0.0	optimal	0.0	733.152079
VvuMBEL943_update.xml	obj	R_R148	0.0	optimal	0.0	0.0
VvuMBEL943_update.xml	obj	R_R149	0.812672	optimal	0.812672	0.812672
VvuMBEL943_update.xml	obj	R_R150	0.0	optimal	0.0	0.0
VvuMBEL943_update.xml	obj	R_R151	0.0	optimal	0.0	999.528593
VvuMBEL943_update.xml	obj	R_R152	0.0	optimal	0.0	0.0
VvuMBEL943_update.xml	obj	R_R153	0.0	optimal	-1000.0	1000.0
VvuMBEL943_update.xml	obj	R_R154	0.0	optimal	-1000.0	1000.0
VvuMBEL943_update.xml	obj	R_R155	0.0	optimal	-1000.0	1000.0
VvuMBEL943_update.xml	obj	R_R156	0.0	optimal	-1000.0	1000.0
VvuMBEL943_update.xml	obj	R_R157	1.099647	optimal	1.099647	1.099647
VvuMBEL943_update.xml	obj	R_R158	0.0	optimal	0.0	0.0
VvuMBEL943_update.xml	obj	R_R159	0.0	optimal	0.0	0.0
VvuMBEL943_update.xml	obj	R_R160	0.0	optimal	0.0	0.0
VvuMBEL943_update.xml	obj	R_R161	0.0	optimal	0.0	0.0
VvuMBEL943_update.xml	obj	R_R162	0.0	optimal	0.0	0.0
VvuMBEL943_update.xml	obj	R_R163	0.0	optimal	0.0	1000.0
VvuMBEL943_update.xml	obj	R_R164	0.0	optimal	0.0	1000.0
VvuMBEL943_update.xml	obj	R_R165	0.0	optimal	-1000.0	1000.0
VvuMBEL943_update.xml	obj	R_R166	0.0	optimal	-1000.0	1000.0
VvuMBEL943_update.xml	obj	R_R167	0.0	optimal	-1000.0	1000.0
VvuMBEL943_update.xml	obj	R_R168	0.0	optimal	0.0	0.0
VvuMBEL943_update.xml	obj	R_R169	0.0	optimal	0.0	0.0
VvuMBEL943_update.xml	obj	R_R170	0.0	optimal	0.0	0.0
VvuMBEL943_update.xml	obj	R_R171	0.0	optimal	0.0	3.819484
VvuMBEL943_update.xml	obj	R_R172	0.0	optimal	0.0	3.819484
VvuMBEL943_update.xml	obj	R_R173	0.0	optimal	0.0	3.819484
VvuMBEL943_update.xml	obj	R_R174	0.0	optimal	0.0	0.0
VvuMBEL943_update.xml	obj	R_R175	0.0	optimal	0.0	0.0
VvuMBEL943_update.xml	obj	R_R176	0.0	optimal	0.0	999.528593
VvuMBEL943_update.xml	obj	R_R177	3.819484	optimal	0.0	3.819484
VvuMBEL943_update.xml	obj	R_R178	0.0	optimal	0.0	3.819484
VvuMBEL943_update.xml	obj	R_R179	0.0	optimal	0.0	3.819484
VvuMBEL943_update.xml	obj	R_R180	10.207921	optimal	9.036633	1000.0
VvuMBEL943_update.xml	obj	R_R181	1000.0	optimal	996.180516	1000.0
VvuMBEL943_update.xml	obj	R_R182	0.0	optimal	0.0	0.0
VvuMBEL943_update.xml	obj	R_R183	1000.0	optimal	1000.0	1000.0
VvuMBEL943_update.xml	obj	R_R184	219.826063	optimal	0.0	1000.0
VvuMBEL943_update.xml	obj	R_R185	0.0	optimal	0.0	0.0
VvuMBEL943_update.xml	obj	R_R186	0.0	optimal	0.0	0.0
VvuMBEL943_update.xml	obj	R_R187	0.0	optimal	0.0	0.0
VvuMBEL943_update.xml	obj	R_R188	0.0	optimal	0.0	0.0
VvuMBEL943_update.xml	obj	R_R189	0.0	optimal	0.0	0.0
VvuMBEL943_update.xml	obj	R_R190	-441.53852	optimal	-1000.0	1000.0
VvuMBEL943_update.xml	obj	R_R191	0.0	optimal	0.0	0.0
VvuMBEL943_update.xml	obj	R_R192	0.0	optimal	0.0	0.0
VvuMBEL943_update.xml	obj	R_R193	0.0	optimal	0.0	0.0
VvuMBEL943_update.xml	obj	R_R194	0.0	optimal	0.0	0.0
VvuMBEL943_update.xml	obj	R_R195	0.0	optimal	0.0	0.0
VvuMBEL943_update.xml	obj	R_R196	0.0	optimal	0.0	0.0
VvuMBEL943_update.xml	obj	R_R197	157.630667	optimal	157.630667	157.630667
VvuMBEL943_update.xml	obj	R_R198	157.630667	optimal	157.630667	157.630667
VvuMBEL943_update.xml	obj	R_R199	22.185057	optimal	22.185057	22.185057
VvuMBEL943_update.xml	obj	R_R200	1.167635	optimal	1.167635	1.167635
VvuMBEL943_update.xml	obj	R_R201	0.0	optimal	0.0	0.0
VvuMBEL943_update.xml	obj	R_R202	0.0	optimal	0.0	0.0
VvuMBEL943_update.xml	obj	R_R203	0.0	optimal	0.0	0.0
VvuMBEL943_update.xml	obj	R_R204	1.21434	optimal	1.21434	1.21434
VvuMBEL943_update.xml	obj	R_R205	0.0	optimal	0.0	0.0
VvuMBEL943_update.xml	obj	R_R206	4.25019	optimal	4.25019	4.25019
VvuMBEL943_update.xml	obj	R_R207	1.167635	optimal	1.167635	1.167635
VvuMBEL943_update.xml	obj	R_R208	0.0	optimal	0.0	0.0
VvuMBEL943_update.xml	obj	R_R209	9.10755	optimal	9.10755	9.10755
VvuMBEL943_update.xml	obj	R_R210	5.604646	optimal	5.604646	5.604646
VvuMBEL943_update.xml	obj	R_R211	0.0	optimal	0.0	0.0
VvuMBEL943_update.xml	obj	R_R212	0.0	optimal	0.0	0.0
VvuMBEL943_update.xml	obj	R_R213	0.233527	optimal	0.233527	0.233527
VvuMBEL943_update.xml	obj	R_R214	1.774805	optimal	1.774805	1.774805
VvuMBEL943_update.xml	obj	R_R215	0.0	optimal	0.0	0.0
VvuMBEL943_update.xml	obj	R_R216	0.0	optimal	0.0	0.0
VvuMBEL943_update.xml	obj	R_R217	0.0	optimal	0.0	0.0
VvuMBEL943_update.xml	obj	R_R218	0.070707	optimal	0.070707	0.070707
VvuMBEL943_update.xml	obj	R_R219	0.247475	optimal	0.247475	0.247475
VvuMBEL943_update.xml	obj	R_R220	0.067988	optimal	0.067988	0.067988
VvuMBEL943_update.xml	obj	R_R221	0.530304	optimal	0.530304	0.530304
VvuMBEL943_update.xml	obj	R_R222	0.326341	optimal	0.326341	0.326341
VvuMBEL943_update.xml	obj	R_R223	0.013598	optimal	0.013598	0.013598
VvuMBEL943_update.xml	obj	R_R224	0.103341	optimal	0.103341	0.103341
VvuMBEL943_update.xml	obj	R_R225	11.507545	optimal	11.507545	11.507545
VvuMBEL943_update.xml	obj	R_R226	9.370306	optimal	9.370306	9.370306
VvuMBEL943_update.xml	obj	R_R227	9.370306	optimal	9.370306	9.370306
VvuMBEL943_update.xml	obj	R_R228	9.370306	optimal	9.370306	9.370306
VvuMBEL943_update.xml	obj	R_R229	9.370306	optimal	9.370306	9.370306
VvuMBEL943_update.xml	obj	R_R230	9.370306	optimal	9.370306	9.370306
VvuMBEL943_update.xml	obj	R_R231	9.370306	optimal	9.370306	9.370306
VvuMBEL943_update.xml	obj	R_R232	1.171288	optimal	1.171288	1.171288
VvuMBEL943_update.xml	obj	R_R233	1.171288	optimal	1.171288	1.171288
VvuMBEL943_update.xml	obj	R_R234	1.171288	optimal	1.171288	1.171288
VvuMBEL943_update.xml	obj	R_R235	0.0	optimal	0.0	0.0
VvuMBEL943_update.xml	obj	R_R236	1.171288	optimal	1.171288	1.171288
VvuMBEL943_update.xml	obj	R_R237	1.171288	optimal	1.171288	1.171288
VvuMBEL943_update.xml	obj	R_R238	1.171288	optimal	1.171288	1.171288
VvuMBEL943_update.xml	obj	R_R239	1.171288	optimal	1.171288	1.171288
VvuMBEL943_update.xml	obj	R_R240	1.171288	optimal	1.171288	1.171288
VvuMBEL943_update.xml	obj	R_R241	907.023816	optimal	0.0	1000.0
VvuMBEL943_update.xml	obj	R_R242	907.023816	optimal	0.0	1000.0
VvuMBEL943_update.xml	obj	R_R243	907.023816	optimal	-1000.0	1000.0
VvuMBEL943_update.xml	obj	R_R244	0.0	optimal	-1000.0	1000.0
VvuMBEL943_update.xml	obj	R_R245	0.0	optimal	0.0	3.819484
VvuMBEL943_update.xml	obj	R_R246	0.0	optimal	0.0	0.0
VvuMBEL943_update.xml	obj	R_R247	0.0	optimal	0.0	0.0
VvuMBEL943_update.xml	obj	R_R248	0.0	optimal	0.0	3.819484
VvuMBEL943_update.xml	obj	R_R249	0.0	optimal	0.0	3.819484
VvuMBEL943_update.xml	obj	R_R250	-985.972594	optimal	-1000.0	1000.0
VvuMBEL943_update.xml	obj	R_R251	0.0	optimal	-1000.0	1000.0
VvuMBEL943_update.xml	obj	R_R252	0.0	optimal	-990.963367	3.819484
VvuMBEL943_update.xml	obj	R_R253	0.0	optimal	0.0	0.0
VvuMBEL943_update.xml	obj	R_R254	11.676346	optimal	11.676346	11.676346
VvuMBEL943_update.xml	obj	R_R255	11.676346	optimal	11.676346	11.676346
VvuMBEL943_update.xml	obj	R_R256	0.0	optimal	0.0	0.0
VvuMBEL943_update.xml	obj	R_R257	0.0	optimal	0.0	0.0
VvuMBEL943_update.xml	obj	R_R258	0.0	optimal	0.0	0.0
VvuMBEL943_update.xml	obj	R_R259	11.676346	optimal	11.676346	11.676346
VvuMBEL943_update.xml	obj	R_R260	9.325286	optimal	9.325286	9.325286
VvuMBEL943_update.xml	obj	R_R261	0.0	optimal	0.0	0.0
VvuMBEL943_update.xml	obj	R_R262	9.325286	optimal	9.325286	9.325286
VvuMBEL943_update.xml	obj	R_R263	1.359755	optimal	1.359755	1.359755
VvuMBEL943_update.xml	obj	R_R264	0.0	optimal	0.0	0.0
VvuMBEL943_update.xml	obj	R_R265	2.35106	optimal	2.35106	2.35106
VvuMBEL943_update.xml	obj	R_R266	2.35106	optimal	2.35106	2.35106
VvuMBEL943_update.xml	obj	R_R267	0.0	optimal	0.0	0.0
VvuMBEL943_update.xml	obj	R_R268	53.537994	optimal	-997.799135	1000.0
VvuMBEL943_update.xml	obj	R_R269	0.0	optimal	0.0	0.0
VvuMBEL943_update.xml	obj	R_R270	0.0	optimal	0.0	0.0
VvuMBEL943_update.xml	obj	R_R271	0.0	optimal	0.0	0.0
VvuMBEL943_update.xml	obj	R_R272	0.0	optimal	0.0	0.0
VvuMBEL943_update.xml	obj	R_R273	0.0	optimal	0.0	0.0
VvuMBEL943_update.xml	obj	R_R274	0.0	optimal	0.0	0.0
VvuMBEL943_update.xml	obj	R_R275	0.0	optimal	0.0	0.0
VvuMBEL943_update.xml	obj	R_R276	0.0	optimal	0.0	0.0
VvuMBEL943_update.xml	obj	R_R277	0.0	optimal	0.0	0.0
VvuMBEL943_update.xml	obj	R_R278	0.0	optimal	0.0	0.0
VvuMBEL943_update.xml	obj	R_R279	0.0	optimal	0.0	0.0
VvuMBEL943_update.xml	obj	R_R280	0.0	optimal	0.0	0.0
VvuMBEL943_update.xml	obj	R_R281	0.0	optimal	0.0	0.0
VvuMBEL943_update.xml	obj	R_R282	0.0	optimal	0.0	0.0
VvuMBEL943_update.xml	obj	R_R283	0.0	optimal	0.0	19.816269
VvuMBEL943_update.xml	obj	R_R284	0.0	optimal	0.0	0.0
VvuMBEL943_update.xml	obj	R_R285	0.0	optimal	0.0	0.0
VvuMBEL943_update.xml	obj	R_R286	0.0	optimal	-1000.0	0.0
VvuMBEL943_update.xml	obj	R_R287	0.0	optimal	-1000.0	1000.0
VvuMBEL943_update.xml	obj	R_R288	0.0	optimal	0.0	1000.0
VvuMBEL943_update.xml	obj	R_R289	0.0	optimal	-1000.0	0.0
VvuMBEL943_update.xml	obj	R_R290	0.0	optimal	0.0	0.0
VvuMBEL943_update.xml	obj	R_R291	0.0	optimal	0.0	0.0
VvuMBEL943_update.xml	obj	R_R292	0.0	optimal	0.0	0.0
VvuMBEL943_update.xml	obj	R_R293	0.0	optimal	0.0	0.0
VvuMBEL943_update.xml	obj	R_R294	-2.579051	optimal	-2.579051	-2.579051
VvuMBEL943_update.xml	obj	R_R295	-2.259285	optimal	-2.259285	-2.259285
VvuMBEL943_update.xml	obj	R_R296	0.0	optimal	0.0	1000.0
VvuMBEL943_update.xml	obj	R_R297	-18.59302	optimal	-1000.0	997.420949
VvuMBEL943_update.xml	obj	R_R298	-20.76024	optimal	-1000.0	979.23976
VvuMBEL943_update.xml	obj	R_R299	0.0	optimal	0.0	1000.0
VvuMBEL943_update.xml	obj	R_R300	0.0	optimal	0.0	0.0
VvuMBEL943_update.xml	obj	R_R301	0.0	optimal	0.0	0.0
VvuMBEL943_update.xml	obj	R_R302	2.259285	optimal	2.259285	2.259285
VvuMBEL943_update.xml	obj	R_R303	0.0	optimal	0.0	1000.0
VvuMBEL943_update.xml	obj	R_R304	0.0	optimal	0.0	0.0
VvuMBEL943_update.xml	obj	R_R305	0.0	optimal	0.0	0.0
VvuMBEL943_update.xml	obj	R_R306	18.408505	optimal	0.0	1000.0
VvuMBEL943_update.xml	obj	R_R307	20.76024	optimal	0.0	1000.0
VvuMBEL943_update.xml	obj	R_R308	0.0	optimal	0.0	1000.0
VvuMBEL943_update.xml	obj	R_R309	0.0	optimal	0.0	1000.0
VvuMBEL943_update.xml	obj	R_R310	0.0	optimal	-18.408505	981.591495
VvuMBEL943_update.xml	obj	R_R311	0.0	optimal	-1000.0	0.0
VvuMBEL943_update.xml	obj	R_R312	2.259285	optimal	-2.579051	1000.0
VvuMBEL943_update.xml	obj	R_R313	-2.259285	optimal	-2.259285	40.576509
VvuMBEL943_update.xml	obj	R_R314	0.0	optimal	-1000.0	0.0
VvuMBEL943_update.xml	obj	R_R315	-14.977932	optimal	-19.816269	982.762783
VvuMBEL943_update.xml	obj	R_R316	-23.019525	optimal	-1000.0	1000.0
VvuMBEL943_update.xml	obj	R_R317	0.0	optimal	0.0	0.0
VvuMBEL943_update.xml	obj	R_R318	0.0	optimal	0.0	0.0
VvuMBEL943_update.xml	obj	R_R319	0.0	optimal	0.0	0.0
VvuMBEL943_update.xml	obj	R_R320	0.0	optimal	0.0	0.0
VvuMBEL943_update.xml	obj	R_R321	-95.861216	optimal	-1000.0	-95.861216
VvuMBEL943_update.xml	obj	R_R322	0.0	optimal	0.0	0.0
VvuMBEL943_update.xml	obj	R_R323	0.0	optimal	-997.420949	1000.0
VvuMBEL943_update.xml	obj	R_R324	20.76024	optimal	20.76024	20.76024
VvuMBEL943_update.xml	obj	R_R325	0.0	optimal	-979.23976	1000.0
VvuMBEL943_update.xml	obj	R_R326	0.0	optimal	0.0	0.0
VvuMBEL943_update.xml	obj	R_R327	2.259285	optimal	-997.740715	1000.0
VvuMBEL943_update.xml	obj	R_R328	0.0	optimal	0.0	0.0
VvuMBEL943_update.xml	obj	R_R329	0.0	optimal	0.0	0.0
VvuMBEL943_update.xml	obj	R_R330	0.0	optimal	0.0	0.0
VvuMBEL943_update.xml	obj	R_R331	2.579051	optimal	2.579051	2.579051
VvuMBEL943_update.xml	obj	R_R332	0.0	optimal	-1000.0	1000.0
VvuMBEL943_update.xml	obj	R_R333	0.0	optimal	0.0	1000.0
VvuMBEL943_update.xml	obj	R_R334	0.0	optimal	0.0	0.0
VvuMBEL943_update.xml	obj	R_R335	0.0	optimal	0.0	0.0
VvuMBEL943_update.xml	obj	R_R336	0.0	optimal	0.0	0.0
VvuMBEL943_update.xml	obj	R_R337	0.0	optimal	0.0	0.0
VvuMBEL943_update.xml	obj	R_R338	0.0	optimal	-1000.0	1000.0
VvuMBEL943_update.xml	obj	R_R339	0.0	optimal	-1000.0	1000.0
VvuMBEL943_update.xml	obj	R_R340	0.0	optimal	0.0	0.0
VvuMBEL943_update.xml	obj	R_R341	0.0	optimal	0.0	0.0
VvuMBEL943_update.xml	obj	R_R342	15.749729	optimal	15.749729	18.328781
VvuMBEL943_update.xml	obj	R_R343	17.105725	optimal	17.105725	1000.0
VvuMBEL943_update.xml	obj	R_R344	0.0	optimal	0.0	0.0
VvuMBEL943_update.xml	obj	R_R345	0.0	optimal	0.0	0.0
VvuMBEL943_update.xml	obj	R_R346	35.272742	optimal	35.272742	40.111078
VvuMBEL943_update.xml	obj	R_R347	2.259285	optimal	0.0	4.838336
VvuMBEL943_update.xml	obj	R_R348	2.259285	optimal	-2.579051	1000.0
VvuMBEL943_update.xml	obj	R_R349	0.0	optimal	0.0	2.579051
VvuMBEL943_update.xml	obj	R_R350	2.579051	optimal	2.579051	2.579051
VvuMBEL943_update.xml	obj	R_R351	2.579051	optimal	2.579051	1000.0
VvuMBEL943_update.xml	obj	R_R352	37.532027	optimal	37.532027	40.111078
VvuMBEL943_update.xml	obj	R_R353	2.259285	optimal	2.259285	4.838336
VvuMBEL943_update.xml	obj	R_R354	0.0	optimal	-2.579051	0.0
VvuMBEL943_update.xml	obj	R_R355	2.579051	optimal	0.0	2.579051
VvuMBEL943_update.xml	obj	R_R356	13.339671	optimal	-1000.0	15.918723
VvuMBEL943_update.xml	obj	R_R357	0.0	optimal	0.0	0.0
VvuMBEL943_update.xml	obj	R_R358	2.579051	optimal	0.0	1000.0
VvuMBEL943_update.xml	obj	R_R359	0.0	optimal	0.0	15.918723
VvuMBEL943_update.xml	obj	R_R360	0.0	optimal	0.0	0.0
VvuMBEL943_update.xml	obj	R_R361	0.0	optimal	-2.579051	1000.0
VvuMBEL943_update.xml	obj	R_R362	0.0	optimal	0.0	2.579051
VvuMBEL943_update.xml	obj	R_R363	0.0	optimal	0.0	2.579051
VvuMBEL943_update.xml	obj	R_R364	0.0	optimal	0.0	4.838336
VvuMBEL943_update.xml	obj	R_R365	0.0	optimal	-2.579051	0.0
VvuMBEL943_update.xml	obj	R_R366	0.0	optimal	0.0	18.59302
VvuMBEL943_update.xml	obj	R_R367	0.0	optimal	0.0	1000.0
VvuMBEL943_update.xml	obj	R_R368	16.013968	optimal	0.0	18.59302
VvuMBEL943_update.xml	obj	R_R369	0.0	optimal	0.0	1000.0
VvuMBEL943_update.xml	obj	R_R370	0.0	optimal	0.0	18.59302
VvuMBEL943_update.xml	obj	R_R371	0.0	optimal	0.0	1000.0
VvuMBEL943_update.xml	obj	R_R372	0.0	optimal	0.0	18.59302
VvuMBEL943_update.xml	obj	R_R373	0.0	optimal	0.0	1000.0
VvuMBEL943_update.xml	obj	R_R374	0.0	optimal	0.0	18.59302
VvuMBEL943_update.xml	obj	R_R375	0.0	optimal	0.0	997.420949
VvuMBEL943_update.xml	obj	R_R376	0.0	optimal	0.0	18.59302
VvuMBEL943_update.xml	obj	R_R377	0.0	optimal	0.0	1000.0
VvuMBEL943_update.xml	obj	R_R378	0.0	optimal	0.0	18.59302
VvuMBEL943_update.xml	obj	R_R379	0.0	optimal	0.0	1000.0
VvuMBEL943_update.xml	obj	R_R380	0.0	optimal	0.0	18.59302
VvuMBEL943_update.xml	obj	R_R381	0.0	optimal	0.0	1000.0
VvuMBEL943_update.xml	obj	R_R382	0.0	optimal	0.0	18.59302
VvuMBEL943_update.xml	obj	R_R383	0.0	optimal	0.0	982.894275
VvuMBEL943_update.xml	obj	R_R384	0.0	optimal	0.0	0.0
VvuMBEL943_update.xml	obj	R_R385	0.0	optimal	0.0	0.0
VvuMBEL943_update.xml	obj	R_R386	0.0	optimal	0.0	0.0
VvuMBEL943_update.xml	obj	R_R387	0.0	optimal	0.0	0.0
VvuMBEL943_update.xml	obj	R_R388	0.0	optimal	0.0	0.0
VvuMBEL943_update.xml	obj	R_R389	0.0	optimal	0.0	0.0
VvuMBEL943_update.xml	obj	R_R390	0.0	optimal	0.0	0.0
VvuMBEL943_update.xml	obj	R_R391	0.0	optimal	0.0	0.0
VvuMBEL943_update.xml	obj	R_R392	2.579051	optimal	0.0	15.918723
VvuMBEL943_update.xml	obj	R_R393	0.0	optimal	0.0	15.918723
VvuMBEL943_update.xml	obj	R_R394	0.0	optimal	0.0	2.579051
VvuMBEL943_update.xml	obj	R_R395	13.339671	optimal	-1000.0	15.918723
VvuMBEL943_update.xml	obj	R_R396	0.0	optimal	0.0	0.0
VvuMBEL943_update.xml	obj	R_R397	0.0	optimal	0.0	958.673481
VvuMBEL943_update.xml	obj	R_R398	0.0	optimal	0.0	3.819484
VvuMBEL943_update.xml	obj	R_R399	0.0	optimal	0.0	0.0
VvuMBEL943_update.xml	obj	R_R400	0.0	optimal	0.0	0.0
VvuMBEL943_update.xml	obj	R_R401	0.0	optimal	0.0	0.0
VvuMBEL943_update.xml	obj	R_R402	0.0	optimal	0.0	0.0
VvuMBEL943_update.xml	obj	R_R403	0.0	optimal	0.0	0.0
VvuMBEL943_update.xml	obj	R_R404	0.0	optimal	-1000.0	1000.0
VvuMBEL943_update.xml	obj	R_R405	0.0	optimal	-1000.0	1000.0
VvuMBEL943_update.xml	obj	R_R406	583.185784	optimal	-1000.0	1000.0
VvuMBEL943_update.xml	obj	R_R407	0.0	optimal	0.0	0.0
VvuMBEL943_update.xml	obj	R_R408	0.0	optimal	0.0	0.0
VvuMBEL943_update.xml	obj	R_R409	0.0	optimal	0.0	0.0
VvuMBEL943_update.xml	obj	R_R410	0.0	optimal	0.0	0.0
VvuMBEL943_update.xml	obj	R_R411	0.0	optimal	0.0	976.776681
VvuMBEL943_update.xml	obj	R_R412	-586.090386	optimal	-1000.0	1000.0
VvuMBEL943_update.xml	obj	R_R413	0.471407	optimal	0.471407	1000.0
VvuMBEL943_update.xml	obj	R_R414	0.0	optimal	0.0	0.0
VvuMBEL943_update.xml	obj	R_R415	0.0	optimal	0.0	0.0
VvuMBEL943_update.xml	obj	R_R416	0.0	optimal	0.0	0.0
VvuMBEL943_update.xml	obj	R_R417	0.0	optimal	-1000.0	997.589942
VvuMBEL943_update.xml	obj	R_R418	-2.410058	optimal	-1000.0	997.589942
VvuMBEL943_update.xml	obj	R_R419	0.0	optimal	0.0	0.0
VvuMBEL943_update.xml	obj	R_R420	0.0	optimal	0.0	0.0
VvuMBEL943_update.xml	obj	R_R421	0.0	optimal	0.0	0.0
VvuMBEL943_update.xml	obj	R_R422	0.0	optimal	0.0	0.0
VvuMBEL943_update.xml	obj	R_R423	0.0	optimal	0.0	0.0
VvuMBEL943_update.xml	obj	R_R424	-689.748622	optimal	-1000.0	899.420596
VvuMBEL943_update.xml	obj	R_R425	683.31806	optimal	-1000.0	972.389714
VvuMBEL943_update.xml	obj	R_R426	0.0	optimal	0.0	0.0
VvuMBEL943_update.xml	obj	R_R427	0.0	optimal	-1000.0	0.0
VvuMBEL943_update.xml	obj	R_R428	0.0	optimal	0.0	1000.0
VvuMBEL943_update.xml	obj	R_R429	0.0	optimal	0.0	1000.0
VvuMBEL943_update.xml	obj	R_R430	0.0	optimal	0.0	1000.0
VvuMBEL943_update.xml	obj	R_R431	0.0	optimal	0.0	1000.0
VvuMBEL943_update.xml	obj	R_R432	658.843676	optimal	0.0	1000.0
VvuMBEL943_update.xml	obj	R_R433	0.0	optimal	-1000.0	1000.0
VvuMBEL943_update.xml	obj	R_R434	1.099647	optimal	1.099647	921.248964
VvuMBEL943_update.xml	obj	R_R435	0.0	optimal	0.0	0.0
VvuMBEL943_update.xml	obj	R_R436	0.0	optimal	0.0	0.0
VvuMBEL943_update.xml	obj	R_R437	0.0	optimal	0.0	0.0
VvuMBEL943_update.xml	obj	R_R438	0.0	optimal	0.0	0.0
VvuMBEL943_update.xml	obj	R_R439	0.0	optimal	0.0	0.0
VvuMBEL943_update.xml	obj	R_R440	0.0	optimal	0.0	0.0
VvuMBEL943_update.xml	obj	R_R441	0.0	optimal	0.0	0.0
VvuMBEL943_update.xml	obj	R_R442	0.0	optimal	0.0	0.0
VvuMBEL943_update.xml	obj	R_R443	0.0	optimal	0.0	0.0
VvuMBEL943_update.xml	obj	R_R444	0.0	optimal	0.0	0.0
VvuMBEL943_update.xml	obj	R_R445	0.0	optimal	0.0	0.0
VvuMBEL943_update.xml	obj	R_R446	0.0	optimal	0.0	0.0
VvuMBEL943_update.xml	obj	R_R447	0.0	optimal	0.0	0.0
VvuMBEL943_update.xml	obj	R_R448	0.0	optimal	0.0	0.0
VvuMBEL943_update.xml	obj	R_R449	0.0	optimal	0.0	0.0
VvuMBEL943_update.xml	obj	R_R450	0.0	optimal	0.0	0.0
VvuMBEL943_update.xml	obj	R_R451	1.171288	optimal	1.171288	1.171288
VvuMBEL943_update.xml	obj	R_R452	0.0	optimal	0.0	0.0
VvuMBEL943_update.xml	obj	R_R453	1.171288	optimal	1.171288	1.171288
VvuMBEL943_update.xml	obj	R_R454	0.0	optimal	0.0	0.0
VvuMBEL943_update.xml	obj	R_R455	0.0	optimal	0.0	0.0
VvuMBEL943_update.xml	obj	R_R456	1.171288	optimal	1.171288	1.171288
VvuMBEL943_update.xml	obj	R_R457	1.171288	optimal	1.171288	1.171288
VvuMBEL943_update.xml	obj	R_R458	0.0	optimal	0.0	0.0
VvuMBEL943_update.xml	obj	R_R459	0.0	optimal	0.0	0.0
VvuMBEL943_update.xml	obj	R_R460	0.0	optimal	0.0	0.0
VvuMBEL943_update.xml	obj	R_R461	0.0	optimal	0.0	0.0
VvuMBEL943_update.xml	obj	R_R462	0.0	optimal	0.0	0.0
VvuMBEL943_update.xml	obj	R_R463	0.0	optimal	0.0	0.0
VvuMBEL943_update.xml	obj	R_R464	0.0	optimal	0.0	0.0
VvuMBEL943_update.xml	obj	R_R465	0.0	optimal	0.0	0.0
VvuMBEL943_update.xml	obj	R_R466	0.0	optimal	0.0	0.0
VvuMBEL943_update.xml	obj	R_R467	0.0	optimal	0.0	0.0
VvuMBEL943_update.xml	obj	R_R468	0.0	optimal	0.0	0.0
VvuMBEL943_update.xml	obj	R_R469	0.0	optimal	0.0	0.0
VvuMBEL943_update.xml	obj	R_R470	0.0	optimal	0.0	0.0
VvuMBEL943_update.xml	obj	R_R471	0.0	optimal	0.0	0.0
VvuMBEL943_update.xml	obj	R_R472	0.0	optimal	0.0	0.0
VvuMBEL943_update.xml	obj	R_R473	0.0	optimal	0.0	0.0
VvuMBEL943_update.xml	obj	R_R474	0.0	optimal	0.0	0.0
VvuMBEL943_update.xml	obj	R_R475	0.0	optimal	0.0	0.0
VvuMBEL943_update.xml	obj	R_R476	0.0	optimal	0.0	0.0
VvuMBEL943_update.xml	obj	R_R477	0.0	optimal	0.0	0.0
VvuMBEL943_update.xml	obj	R_R478	0.0	optimal	0.0	0.0
VvuMBEL943_update.xml	obj	R_R479	0.0	optimal	0.0	0.0
VvuMBEL943_update.xml	obj	R_R480	0.0	optimal	0.0	0.0
VvuMBEL943_update.xml	obj	R_R481	0.0	optimal	0.0	0.0
VvuMBEL943_update.xml	obj	R_R482	0.0	optimal	0.0	0.0
VvuMBEL943_update.xml	obj	R_R483	0.0	optimal	0.0	0.0
VvuMBEL943_update.xml	obj	R_R484	0.0	optimal	0.0	1000.0
VvuMBEL943_update.xml	obj	R_R485	0.0	optimal	0.0	1000.0
VvuMBEL943_update.xml	obj	R_R486	-0.471407	optimal	-1000.0	999.528593
VvuMBEL943_update.xml	obj	R_R487	0.0	optimal	0.0	1000.0
VvuMBEL943_update.xml	obj	R_R488	0.0	optimal	0.0	920.149318
VvuMBEL943_update.xml	obj	R_R489	0.0	optimal	0.0	920.149318
VvuMBEL943_update.xml	obj	R_R490	0.0	optimal	0.0	920.149318
VvuMBEL943_update.xml	obj	R_R491	0.0	optimal	0.0	920.149318
VvuMBEL943_update.xml	obj	R_R492	0.0	optimal	0.0	692.935618
VvuMBEL943_update.xml	obj	R_R493	0.0	optimal	0.0	692.935618
VvuMBEL943_update.xml	obj	R_R494	0.0	optimal	0.0	692.935618
VvuMBEL943_update.xml	obj	R_R495	0.0	optimal	0.0	692.935618
VvuMBEL943_update.xml	obj	R_R496	0.0	optimal	0.0	692.935618
VvuMBEL943_update.xml	obj	R_R497	0.0	optimal	0.0	0.0
VvuMBEL943_update.xml	obj	R_R498	0.0	optimal	0.0	0.0
VvuMBEL943_update.xml	obj	R_R499	0.0	optimal	0.0	0.0
VvuMBEL943_update.xml	obj	R_R500	2.410058	optimal	2.410058	2.410058
VvuMBEL943_update.xml	obj	R_R501	0.0	optimal	0.0	2.410058
VvuMBEL943_update.xml	obj	R_R502	2.410058	optimal	0.0	2.410058
VvuMBEL943_update.xml	obj	R_R503	2.410058	optimal	2.410058	2.410058
VvuMBEL943_update.xml	obj	R_R504	2.410058	optimal	2.410058	2.410058
VvuMBEL943_update.xml	obj	R_R505	2.410058	optimal	2.410058	2.410058
VvuMBEL943_update.xml	obj	R_R506	2.410058	optimal	2.410058	2.410058
VvuMBEL943_update.xml	obj	R_R507	0.0	optimal	0.0	0.0
VvuMBEL943_update.xml	obj	R_R508	0.0	optimal	0.0	0.0
VvuMBEL943_update.xml	obj	R_R509	0.0	optimal	0.0	0.0
VvuMBEL943_update.xml	obj	R_R510	0.0	optimal	0.0	0.0
VvuMBEL943_update.xml	obj	R_R511	0.0	optimal	0.0	0.0
VvuMBEL943_update.xml	obj	R_R512	0.0	optimal	0.0	0.0
VvuMBEL943_update.xml	obj	R_R513	0.0	optimal	0.0	0.0
VvuMBEL943_update.xml	obj	R_R514	0.0	optimal	0.0	1000.0
VvuMBEL943_update.xml	obj	R_R515	0.0	optimal	0.0	0.0
VvuMBEL943_update.xml	obj	R_R516	0.0	optimal	0.0	0.0
VvuMBEL943_update.xml	obj	R_R517	0.0	optimal	0.0	0.0
VvuMBEL943_update.xml	obj	R_R518	0.0	optimal	0.0	0.0
VvuMBEL943_update.xml	obj	R_R519	0.0	optimal	0.0	979.215659
VvuMBEL943_update.xml	obj	R_R520	0.0	optimal	0.0	979.215659
VvuMBEL943_update.xml	obj	R_R521	0.0	optimal	0.0	979.215659
VvuMBEL943_update.xml	obj	R_R522	0.0	optimal	0.0	3.819484
VvuMBEL943_update.xml	obj	R_R523	0.0	optimal	0.0	0.0
VvuMBEL943_update.xml	obj	R_R524	0.0	optimal	0.0	3.819484
VvuMBEL943_update.xml	obj	R_R525	0.0	optimal	0.0	3.819484
VvuMBEL943_update.xml	obj	R_R526	0.0	optimal	0.0	3.819484
VvuMBEL943_update.xml	obj	R_R527	0.0	optimal	0.0	0.0
VvuMBEL943_update.xml	obj	R_R528	0.0	optimal	0.0	0.0
VvuMBEL943_update.xml	obj	R_R529	0.0	optimal	0.0	0.0
VvuMBEL943_update.xml	obj	R_R530	0.0	optimal	0.0	0.0
VvuMBEL943_update.xml	obj	R_R531	0.0	optimal	-1000.0	0.0
VvuMBEL943_update.xml	obj	R_R532	0.0	optimal	0.0	0.0
VvuMBEL943_update.xml	obj	R_R533	0.0	optimal	0.0	0.0
VvuMBEL943_update.xml	obj	R_R534	0.0	optimal	0.0	0.0
VvuMBEL943_update.xml	obj	R_R535	0.0	optimal	0.0	0.0
VvuMBEL943_update.xml	obj	R_R536	0.0	optimal	0.0	0.0
VvuMBEL943_update.xml	obj	R_R537	0.0	optimal	0.0	1000.0
VvuMBEL943_update.xml	obj	R_R538	0.0	optimal	0.0	0.0
VvuMBEL943_update.xml	obj	R_R539	0.0	optimal	0.0	0.0
VvuMBEL943_update.xml	obj	R_R540	0.0	optimal	0.0	0.0
VvuMBEL943_update.xml	obj	R_R541	0.0	optimal	0.0	0.0
VvuMBEL943_update.xml	obj	R_R542	0.0	optimal	0.0	0.0
VvuMBEL943_update.xml	obj	R_R543	0.0	optimal	0.0	0.0
VvuMBEL943_update.xml	obj	R_R544	0.0	optimal	0.0	0.0
VvuMBEL943_update.xml	obj	R_R545	0.0	optimal	0.0	0.0
VvuMBEL943_update.xml	obj	R_R546	0.0	optimal	0.0	0.0
VvuMBEL943_update.xml	obj	R_R547	0.0	optimal	0.0	0.0
VvuMBEL943_update.xml	obj	R_R548	0.0	optimal	0.0	0.0
VvuMBEL943_update.xml	obj	R_R549	0.0	optimal	0.0	0.0
VvuMBEL943_update.xml	obj	R_R550	0.0	optimal	0.0	0.0
VvuMBEL943_update.xml	obj	R_R551	0.0	optimal	0.0	0.0
VvuMBEL943_update.xml	obj	R_R552	0.0	optimal	0.0	0.0
VvuMBEL943_update.xml	obj	R_R553	0.0	optimal	0.0	0.0
VvuMBEL943_update.xml	obj	R_R554	0.0	optimal	0.0	0.0
VvuMBEL943_update.xml	obj	R_R555	0.0	optimal	0.0	1000.0
VvuMBEL943_update.xml	obj	R_R556	0.0	optimal	0.0	0.0
VvuMBEL943_update.xml	obj	R_R557	0.0	optimal	0.0	0.0
VvuMBEL943_update.xml	obj	R_R558	0.0	optimal	0.0	0.0
VvuMBEL943_update.xml	obj	R_R559	0.0	optimal	0.0	0.0
VvuMBEL943_update.xml	obj	R_R560	0.0	optimal	0.0	0.0
VvuMBEL943_update.xml	obj	R_R561	0.0	optimal	0.0	0.0
VvuMBEL943_update.xml	obj	R_R562	0.0	optimal	0.0	1000.0
VvuMBEL943_update.xml	obj	R_R563	0.0	optimal	0.0	0.0
VvuMBEL943_update.xml	obj	R_R564	0.0	optimal	0.0	0.0
VvuMBEL943_update.xml	obj	R_R565	0.0	optimal	0.0	0.0
VvuMBEL943_update.xml	obj	R_R566	0.0	optimal	0.0	0.0
VvuMBEL943_update.xml	obj	R_R567	0.0	optimal	0.0	0.0
VvuMBEL943_update.xml	obj	R_R568	1.98396	optimal	1.98396	1.98396
VvuMBEL943_update.xml	obj	R_R569	1.98396	optimal	1.98396	1.98396
VvuMBEL943_update.xml	obj	R_R570	1.98396	optimal	1.98396	1.98396
VvuMBEL943_update.xml	obj	R_R571	0.0	optimal	0.0	0.0
VvuMBEL943_update.xml	obj	R_R572	1.98396	optimal	1.98396	1.98396
VvuMBEL943_update.xml	obj	R_R573	1.98396	optimal	1.98396	1.98396
VvuMBEL943_update.xml	obj	R_R574	1.98396	optimal	1.98396	1.98396
VvuMBEL943_update.xml	obj	R_R575	1.98396	optimal	1.98396	1.98396
VvuMBEL943_update.xml	obj	R_R576	0.0	optimal	0.0	0.0
VvuMBEL943_update.xml	obj	R_R577	0.0	optimal	0.0	0.0
VvuMBEL943_update.xml	obj	R_R578	0.0	optimal	0.0	0.0
VvuMBEL943_update.xml	obj	R_R579	0.0	optimal	0.0	0.0
VvuMBEL943_update.xml	obj	R_R580	0.0	optimal	0.0	0.0
VvuMBEL943_update.xml	obj	R_R581	0.0	optimal	0.0	1000.0
VvuMBEL943_update.xml	obj	R_R582	0.0	optimal	0.0	1000.0
VvuMBEL943_update.xml	obj	R_R583	0.0	optimal	0.0	1000.0
VvuMBEL943_update.xml	obj	R_R584	0.0	optimal	0.0	0.0
VvuMBEL943_update.xml	obj	R_R585	0.0	optimal	0.0	0.0
VvuMBEL943_update.xml	obj	R_R586	0.0	optimal	0.0	0.0
VvuMBEL943_update.xml	obj	R_R587	0.0	optimal	0.0	0.0
VvuMBEL943_update.xml	obj	R_R588	0.0	optimal	0.0	1000.0
VvuMBEL943_update.xml	obj	R_R589	0.0	optimal	0.0	0.0
VvuMBEL943_update.xml	obj	R_R590	0.0	optimal	0.0	0.0
VvuMBEL943_update.xml	obj	R_R591	0.0	optimal	0.0	501.909742
VvuMBEL943_update.xml	obj	R_R592	0.0	optimal	0.0	0.0
VvuMBEL943_update.xml	obj	R_R593	0.0	optimal	0.0	0.0
VvuMBEL943_update.xml	obj	R_R594	0.0	optimal	-979.215659	0.0
VvuMBEL943_update.xml	obj	R_R595	0.0	optimal	-1000.0	1000.0
VvuMBEL943_update.xml	obj	R_R596	0.0	optimal	-1000.0	1000.0
VvuMBEL943_update.xml	obj	R_R597	0.0	optimal	0.0	0.0
VvuMBEL943_update.xml	obj	R_R598	0.0	optimal	0.0	0.0
VvuMBEL943_update.xml	obj	R_R599	0.0	optimal	0.0	0.0
VvuMBEL943_update.xml	obj	R_R600	0.0	optimal	0.0	0.0
VvuMBEL943_update.xml	obj	R_R601	0.0	optimal	0.0	0.0
VvuMBEL943_update.xml	obj	R_R602	0.0	optimal	0.0	0.0
VvuMBEL943_update.xml	obj	R_R603	0.0	optimal	0.0	0.0
VvuMBEL943_update.xml	obj	R_R604	0.0	optimal	0.0	0.0
VvuMBEL943_update.xml	obj	R_R605	0.0	optimal	0.0	0.0
VvuMBEL943_update.xml	obj	R_R606	0.0	optimal	0.0	0.0
VvuMBEL943_update.xml	obj	R_R607	0.0	optimal	0.0	0.0
VvuMBEL943_update.xml	obj	R_R608	0.0	optimal	0.0	0.0
VvuMBEL943_update.xml	obj	R_R609	0.0	optimal	0.0	0.0
VvuMBEL943_update.xml	obj	R_R610	0.0	optimal	0.0	1000.0
VvuMBEL943_update.xml	obj	R_R611	0.0	optimal	0.0	0.0
VvuMBEL943_update.xml	obj	R_R612	0.0	optimal	0.0	0.0
VvuMBEL943_update.xml	obj	R_R613	0.0	optimal	0.0	0.0
VvuMBEL943_update.xml	obj	R_R614	0.0	optimal	0.0	0.0
VvuMBEL943_update.xml	obj	R_R615	0.0	optimal	0.0	0.0
VvuMBEL943_update.xml	obj	R_R616	0.0	optimal	0.0	0.0
VvuMBEL943_update.xml	obj	R_R617	0.0	optimal	0.0	0.0
VvuMBEL943_update.xml	obj	R_R618	0.0	optimal	0.0	0.0
VvuMBEL943_update.xml	obj	R_R619	0.0	optimal	0.0	0.0
VvuMBEL943_update.xml	obj	R_R620	0.0	optimal	0.0	0.0
VvuMBEL943_update.xml	obj	R_R621	0.0	optimal	0.0	0.0
VvuMBEL943_update.xml	obj	R_R622	0.0	optimal	0.0	0.0
VvuMBEL943_update.xml	obj	R_R623	0.0	optimal	0.0	0.0
VvuMBEL943_update.xml	obj	R_R624	0.0	optimal	0.0	958.673481
VvuMBEL943_update.xml	obj	R_R625	0.0	optimal	0.0	0.0
VvuMBEL943_update.xml	obj	R_R626	-2.410058	optimal	-2.410058	997.589942
VvuMBEL943_update.xml	obj	R_R627	4.820116	optimal	-992.769826	7.230174
VvuMBEL943_update.xml	obj	R_R628	2.410058	optimal	2.410058	2.410058
VvuMBEL943_update.xml	obj	R_R629	0.0	optimal	0.0	0.0
VvuMBEL943_update.xml	obj	R_R630	0.0	optimal	0.0	0.0
VvuMBEL943_update.xml	obj	R_R631	0.0	optimal	0.0	0.0
VvuMBEL943_update.xml	obj	R_R632	0.0	optimal	0.0	0.0
VvuMBEL943_update.xml	obj	R_R633	0.0	optimal	0.0	0.0
VvuMBEL943_update.xml	obj	R_R634	0.0	optimal	0.0	0.0
VvuMBEL943_update.xml	obj	R_R635	0.0	optimal	0.0	0.0
VvuMBEL943_update.xml	obj	R_R636	0.0	optimal	0.0	0.0
VvuMBEL943_update.xml	obj	R_R637	0.0	optimal	0.0	0.0
VvuMBEL943_update.xml	obj	R_R638	0.0	optimal	0.0	0.0
VvuMBEL943_update.xml	obj	R_R639	0.0	optimal	0.0	0.0
VvuMBEL943_update.xml	obj	R_R640	0.0	optimal	0.0	0.0
VvuMBEL943_update.xml	obj	R_R641	0.0	optimal	0.0	0.0
VvuMBEL943_update.xml	obj	R_R642	0.0	optimal	0.0	0.0
VvuMBEL943_update.xml	obj	R_R643	0.0	optimal	0.0	0.0
VvuMBEL943_update.xml	obj	R_R644	1.268462	optimal	1.268462	1.268462
VvuMBEL943_update.xml	obj	R_R645	1.268462	optimal	1.268462	1.268462
VvuMBEL943_update.xml	obj	R_R646	1.268462	optimal	1.268462	1.268462
VvuMBEL943_update.xml	obj	R_R647	1.268462	optimal	1.268462	1.268462
VvuMBEL943_update.xml	obj	R_R648	1.268462	optimal	1.268462	1.268462
VvuMBEL943_update.xml	obj	R_R649	3.277679	optimal	3.277679	3.277679
VvuMBEL943_update.xml	obj	R_R650	2.410058	optimal	2.410058	2.410058
VvuMBEL943_update.xml	obj	R_R651	2.410058	optimal	2.410058	2.410058
VvuMBEL943_update.xml	obj	R_R652	2.410058	optimal	2.410058	2.410058
VvuMBEL943_update.xml	obj	R_R653	2.410058	optimal	2.410058	2.410058
VvuMBEL943_update.xml	obj	R_R654	2.410058	optimal	2.410058	2.410058
VvuMBEL943_update.xml	obj	R_R655	2.410058	optimal	2.410058	2.410058
VvuMBEL943_update.xml	obj	R_R656	2.410058	optimal	2.410058	2.410058
VvuMBEL943_update.xml	obj	R_R657	2.410058	optimal	2.410058	2.410058
VvuMBEL943_update.xml	obj	R_R658	2.410058	optimal	2.410058	2.410058
VvuMBEL943_update.xml	obj	R_R659	2.410058	optimal	2.410058	2.410058
VvuMBEL943_update.xml	obj	R_R660	2.410058	optimal	2.410058	2.410058
VvuMBEL943_update.xml	obj	R_R661	0.0	optimal	0.0	0.0
VvuMBEL943_update.xml	obj	R_R662	0.0	optimal	0.0	0.0
VvuMBEL943_update.xml	obj	R_R663	0.0	optimal	0.0	0.0
VvuMBEL943_update.xml	obj	R_R664	0.0	optimal	0.0	0.0
VvuMBEL943_update.xml	obj	R_R665	0.0	optimal	0.0	0.0
VvuMBEL943_update.xml	obj	R_R666	0.0	optimal	0.0	0.0
VvuMBEL943_update.xml	obj	R_R667	0.0	optimal	0.0	0.0
VvuMBEL943_update.xml	obj	R_R668	1.252266	optimal	1.252266	1.252266
VvuMBEL943_update.xml	obj	R_R669	1.252266	optimal	1.252266	1.252266
VvuMBEL943_update.xml	obj	R_R670	1.252266	optimal	1.252266	1.252266
VvuMBEL943_update.xml	obj	R_R671	1.252266	optimal	1.252266	1.252266
VvuMBEL943_update.xml	obj	R_R672	2.504532	optimal	2.504532	2.504532
VvuMBEL943_update.xml	obj	R_R673	2.504532	optimal	2.504532	2.504532
VvuMBEL943_update.xml	obj	R_R674	1.252266	optimal	1.252266	1.252266
VvuMBEL943_update.xml	obj	R_R675	1.252266	optimal	1.252266	1.252266
VvuMBEL943_update.xml	obj	R_R676	0.459839	optimal	0.459839	0.459839
VvuMBEL943_update.xml	obj	R_R677	0.0	optimal	0.0	0.0
VvuMBEL943_update.xml	obj	R_R678	0.0	optimal	0.0	0.0
VvuMBEL943_update.xml	obj	R_R679	2.137239	optimal	2.137239	2.137239
VvuMBEL943_update.xml	obj	R_R680	2.137239	optimal	2.137239	2.137239
VvuMBEL943_update.xml	obj	R_R681	2.137239	optimal	2.137239	2.137239
VvuMBEL943_update.xml	obj	R_R682	0.0	optimal	0.0	0.0
VvuMBEL943_update.xml	obj	R_R683	2.137239	optimal	2.137239	2.137239
VvuMBEL943_update.xml	obj	R_R684	2.137239	optimal	2.137239	2.137239
VvuMBEL943_update.xml	obj	R_R685	0.0	optimal	0.0	0.0
VvuMBEL943_update.xml	obj	R_R686	2.137239	optimal	0.0	2.137239
VvuMBEL943_update.xml	obj	R_R687	0.0	optimal	0.0	2.137239
VvuMBEL943_update.xml	obj	R_R688	0.0	optimal	0.0	2.137239
VvuMBEL943_update.xml	obj	R_R689	0.0	optimal	0.0	0.0
VvuMBEL943_update.xml	obj	R_R690	0.0	optimal	0.0	0.0
VvuMBEL943_update.xml	obj	R_R691	0.0	optimal	0.0	0.0
VvuMBEL943_update.xml	obj	R_R692	0.0	optimal	0.0	0.0
VvuMBEL943_update.xml	obj	R_R693	0.0	optimal	-2.137239	0.0
VvuMBEL943_update.xml	obj	R_R694	0.0	optimal	0.0	0.0
VvuMBEL943_update.xml	obj	R_R695	1.029577	optimal	1.029577	1.029577
VvuMBEL943_update.xml	obj	R_R696	0.0	optimal	0.0	0.0
VvuMBEL943_update.xml	obj	R_R697	1.029577	optimal	1.029577	1.029577
VvuMBEL943_update.xml	obj	R_R698	1.029577	optimal	1.029577	1.029577
VvuMBEL943_update.xml	obj	R_R699	0.0	optimal	0.0	0.0
VvuMBEL943_update.xml	obj	R_R700	0.0	optimal	0.0	0.0
VvuMBEL943_update.xml	obj	R_R701	0.0	optimal	0.0	0.0
VvuMBEL943_update.xml	obj	R_R702	0.0	optimal	0.0	0.0
VvuMBEL943_update.xml	obj	R_R703	1.029577	optimal	1.029577	1.029577
VvuMBEL943_update.xml	obj	R_R704	1.029577	optimal	1.029577	1.029577
VvuMBEL943_update.xml	obj	R_R705	0.0	optimal	0.0	0.0
VvuMBEL943_update.xml	obj	R_R706	0.0	optimal	0.0	0.0
VvuMBEL943_update.xml	obj	R_R707	0.0	optimal	0.0	0.0
VvuMBEL943_update.xml	obj	R_R708	651.878572	optimal	0.0	1000.0
VvuMBEL943_update.xml	obj	R_R709	0.485868	optimal	0.485868	0.485868
VvuMBEL943_update.xml	obj	R_R710	0.0	optimal	0.0	0.0
VvuMBEL943_update.xml	obj	R_R711	0.0	optimal	-1000.0	1000.0
VvuMBEL943_update.xml	obj	R_R712	0.0	optimal	0.0	1000.0
VvuMBEL943_update.xml	obj	R_R713	0.471407	optimal	0.471407	0.471407
VvuMBEL943_update.xml	obj	R_R714	0.471407	optimal	0.471407	0.471407
VvuMBEL943_update.xml	obj	R_R715	0.471407	optimal	0.471407	0.471407
VvuMBEL943_update.xml	obj	R_R716	0.471407	optimal	0.471407	0.471407
VvuMBEL943_update.xml	obj	R_R717	0.0	optimal	0.0	0.0
VvuMBEL943_update.xml	obj	R_R718	0.0	optimal	0.0	0.0
VvuMBEL943_update.xml	obj	R_R719	0.471407	optimal	0.471407	0.471407
VvuMBEL943_update.xml	obj	R_R720	0.471407	optimal	0.471407	0.471407
VvuMBEL943_update.xml	obj	R_R721	0.471407	optimal	0.471407	0.471407
VvuMBEL943_update.xml	obj	R_R722	0.471407	optimal	0.471407	0.471407
VvuMBEL943_update.xml	obj	R_R723	0.0	optimal	0.0	0.0
VvuMBEL943_update.xml	obj	R_R724	0.0	optimal	0.0	0.0
VvuMBEL943_update.xml	obj	R_R725	0.0	optimal	0.0	0.0
VvuMBEL943_update.xml	obj	R_R726	0.0	optimal	0.0	0.0
VvuMBEL943_update.xml	obj	R_R727	0.0	optimal	0.0	0.0
VvuMBEL943_update.xml	obj	R_R728	0.0	optimal	0.0	0.0
VvuMBEL943_update.xml	obj	R_R729	0.0	optimal	0.0	0.0
VvuMBEL943_update.xml	obj	R_R730	0.0	optimal	0.0	0.0
VvuMBEL943_update.xml	obj	R_R731	0.0	optimal	0.0	0.0
VvuMBEL943_update.xml	obj	R_R732	0.812672	optimal	0.812672	0.812672
VvuMBEL943_update.xml	obj	R_R733	0.812672	optimal	0.812672	0.812672
VvuMBEL943_update.xml	obj	R_R734	0.812672	optimal	0.812672	0.812672
VvuMBEL943_update.xml	obj	R_R735	0.0	optimal	0.0	0.0
VvuMBEL943_update.xml	obj	R_R736	0.812672	optimal	0.812672	0.812672
VvuMBEL943_update.xml	obj	R_R737	0.812672	optimal	0.812672	0.812672
VvuMBEL943_update.xml	obj	R_R738	0.0	optimal	0.0	0.0
VvuMBEL943_update.xml	obj	R_R739	0.812672	optimal	0.812672	0.812672
VvuMBEL943_update.xml	obj	R_R740	0.812672	optimal	0.812672	0.812672
VvuMBEL943_update.xml	obj	R_R741	3.391723	optimal	0.0	3.391723
VvuMBEL943_update.xml	obj	R_R742	0.0	optimal	0.0	3.391723
VvuMBEL943_update.xml	obj	R_R743	0.0	optimal	-1000.0	1000.0
VvuMBEL943_update.xml	obj	R_R744	0.0	optimal	-1000.0	1000.0
VvuMBEL943_update.xml	obj	R_R745	0.0	optimal	0.0	3.391723
VvuMBEL943_update.xml	obj	R_R746	0.0	optimal	0.0	3.391723
VvuMBEL943_update.xml	obj	R_R747	0.0	optimal	0.0	0.0
VvuMBEL943_update.xml	obj	R_R748	0.0	optimal	0.0	0.0
VvuMBEL943_update.xml	obj	R_R749	0.0	optimal	-1000.0	1000.0
VvuMBEL943_update.xml	obj	R_R750	0.0	optimal	-1000.0	1000.0
VvuMBEL943_update.xml	obj	R_R751	0.0	optimal	0.0	0.0
VvuMBEL943_update.xml	obj	R_R752	0.0	optimal	0.0	1000.0
VvuMBEL943_update.xml	obj	R_R753	0.0	optimal	0.0	0.0
VvuMBEL943_update.xml	obj	R_R754	-913.796432	optimal	-1000.0	396.113121
VvuMBEL943_update.xml	obj	R_R755	-913.796432	optimal	-1000.0	396.113121
VvuMBEL943_update.xml	obj	R_R756	0.0	optimal	0.0	3.819484
VvuMBEL943_update.xml	obj	R_R757	1.171288	optimal	-2.648196	1.171288
VvuMBEL943_update.xml	obj	R_R758	0.0	optimal	-1000.0	2.579051
VvuMBEL943_update.xml	obj	R_R759	-913.796432	optimal	-1000.0	396.113121
VvuMBEL943_update.xml	obj	R_R760	0.0	optimal	0.0	0.0
VvuMBEL943_update.xml	obj	R_R761	0.0	optimal	0.0	0.0
VvuMBEL943_update.xml	obj	R_R762	0.0	optimal	0.0	0.0
VvuMBEL943_update.xml	obj	R_R763	0.0	optimal	0.0	0.0
VvuMBEL943_update.xml	obj	R_R764	0.0	optimal	0.0	0.0
VvuMBEL943_update.xml	obj	R_R765	0.0	optimal	0.0	0.0
VvuMBEL943_update.xml	obj	R_R766	0.0	optimal	0.0	0.0
VvuMBEL943_update.xml	obj	R_R767	0.0	optimal	0.0	0.0
VvuMBEL943_update.xml	obj	R_R768	0.0	optimal	0.0	0.0
VvuMBEL943_update.xml	obj	R_R769	0.0	optimal	0.0	0.0
VvuMBEL943_update.xml	obj	R_R770	0.0	optimal	0.0	0.0
VvuMBEL943_update.xml	obj	R_R771	0.0	optimal	0.0	0.0
VvuMBEL943_update.xml	obj	R_R772	0.0	optimal	0.0	0.0
VvuMBEL943_update.xml	obj	R_R773	0.0	optimal	0.0	0.0
VvuMBEL943_update.xml	obj	R_R774	0.0	optimal	0.0	0.0
VvuMBEL943_update.xml	obj	R_R775	0.0	optimal	0.0	0.0
VvuMBEL943_update.xml	obj	R_R776	0.0	optimal	0.0	0.0
VvuMBEL943_update.xml	obj	R_R777	0.0	optimal	0.0	0.0
VvuMBEL943_update.xml	obj	R_R778	0.0	optimal	0.0	0.0
VvuMBEL943_update.xml	obj	R_R779	0.0	optimal	0.0	0.0
VvuMBEL943_update.xml	obj	R_R780	0.0	optimal	0.0	0.0
VvuMBEL943_update.xml	obj	R_R781	0.0	optimal	0.0	0.0
VvuMBEL943_update.xml	obj	R_R782	0.0	optimal	0.0	0.0
VvuMBEL943_update.xml	obj	R_R783	1.171288	optimal	1.171288	1.171288
VvuMBEL943_update.xml	obj	R_R784	0.0	optimal	0.0	0.0
VvuMBEL943_update.xml	obj	R_R785	0.0	optimal	0.0	0.0
VvuMBEL943_update.xml	obj	R_R786	0.0	optimal	0.0	0.0
VvuMBEL943_update.xml	obj	R_R787	0.0	optimal	0.0	0.0
VvuMBEL943_update.xml	obj	R_R788	0.0	optimal	0.0	0.0
VvuMBEL943_update.xml	obj	R_R789	0.0	optimal	0.0	0.0
VvuMBEL943_update.xml	obj	R_R790	0.0	optimal	0.0	0.0
VvuMBEL943_update.xml	obj	R_R791	0.0	optimal	0.0	0.0
VvuMBEL943_update.xml	obj	R_R792	0.0	optimal	0.0	0.0
VvuMBEL943_update.xml	obj	R_R793	1.171288	optimal	1.171288	1.171288
VvuMBEL943_update.xml	obj	R_R794	1.171288	optimal	1.171288	1.171288
VvuMBEL943_update.xml	obj	R_R795	1.171288	optimal	1.171288	1.171288
VvuMBEL943_update.xml	obj	R_R796	1.171288	optimal	1.171288	1.171288
VvuMBEL943_update.xml	obj	R_R797	1.171288	optimal	1.171288	1.171288
VvuMBEL943_update.xml	obj	R_R798	1.171288	optimal	1.171288	1.171288
VvuMBEL943_update.xml	obj	R_R799	0.0	optimal	0.0	0.0
VvuMBEL943_update.xml	obj	R_R800	0.0	optimal	0.0	0.0
VvuMBEL943_update.xml	obj	R_R801	53.021277	optimal	53.021277	53.021277
VvuMBEL943_update.xml	obj	R_R802	2.988472	optimal	2.988472	2.988472
VvuMBEL943_update.xml	obj	R_R803	19.762476	optimal	19.762476	19.762476
VvuMBEL943_update.xml	obj	R_R804	8.772611	optimal	8.772611	8.772611
VvuMBEL943_update.xml	obj	R_R805	2.89207	optimal	2.89207	2.89207
VvuMBEL943_update.xml	obj	R_R806	96.402322	optimal	96.402322	96.402322
VvuMBEL943_update.xml	obj	R_R807	0.0	optimal	0.0	0.0
VvuMBEL943_update.xml	obj	R_R808	0.0	optimal	0.0	0.0
VvuMBEL943_update.xml	obj	R_R809	0.0	optimal	0.0	15.056982
VvuMBEL943_update.xml	obj	R_R810	36.243321	optimal	0.0	47.244947
VvuMBEL943_update.xml	obj	R_R811	0.0	optimal	0.0	47.244947
VvuMBEL943_update.xml	obj	R_R812	0.0	optimal	0.0	0.0
VvuMBEL943_update.xml	obj	R_R813	0.0	optimal	0.0	0.0
VvuMBEL943_update.xml	obj	R_R814	0.0	optimal	0.0	0.0
VvuMBEL943_update.xml	obj	R_R815	11.001626	optimal	0.0	47.244947
VvuMBEL943_update.xml	obj	R_R816	0.0	optimal	0.0	0.0
VvuMBEL943_update.xml	obj	R_R817	0.0	optimal	0.0	0.0
VvuMBEL943_update.xml	obj	R_R818	0.0	optimal	0.0	0.0
VvuMBEL943_update.xml	obj	R_R819	0.0	optimal	0.0	88.096395
VvuMBEL943_update.xml	obj	R_R820	0.0	optimal	0.0	88.096395
VvuMBEL943_update.xml	obj	R_R821	1000.0	optimal	1000.0	1000.0
VvuMBEL943_update.xml	obj	R_R822	1000.0	optimal	0.0	1000.0
VvuMBEL943_update.xml	obj	R_R823	-416.814216	optimal	-1000.0	964.44155
VvuMBEL943_update.xml	obj	R_R824	0.0	optimal	0.0	1000.0
VvuMBEL943_update.xml	obj	R_R825	0.0	optimal	0.0	1000.0
VvuMBEL943_update.xml	obj	R_R826	0.0	optimal	0.0	1000.0
VvuMBEL943_update.xml	obj	R_R827	0.0	optimal	0.0	1000.0
VvuMBEL943_update.xml	obj	R_R828	441.53852	optimal	-3.819484	1000.0
VvuMBEL943_update.xml	obj	R_R829	0.0	optimal	0.0	1000.0
VvuMBEL943_update.xml	obj	R_R830	0.0	optimal	0.0	1000.0
VvuMBEL943_update.xml	obj	R_R831	0.0	optimal	0.0	1000.0
VvuMBEL943_update.xml	obj	R_R832	558.46148	optimal	-3.819484	1000.0
VvuMBEL943_update.xml	obj	R_R833	0.0	optimal	0.0	1000.0
VvuMBEL943_update.xml	obj	R_R834	0.0	optimal	0.0	1000.0
VvuMBEL943_update.xml	obj	R_R835	0.0	optimal	0.0	1000.0
VvuMBEL943_update.xml	obj	R_R836	1000.0	optimal	1000.0	1000.0
VvuMBEL943_update.xml	obj	R_R837	0.0	optimal	0.0	0.0
VvuMBEL943_update.xml	obj	R_R838	-0.812672	optimal	-0.812672	-0.812672
VvuMBEL943_update.xml	obj	R_R839	-1000.0	optimal	-1000.0	-1000.0
VvuMBEL943_update.xml	obj	R_R840	-365.920456	optimal	-1000.0	385.871235
VvuMBEL943_update.xml	obj	R_R841	0.0	optimal	-1000.0	1000.0
VvuMBEL943_update.xml	obj	R_R842	0.0	optimal	-1000.0	1000.0
VvuMBEL943_update.xml	obj	R_R843	-1000.0	optimal	-1000.0	1000.0
VvuMBEL943_update.xml	obj	R_R844	0.0	optimal	-1000.0	1000.0
VvuMBEL943_update.xml	obj	R_R845	0.0	optimal	-1000.0	1000.0
VvuMBEL943_update.xml	obj	R_R846	0.0	optimal	0.0	0.0
VvuMBEL943_update.xml	obj	R_R847	0.0	optimal	0.0	0.0
VvuMBEL943_update.xml	obj	R_R848	500.0	optimal	498.090258	1000.0
VvuMBEL943_update.xml	obj	R_R849	421.429728	optimal	-495.139741	1000.0
VvuMBEL943_update.xml	obj	R_R850	-333.333333	optimal	-1000.0	495.139741
VvuMBEL943_update.xml	obj	R_R851	0.0	optimal	0.0	0.0
VvuMBEL943_update.xml	obj	R_R852	0.0	optimal	0.0	0.0
VvuMBEL943_update.xml	obj	R_R853	0.0	optimal	0.0	0.0
VvuMBEL943_update.xml	obj	R_R854	0.0	optimal	0.0	0.0
VvuMBEL943_update.xml	obj	R_R855	0.0	optimal	0.0	0.0
VvuMBEL943_update.xml	obj	R_R856	-673.965923	optimal	-1000.0	1000.0
VvuMBEL943_update.xml	obj	R_R857	0.0	optimal	0.0	0.0
VvuMBEL943_update.xml	obj	R_R858	0.0	optimal	0.0	1000.0
VvuMBEL943_update.xml	obj	R_R859	0.0	optimal	0.0	1000.0
VvuMBEL943_update.xml	obj	R_R860	-20.360171	optimal	-20.360171	979.639829
VvuMBEL943_update.xml	obj	R_R861	0.0	optimal	0.0	0.0
VvuMBEL943_update.xml	obj	R_R862	0.0	optimal	0.0	1000.0
VvuMBEL943_update.xml	obj	R_R863	-23.223319	optimal	-1000.0	976.776681
VvuMBEL943_update.xml	obj	R_R864	0.0	optimal	0.0	0.0
VvuMBEL943_update.xml	obj	R_R865	0.0	optimal	0.0	1000.0
VvuMBEL943_update.xml	obj	R_R866	1000.0	optimal	-385.871235	1000.0
VvuMBEL943_update.xml	obj	R_R867	0.0	optimal	0.0	0.0
VvuMBEL943_update.xml	obj	R_R868	0.0	optimal	0.0	1000.0
VvuMBEL943_update.xml	obj	R_R869	-6.197705	optimal	-6.197705	993.802295
VvuMBEL943_update.xml	obj	R_R870	0.0	optimal	0.0	0.0
VvuMBEL943_update.xml	obj	R_R871	0.0	optimal	0.0	1000.0
VvuMBEL943_update.xml	obj	R_R872	2.410058	optimal	0.0	1000.0
VvuMBEL943_update.xml	obj	R_R873	0.0	optimal	0.0	1000.0
VvuMBEL943_update.xml	obj	R_R874	-41.326519	optimal	-1000.0	958.673481
VvuMBEL943_update.xml	obj	R_R875	0.0	optimal	0.0	0.0
VvuMBEL943_update.xml	obj	R_R876	0.0	optimal	0.0	1000.0
VvuMBEL943_update.xml	obj	R_R877	-31.464947	optimal	-1000.0	1000.0
VvuMBEL943_update.xml	obj	R_R878	0.0	optimal	0.0	0.0
VvuMBEL943_update.xml	obj	R_R879	0.0	optimal	0.0	1000.0
VvuMBEL943_update.xml	obj	R_R880	0.0	optimal	0.0	1000.0
VvuMBEL943_update.xml	obj	R_R881	148.217891	optimal	-933.086531	1000.0
VvuMBEL943_update.xml	obj	R_R882	0.0	optimal	0.0	0.0
VvuMBEL943_update.xml	obj	R_R883	0.0	optimal	0.0	1000.0
VvuMBEL943_update.xml	obj	R_R884	0.0	optimal	0.0	1000.0
VvuMBEL943_update.xml	obj	R_R885	-10.39217	optimal	-10.39217	989.60783
VvuMBEL943_update.xml	obj	R_R886	0.0	optimal	0.0	0.0
VvuMBEL943_update.xml	obj	R_R887	0.0	optimal	0.0	1000.0
VvuMBEL943_update.xml	obj	R_R888	-25.397192	optimal	-25.397192	1000.0
VvuMBEL943_update.xml	obj	R_R889	0.0	optimal	0.0	0.0
VvuMBEL943_update.xml	obj	R_R890	0.0	optimal	0.0	1000.0
VvuMBEL943_update.xml	obj	R_R891	-35.68332	optimal	-35.68332	1000.0
VvuMBEL943_update.xml	obj	R_R892	0.0	optimal	0.0	0.0
VvuMBEL943_update.xml	obj	R_R893	0.0	optimal	0.0	1000.0
VvuMBEL943_update.xml	obj	R_R894	-19.776936	optimal	-1000.0	980.223064
VvuMBEL943_update.xml	obj	R_R895	0.0	optimal	0.0	1000.0
VvuMBEL943_update.xml	obj	R_R896	0.0	optimal	0.0	0.0
VvuMBEL943_update.xml	obj	R_R897	0.0	optimal	0.0	1000.0
VvuMBEL943_update.xml	obj	R_R898	-6.680681	optimal	-6.680681	993.319319
VvuMBEL943_update.xml	obj	R_R899	0.0	optimal	0.0	0.0
VvuMBEL943_update.xml	obj	R_R900	0.0	optimal	0.0	1000.0
VvuMBEL943_update.xml	obj	R_R901	-15.005021	optimal	-516.914764	984.994979
VvuMBEL943_update.xml	obj	R_R902	0.0	optimal	0.0	0.0
VvuMBEL943_update.xml	obj	R_R903	0.0	optimal	0.0	1000.0
VvuMBEL943_update.xml	obj	R_R904	-20.784341	optimal	-1000.0	1000.0
VvuMBEL943_update.xml	obj	R_R905	0.0	optimal	0.0	0.0
VvuMBEL943_update.xml	obj	R_R906	0.0	optimal	0.0	1000.0
VvuMBEL943_update.xml	obj	R_R907	0.0	optimal	0.0	1000.0
VvuMBEL943_update.xml	obj	R_R908	0.0	optimal	-1000.0	1000.0
VvuMBEL943_update.xml	obj	R_R909	0.0	optimal	0.0	0.0
VvuMBEL943_update.xml	obj	R_R910	0.0	optimal	0.0	1000.0
VvuMBEL943_update.xml	obj	R_R911	-687.49344	optimal	-1000.0	1000.0
VvuMBEL943_update.xml	obj	R_R912	0.0	optimal	0.0	0.0
VvuMBEL943_update.xml	obj	R_R913	23.434905	optimal	0.0	1000.0
VvuMBEL943_update.xml	obj	R_R914	-5.779319	optimal	-5.779319	994.220681
VvuMBEL943_update.xml	obj	R_R915	0.0	optimal	0.0	0.0
VvuMBEL943_update.xml	obj	R_R916	0.0	optimal	0.0	1000.0
VvuMBEL943_update.xml	obj	R_R917	-6.097447	optimal	-6.097447	1000.0
VvuMBEL943_update.xml	obj	R_R918	0.0	optimal	0.0	0.0
VvuMBEL943_update.xml	obj	R_R919	0.0	optimal	0.0	1000.0
VvuMBEL943_update.xml	obj	R_R920	-38.222557	optimal	-731.158175	1000.0
VvuMBEL943_update.xml	obj	R_R921	0.0	optimal	0.0	0.0
VvuMBEL943_update.xml	obj	R_R922	0.0	optimal	0.0	1000.0
VvuMBEL943_update.xml	obj	R_R923	-2.410058	optimal	-2.410058	-2.410058
VvuMBEL943_update.xml	obj	R_R924	0.0	optimal	0.0	0.0
VvuMBEL943_update.xml	obj	R_R925	0.0	optimal	-1000.0	0.0
VvuMBEL943_update.xml	obj	R_R926	0.0	optimal	0.0	0.0
VvuMBEL943_update.xml	obj	R_R927	0.0	optimal	0.0	0.0
VvuMBEL943_update.xml	obj	R_R928	0.0	optimal	0.0	0.0
VvuMBEL943_update.xml	obj	R_R929	0.0	optimal	0.0	0.0
VvuMBEL943_update.xml	obj	R_R930	-907.023816	optimal	-1000.0	3.819484
VvuMBEL943_update.xml	obj	R_R931	14.977932	optimal	0.0	19.816269
VvuMBEL943_update.xml	obj	R_R932	16.013968	optimal	16.013968	31.932691
VvuMBEL943_update.xml	obj	R_R933	4.838336	optimal	0.0	19.816269
VvuMBEL943_update.xml	obj	R_R934	2.579051	optimal	0.0	15.918723
VvuMBEL943_update.xml	obj	R_R935	0.0	optimal	0.0	42.835794
VvuMBEL943_update.xml	obj	R_R936	0.0	optimal	0.0	2.579051
VvuMBEL943_update.xml	obj	R_R937	0.0	optimal	0.0	15.918723
VvuMBEL943_update.xml	obj	R_R938	23.019525	optimal	0.0	42.835794
VvuMBEL943_update.xml	obj	R_R939	13.339671	optimal	0.0	15.918723
VvuMBEL943_update.xml	obj	R_R940	0.0	optimal	0.0	0.0
VvuMBEL943_update.xml	obj	R_R941	0.0	optimal	0.0	0.0
VvuMBEL943_update.xml	obj	R_R942	0.0	optimal	0.0	0.0
VvuMBEL943_update.xml	obj	R_R943	0.0	optimal	0.0	0.0
